uii_code,name,region,old_region,province,old_province,city_municipality,old_city_municipality,sector,latitude,longitude,coord_status,is_multi_campus,source_vintage,psgc_observed_region,psgc_observed_province,psgc_observed_municity,psgc_observed_barangay
,AMA Computer College-Cotabato City,BARMM,BARMM,CITY OF COTABATO,CITY OF COTABATO,Cotabato City,Cotabato City,Private Non-Sectarian,7.2216421,124.2513046,valid,False,v1_barmm_backfill,19,19087,1908703,1908703014
,Abubakar Computer Learning Center Foundation,BARMM,BARMM,Tawi-Tawi,Tawi-Tawi,Bongao,Bongao,Private Non-Sectarian,5.0123546,119.7655842,valid,False,v1_barmm_backfill,19,19070,1907002,1907002033
,Academia de Tecnologia in Mindanao,BARMM,BARMM,CITY OF COTABATO,CITY OF COTABATO,Cotabato City,Cotabato City,Private Non-Sectarian,7.2046668,124.2310439,valid,False,v1_barmm_backfill,19,19087,1908703,1908703029
,Adiong Memorial Polytechnic State College,BARMM,BARMM,Lanao Del Sur,Lanao Del Sur,DITSAAN-RAMAIN,DITSAAN-RAMAIN,SUC Main,7.9787345,124.3612369,valid,False,v1_barmm_backfill,19,19036,1903606,1903606048
,Al Bangsamoro Shari'ah and Professional Education College,BARMM,BARMM,Lanao del Sur,Lanao del Sur,Marawi City,Marawi City,Private Non-Sectarian,8.0051434,124.2801452,valid,False,v1_barmm_backfill,19,19036,1903617,1903617141
,Antonio R. Pacheco College,BARMM,BARMM,CITY OF COTABATO,CITY OF COTABATO,Cotabato City,Cotabato City,Private Non-Sectarian,7.217,124.2480011,valid,False,v1_barmm_backfill,19,19087,1908703,1908703020
,As-Salihein Integrated School Foundation,BARMM,BARMM,Lanao del Sur,Lanao del Sur,Tamparan,Tamparan,Private Non-Sectarian,7.8740788,124.3295686,valid,False,v1_barmm_backfill,19,19036,1903626,1903626021
,Asma Khadijah Islamic Academy,BARMM,BARMM,Lanao del Sur,Lanao del Sur,Picong,Picong,Private Non-Sectarian,7.6907181,123.9415518,valid,False,v1_barmm_backfill,19,19036,1903635,1903635024
,Bai Malgen Mama College,BARMM,BARMM,Maguindanao,Maguindanao,DATU ODIN SINSUAT,DATU ODIN SINSUAT,Private Non-Sectarian,7.188889,124.183889,valid,False,v1_barmm_backfill,19,19087,1908705,1908705013
,Balabagan Trade School,BARMM,BARMM,Lanao Del Sur,Lanao Del Sur,Balabagan,Balabagan,Special HEI,7.5099424,124.1382876,valid,False,v1_barmm_backfill,19,19036,1903602,1903602014
,Basilan State College-Lamitan,BARMM,BARMM,Basilan,Basilan,Lamitan City,Lamitan City,SUC Satellite,6.6926507,121.9606911,valid,False,v1_barmm_backfill,09,09901,0990101,0990101047
,Basilan State College-Maluso,BARMM,BARMM,Basilan,Basilan,Maluso,Maluso,SUC Satellite,6.6926507,121.9606911,valid,False,v1_barmm_backfill,09,09901,0990101,0990101047
,Basilan State College-Sta. Clara,BARMM,BARMM,Basilan,Basilan,Lamitan City,Lamitan City,SUC Satellite,6.6926507,121.9606911,valid,False,v1_barmm_backfill,09,09901,0990101,0990101047
,Basilan State College-Tipo-Tipo,BARMM,BARMM,Basilan,Basilan,Tipo-Tipo,Tipo-Tipo,SUC Satellite,6.6926507,121.9606911,valid,False,v1_barmm_backfill,09,09901,0990101,0990101047
,Binnor Pangandaman Integrated College,BARMM,BARMM,Lanao del Sur,Lanao del Sur,Wao,Wao,Private Non-Sectarian,7.6675967,124.7077665,valid,False,v1_barmm_backfill,19,19036,1903630,1903630035
,Bubong Marzok Memorial Foundation College,BARMM,BARMM,Lanao Del Sur,Lanao Del Sur,Marawi City,Marawi City,Private Non-Sectarian,8.001945,124.2873617,valid,False,v1_barmm_backfill,19,19036,1903617,1903617022
,Cali Paramedical College Foundation,BARMM,BARMM,Lanao Del Sur,Lanao Del Sur,Marawi City,Marawi City,Private Non-Sectarian,8.0204892,124.2714321,valid,False,v1_barmm_backfill,19,19036,1903617,1903617044
,Central Sulu College,BARMM,BARMM,Sulu,Sulu,Siasi,Siasi,Private Non-Sectarian,5.5445782,120.8142574,valid,False,v1_barmm_backfill,09,09066,0906612,0906612073
,Coland Systems Technology,BARMM,BARMM,CITY OF COTABATO,CITY OF COTABATO,Cotabato City,Cotabato City,Private Non-Sectarian,7.2164104,124.2450265,valid,False,v1_barmm_backfill,19,19087,1908703,1908703019
,Colegio de Upi,BARMM,BARMM,Maguindanao,Maguindanao,Upi,Upi,Private Non-Sectarian,7.0111525,124.1561129,valid,False,v1_barmm_backfill,19,19087,1908713,1908713016
12008b,Cotabato Foundation College of Science and Technology-Datu Montawal Campus,BARMM,BARMM,Maguindanao,Maguindanao,Pagagawan,Pagagawan,SUC Satellite,7.2105459,124.2440172,valid,False,v1_barmm_backfill,19,19087,1908703,1908703018
12006,Cotabato State University,BARMM,BARMM,CITY OF COTABATO,CITY OF COTABATO,Cotabato City,Cotabato City,SUC Main,7.2120945,124.2452807,valid,False,v1_barmm_backfill,19,19087,1908703,1908703022
,Dansalan Polytechnic College,BARMM,BARMM,Lanao Del Sur,Lanao Del Sur,Marawi City,Marawi City,Private Non-Sectarian,8.0106974,124.2899954,valid,False,v1_barmm_backfill,19,19036,1903617,1903617126
,Datu Blo Umpar Adiong Agricultural School Foundation,BARMM,BARMM,Lanao Del Sur,Lanao Del Sur,Marawi City,Marawi City,Private Non-Sectarian,7.9892902,124.2675433,valid,False,v1_barmm_backfill,19,19036,1903616,1903616071
,Datu Ibrahim Paglas Memorial College,BARMM,BARMM,Maguindanao,Maguindanao,Datu Paglas,Datu Paglas,Private Non-Sectarian,6.76694,124.849999,valid,False,v1_barmm_backfill,19,19088,1908806,1908806014
,Datu Mala Muslim Mindanao Islamic College Foundation,BARMM,BARMM,Lanao del Sur,Lanao del Sur,Marawi City,Marawi City,Private Non-Sectarian,8.0018209,124.2749633,valid,False,v1_barmm_backfill,19,19036,1903617,1903617066
,De La Vida College,BARMM,BARMM,CITY OF COTABATO,CITY OF COTABATO,Cotabato City,Cotabato City,Private Non-Sectarian,7.2205263,124.2517949,valid,False,v1_barmm_backfill,19,19087,1908703,1908703012
,Del Sur Good Shepherd College,BARMM,BARMM,Lanao Del Sur,Lanao Del Sur,Wao,Wao,Private Non-Sectarian,7.6447756,124.7265496,valid,False,v1_barmm_backfill,19,19036,1903630,1903630012
,Dr. P. Ocampo Colleges,BARMM,BARMM,CITY OF COTABATO,CITY OF COTABATO,Cotabato City,Cotabato City,Private Non-Sectarian,7.2095055,124.2474109,valid,False,v1_barmm_backfill,19,19087,1908703,1908703024
,Eastern Kutawato College,BARMM,BARMM,Maguindanao,Maguindanao,Buluan,Buluan,Private Non-Sectarian,6.7161898,124.7923736,valid,False,v1_barmm_backfill,19,19088,1908802,1908802004
,Enthusiastic College,BARMM,BARMM,Maguindanao,Maguindanao,Buldon,Buldon,Private Non-Sectarian,7.3728193,124.4087307,valid,False,v1_barmm_backfill,19,19087,1908702,1908702005
,Gani L. Abpi College,BARMM,BARMM,Maguindanao,Maguindanao,Datu Piang,Datu Piang,Private Non-Sectarian,7.0254773,124.4964046,valid,False,v1_barmm_backfill,19,19088,1908807,1908807005
,General Diamongun K. Mangondato College of Agriculture and Fisheries,BARMM,BARMM,Lanao del Sur,Lanao del Sur,Masiu,Masiu,Private Non-Sectarian,7.8048488,124.3141282,valid,False,v1_barmm_backfill,19,19036,1903618,1903618090
,Hadji Butu School of Arts and Trades,BARMM,BARMM,Sulu,Sulu,JOLO (Capital),JOLO (Capital),Special HEI,5.9691815,121.1252135,valid,False,v1_barmm_backfill,09,09066,0906613,0906613059
,Hadji Datu Saidona Pendatun Foundation College,BARMM,BARMM,Maguindanao,Maguindanao,GEN. S. K. PENDATUN,GEN. S. K. PENDATUN,Private Non-Sectarian,6.8259873,124.7529437,valid,False,v1_barmm_backfill,19,19088,1908811,1908811001
,Hardam Furigay Colleges Foundation,BARMM,BARMM,Basilan,Basilan,Lamitan City,Lamitan City,Private Non-Sectarian,6.6557471,122.1344419,valid,False,v1_barmm_backfill,19,19007,1900702,1900702068
,Headstart College of Cotabato,BARMM,BARMM,CITY OF COTABATO,CITY OF COTABATO,Cotabato City,Cotabato City,Private Non-Sectarian,7.1823052,124.2242221,valid,False,v1_barmm_backfill,19,19087,1908703,1908703032
,Illana Bay Integrated Computer College,BARMM,BARMM,Maguindanao,Maguindanao,Parang,Parang,Private Non-Sectarian,7.3752172,124.2655467,valid,False,v1_barmm_backfill,19,19087,1908709,1908709020
,Iqra Development Academy,BARMM,BARMM,Lanao del Sur,Lanao del Sur,Tamparan,Tamparan,Private Non-Sectarian,7.8725206,124.3365882,valid,False,v1_barmm_backfill,19,19036,1903626,1903626050
,Iranun Foundation College,BARMM,BARMM,Lanao del Sur,Lanao del Sur,Kapatagan,Kapatagan,Private Non-Sectarian,7.4657737,124.1865669,valid,False,v1_barmm_backfill,19,19036,1903639,1903639003
,Jamiat Cotabato and Institute of Technology,BARMM,BARMM,CITY OF COTABATO,CITY OF COTABATO,Cotabato City,Cotabato City,Private Non-Sectarian,7.186547,124.2244311,valid,False,v1_barmm_backfill,19,19087,1908703,1908703032
,Jamiatu Dansalan Al-Islamia Foundation,BARMM,BARMM,Lanao del Sur,Lanao del Sur,Marawi City,Marawi City,Private Non-Sectarian,8.0077394,124.289408,valid,False,v1_barmm_backfill,19,19036,1903617,1903617090
,Jamiatu Marawi Al-Islamia Foundation,BARMM,BARMM,Lanao Del Sur,Lanao Del Sur,Marawi City,Marawi City,Private Non-Sectarian,8.0115593,124.2849917,valid,False,v1_barmm_backfill,19,19036,1903617,1903617072
,Jamiatu Muslim Mindanao,BARMM,BARMM,Lanao Del Sur,Lanao Del Sur,Marawi City,Marawi City,Private Non-Sectarian,8.0115593,124.2849917,valid,False,v1_barmm_backfill,19,19036,1903617,1903617072
,Jamiatul Philippine Al-Islamia,BARMM,BARMM,Lanao Del Sur,Lanao Del Sur,Marawi City,Marawi City,Private Non-Sectarian,8.000129,124.2831667,valid,False,v1_barmm_backfill,19,19036,1903617,1903617009
,Khadijah Mohammad Islamic Academy,BARMM,BARMM,Lanao Del Sur,Lanao Del Sur,Marawi City,Marawi City,Private Non-Sectarian,8.0042836,124.2808337,valid,False,v1_barmm_backfill,19,19036,1903617,1903617141
,Kutawato Darrusalam College,BARMM,BARMM,CITY OF COTABATO,CITY OF COTABATO,Cotabato City,Cotabato City,Private Non-Sectarian,7.2105459,124.2440172,valid,False,v1_barmm_backfill,19,19087,1908703,1908703018
,Lake Lanao College,BARMM,BARMM,Lanao Del Sur,Lanao Del Sur,Marawi City,Marawi City,Private Non-Sectarian,8.0106213,124.297718,valid,False,v1_barmm_backfill,19,19036,1903617,1903617058
,Lamitan Technical Institute,BARMM,BARMM,Basilan,Basilan,Lamitan City,Lamitan City,Private Non-Sectarian,6.6574218,122.1405649,valid,False,v1_barmm_backfill,19,19007,1900702,1900702064
,Lanao Agricultural College,BARMM,BARMM,Lanao Del Sur,Lanao Del Sur,Lumbatan,Lumbatan,Special HEI,7.7844405,124.2552032,valid,False,v1_barmm_backfill,19,19036,1903612,1903612043
,Lanao Central College,BARMM,BARMM,Lanao Del Sur,Lanao Del Sur,Marawi City,Marawi City,Private Non-Sectarian,8.0050364,124.2806496,valid,False,v1_barmm_backfill,19,19036,1903617,1903617141
,Lanao Educational Institute,BARMM,BARMM,Lanao Del Sur,Lanao Del Sur,Malabang,Malabang,Private Non-Sectarian,7.593436,124.0720242,valid,False,v1_barmm_backfill,19,19036,1903615,1903615020
,Lanao Islamic Paramedical College Foundation,BARMM,BARMM,Lanao Del Sur,Lanao Del Sur,Marawi City,Marawi City,Private Non-Sectarian,8.0126954,124.280025,valid,False,v1_barmm_backfill,19,19036,1903617,1903617072
,Lapak Agricultural School,BARMM,BARMM,Sulu,Sulu,Siasi,Siasi,Special HEI,5.5451412,120.8227386,valid,False,v1_barmm_backfill,09,09066,0906612,0906612009
,Mahardika Institute of Technology,BARMM,BARMM,Tawi-Tawi,Tawi-Tawi,Bongao,Bongao,Private Non-Sectarian,5.1041799,119.8119965,valid,False,v1_barmm_backfill,,,,
,Mapandi Memorial College,BARMM,BARMM,Lanao Del Sur,Lanao Del Sur,Marawi City,Marawi City,Private Non-Sectarian,8.007333,124.2918556,valid,False,v1_barmm_backfill,19,19036,1903617,1903617058
,Maranao Islamic Institute - Ma'Had Maranao Al-Islamie,BARMM,BARMM,Lanao del Sur,Lanao del Sur,Tamparan,Tamparan,Private Non-Sectarian,7.8689757,124.3339642,valid,False,v1_barmm_backfill,19,19036,1903626,1903626050
,Marawi Capitol College Foundation,BARMM,BARMM,Lanao Del Sur,Lanao Del Sur,Marawi City,Marawi City,Private Non-Sectarian,7.917188,124.207549,valid,False,v1_barmm_backfill,19,19036,1903603,1903603056
,Marawi Islamic College,BARMM,BARMM,Lanao Del Sur,Lanao Del Sur,Marawi City,Marawi City,Private Non-Sectarian,8.0126954,124.280025,valid,False,v1_barmm_backfill,19,19036,1903617,1903617072
,Mariam School of Nursing,BARMM,BARMM,Basilan,Basilan,Lamitan City,Lamitan City,Private Non-Sectarian,6.66152,122.1060028,valid,False,v1_barmm_backfill,19,19007,1900702,1900702050
,Masiricampo Abantas Memorial Educational Center,BARMM,BARMM,Lanao Del Sur,Lanao Del Sur,Marawi City,Marawi City,Private Non-Sectarian,8.0034179,124.2791398,valid,False,v1_barmm_backfill,19,19036,1903617,1903617141
,Mindanao Autonomous College Foundation,BARMM,BARMM,Basilan,Basilan,Lamitan City,Lamitan City,Private Non-Sectarian,6.66152,122.106003,valid,False,v1_barmm_backfill,19,19007,1900702,1900702050
,Mindanao Autonomous College Foundation-Maluso,BARMM,BARMM,Basilan,Basilan,Maluso,Maluso,Private Non-Sectarian,6.5398734,121.877966,valid,False,v1_barmm_backfill,19,19007,1900704,1900704013
,Mindanao Capitol College,BARMM,BARMM,CITY OF COTABATO,CITY OF COTABATO,Cotabato City,Cotabato City,Private Non-Sectarian,7.2257479,124.2462921,valid,False,v1_barmm_backfill,19,19087,1908703,1908703015
,Mindanao Institute of Healthcare Professionals,BARMM,BARMM,Lanao Del Sur,Lanao Del Sur,Marawi City,Marawi City,Private Non-Sectarian,8.0033753,124.2843708,valid,False,v1_barmm_backfill,19,19036,1903617,1903617048
,Mindanao Islamic Computer College,BARMM,BARMM,Lanao Del Sur,Lanao Del Sur,Marawi City,Marawi City,Private Non-Sectarian,8.0177913,124.2748825,valid,False,v1_barmm_backfill,19,19036,1903617,1903617013
,Mindanao State University-Lanao National College of Arts and Trades,BARMM,BARMM,Lanao Del Sur,Lanao Del Sur,Marawi City,Marawi City,SUC Satellite,8.0061417,124.2906635,valid,False,v1_barmm_backfill,19,19036,1903617,1903617090
,Mindanao State University-Maguindanao,BARMM,BARMM,Maguindanao,Maguindanao,DATU ODIN SINSUAT,DATU ODIN SINSUAT,SUC Satellite,7.0147241,124.3220143,valid,False,v1_barmm_backfill,19,19087,1908705,1908705012
,Mindanao State University-Main Campus Marawi City,BARMM,BARMM,Lanao Del Sur,Lanao Del Sur,Marawi City,Marawi City,SUC Main,7.9976116,124.2618724,valid,False,v1_barmm_backfill,19,19036,1903617,1903617039
,Mindanao State University-Sulu Development Technical College,BARMM,BARMM,Sulu,Sulu,JOLO (Capital),JOLO (Capital),SUC Satellite,6.0471219,121.0155181,valid,False,v1_barmm_backfill,09,09066,0906611,0906611014
,Mindanao State University-Tawi-Tawi College of Technology and Oceanography,BARMM,BARMM,Tawi-Tawi,Tawi-Tawi,Bongao,Bongao,SUC Satellite,5.0386419,119.7437846,valid,False,v1_barmm_backfill,19,19070,1907002,1907002030
,Mindanaoan Integrated Academy,BARMM,BARMM,Lanao del Sur,Lanao del Sur,Wao,Wao,Private Non-Sectarian,7.6172999,124.7215828,valid,False,v1_barmm_backfill,19,19036,1903630,1903630007
,Muslim Mindanao Integrated College Academy,BARMM,BARMM,Lanao del Sur,Lanao del Sur,Marawi City,Marawi City,Private Non-Sectarian,7.9995751,124.2844476,valid,False,v1_barmm_backfill,19,19036,1903617,1903617045
,Notre Dame Center For Catechesis,BARMM,BARMM,CITY OF COTABATO,CITY OF COTABATO,Cotabato City,Cotabato City,Private Non-Sectarian,7.217596,124.245812,valid,False,v1_barmm_backfill,19,19087,1908703,1908703022
,Notre Dame Hospital and School of Midwifery,BARMM,BARMM,CITY OF COTABATO,CITY OF COTABATO,Cotabato City,Cotabato City,Private Non-Sectarian,7.1980929,124.2376807,valid,False,v1_barmm_backfill,19,19087,1908703,1908703023
,Notre Dame RVM College of Cotabato,BARMM,BARMM,CITY OF COTABATO,CITY OF COTABATO,Cotabato City,Cotabato City,Private Non-Sectarian,7.2144627,124.2438659,valid,False,v1_barmm_backfill,19,19087,1908703,1908703031
,Notre Dame University,BARMM,BARMM,CITY OF COTABATO,CITY OF COTABATO,Cotabato City,Cotabato City,Private Non-Sectarian,7.2151947,124.2496814,valid,False,v1_barmm_backfill,19,19087,1908703,1908703021
,Notre Dame of Jolo College,BARMM,BARMM,Sulu,Sulu,JOLO (Capital),JOLO (Capital),Private Non-Sectarian,6.0547569,121.0050627,valid,False,v1_barmm_backfill,09,09066,0906602,0906602003
,Pacasum College,BARMM,BARMM,Lanao Del Sur,Lanao Del Sur,Marawi City,Marawi City,Private Non-Sectarian,7.999128,124.2911,valid,False,v1_barmm_backfill,19,19036,1903617,1903617062
,Parang Foundation College,BARMM,BARMM,Maguindanao,Maguindanao,Parang,Parang,Private Non-Sectarian,7.333333,124.316667,valid,False,v1_barmm_backfill,19,19087,1908709,1908709007
,Philippine Engineering and Agro-Industrial College,BARMM,BARMM,Lanao Del Sur,Lanao Del Sur,Marawi City,Marawi City,Private Non-Sectarian,8.0046369,124.2564348,valid,False,v1_barmm_backfill,19,19036,1903617,1903617025
,Philippine Last Frontier College,BARMM,BARMM,Tawi-Tawi,Tawi-Tawi,Bongao,Bongao,Private Non-Sectarian,5.1041783,119.8120795,valid,False,v1_barmm_backfill,,,,
,Philippine Muslim Teachers' College,BARMM,BARMM,Lanao Del Sur,Lanao Del Sur,Marawi City,Marawi City,Private Non-Sectarian,8.00179,124.282733,valid,False,v1_barmm_backfill,19,19036,1903617,1903617048
,RC-Al Khwarizmi International College Foundation,BARMM,BARMM,Lanao Del Sur,Lanao Del Sur,Marawi City,Marawi City,Private Non-Sectarian,8.001377,124.2712012,valid,False,v1_barmm_backfill,19,19036,1903617,1903617066
,Regional Madrasah Graduate Academy,BARMM,BARMM,Maguindanao,Maguindanao,Buluan,Buluan,Special HEI,6.8666701,124.75,valid,False,v1_barmm_backfill,19,19088,1908811,1908811001
,SAL Foundation College,BARMM,BARMM,Maguindanao,Maguindanao,Parang,Parang,Private Non-Sectarian,7.3863555,124.2604628,valid,False,v1_barmm_backfill,19,19087,1908709,1908709014
,SPA College,BARMM,BARMM,Maguindanao,Maguindanao,Datu Piang,Datu Piang,Private Non-Sectarian,7.03333,124.5,valid,False,v1_barmm_backfill,19,19999,1999904,1999904006
,STI College-Cotabato,BARMM,BARMM,CITY OF COTABATO,CITY OF COTABATO,Cotabato City,Cotabato City,Private Non-Sectarian,7.2257957,124.2466317,valid,False,v1_barmm_backfill,19,19087,1908703,1908703015
,Saffrullah M. Dipatuan Foundation Academy,BARMM,BARMM,Lanao Del Sur,Lanao Del Sur,Marawi City,Marawi City,Private Non-Sectarian,7.99826,124.2809982,valid,False,v1_barmm_backfill,19,19036,1903617,1903617079
,Senator Ninoy Aquino College Foundation-Marawi,BARMM,BARMM,Lanao Del Sur,Lanao Del Sur,Marawi City,Marawi City,Private Non-Sectarian,8.0057884,124.3163357,valid,False,v1_barmm_backfill,19,19036,1903617,1903617052
,Shariff Kabunsuan College,BARMM,BARMM,CITY OF COTABATO,CITY OF COTABATO,Cotabato City,Cotabato City,Private Non-Sectarian,7.2218289,124.2343641,valid,False,v1_barmm_backfill,19,19087,1908703,1908703002
,Shariff Kabunsuan College (Annex),BARMM,BARMM,Maguindanao,Maguindanao,Parang,Parang,Private Non-Sectarian,7.333333,124.316667,valid,False,v1_barmm_backfill,19,19087,1908709,1908709007
,South Upi College,BARMM,BARMM,Maguindanao,Maguindanao,South Upi,South Upi,Private Non-Sectarian,6.8510318,124.1976882,valid,False,v1_barmm_backfill,19,19088,1908822,1908822010
,Southwestern Mindanao Islamic Institute,BARMM,BARMM,Sulu,Sulu,JOLO (Capital),JOLO (Capital),Private Non-Sectarian,6.052749,120.9991182,valid,False,v1_barmm_backfill,09,09066,0906602,0906602010
,St. Benedict College of Cotabato,BARMM,BARMM,CITY OF COTABATO,CITY OF COTABATO,Cotabato City,Cotabato City,Private Non-Sectarian,7.1961639,124.243518,valid,False,v1_barmm_backfill,19,19087,1908703,1908703023
,St. Benedict College of Maguindanao,BARMM,BARMM,Maguindanao,Maguindanao,Parang,Parang,Private Non-Sectarian,7.3331287,124.2310439,valid,False,v1_barmm_backfill,19,19087,1908709,1908709010
,Sultan Kudarat Islamic Academy Foundation College,BARMM,BARMM,Maguindanao,Maguindanao,SULTAN KUDARAT (NULING),SULTAN KUDARAT (NULING),Private Non-Sectarian,7.2319424,124.252471,valid,False,v1_barmm_backfill,19,19087,1908710,1908710006
,Sulu College of Technology,BARMM,BARMM,Sulu,Sulu,Indanan,Indanan,Private Non-Sectarian,6.0495114,120.9976338,valid,False,v1_barmm_backfill,09,09066,0906602,0906602009
,Sulu State College,BARMM,BARMM,Sulu,Sulu,JOLO (Capital),JOLO (Capital),SUC Main,6.0508818,121.0128942,valid,False,v1_barmm_backfill,09,09066,0906611,0906611014
,Tamparan Populace Islamic College,BARMM,BARMM,Lanao del Sur,Lanao del Sur,Tamparan,Tamparan,Private Non-Sectarian,7.8725206,124.3365882,valid,False,v1_barmm_backfill,19,19036,1903626,1903626050
,Tawi-Tawi Regional Agricultural College,BARMM,BARMM,Tawi-Tawi,Tawi-Tawi,Bongao,Bongao,SUC Main,5.0250618,119.7603174,valid,False,v1_barmm_backfill,19,19070,1907002,1907002045
,Tawi-Tawi Regional Agricultural College - Languyan,BARMM,BARMM,Tawi-Tawi,Tawi-Tawi,Languyan,Languyan,SUC Satellite,5.104153,119.81202,valid,False,v1_barmm_backfill,,,,
,Tawi-Tawi Regional Agricultural College - Sibutu,BARMM,BARMM,Tawi-Tawi,Tawi-Tawi,Sibutu,Sibutu,SUC Satellite,4.7814149,119.4759634,valid,False,v1_barmm_backfill,19,19070,1907011,1907011008
,Tawi-Tawi Regional Agricultural College - Tarawakan,BARMM,BARMM,Tawi-Tawi,Tawi-Tawi,Bongao,Bongao,SUC Satellite,5.0250618,119.7603174,valid,False,v1_barmm_backfill,19,19070,1907002,1907002045
,Tawi-Tawi Regional Agricultural College-Simunul,BARMM,BARMM,Tawi-Tawi,Tawi-Tawi,Simunul,Simunul,SUC Satellite,5.0250618,119.7603174,valid,False,v1_barmm_backfill,19,19070,1907002,1907002045
,Tawi-Tawi School of Midwifery,BARMM,BARMM,Tawi-Tawi,Tawi-Tawi,Bongao,Bongao,Private Non-Sectarian,5.031389,119.773374,valid,False,v1_barmm_backfill,19,19070,1907002,1907002027
,Unda Memorial National Agricultural School,BARMM,BARMM,Lanao Del Sur,Lanao Del Sur,Masiu,Masiu,Special HEI,7.8166667,124.3166667,valid,False,v1_barmm_backfill,19,19036,1903618,1903618003
,Universal College Foundation of Southeast Asia and the Pacific,BARMM,BARMM,Basilan,Basilan,Lamitan City,Lamitan City,Private Non-Sectarian,6.661519,122.1064668,valid,False,v1_barmm_backfill,19,19007,1900702,1900702050
15059,University of Southern Mindanao - Buluan,BARMM,BARMM,Maguindanao,Maguindanao,Buluan,Buluan,SUC Satellite,6.7432665,124.8016945,valid,False,v1_barmm_backfill,19,19088,1908818,1908818001
,Upi Agricultural School-Provincial Technical Institute of Agriculture,BARMM,BARMM,Maguindanao,Maguindanao,Upi,Upi,Special HEI,6.8333302,124.1500015,valid,False,v1_barmm_backfill,19,19088,1908822,1908822010
,Wisdom International School for Higher Education Studies,BARMM,BARMM,Lanao Del Sur,Lanao Del Sur,Marawi City,Marawi City,Private Non-Sectarian,8.0026949,124.291901,valid,False,v1_barmm_backfill,19,19036,1903617,1903617124
14040,AMA Computer College-Baguio,CAR,14 - Cordillera Adm. Region,Benguet,Benguet,Baguio City,Baguio City,Private Non-Sectarian,16.40193,120.59453,valid,False,v2,14,14303,1430300,1430300119
14001,Abra State Institute of Science and Technology-Bangued,CAR,14 - Cordillera Adm. Region,Abra,Abra,Bangued,Bangued,SUC Satellite,17.60208391,120.6141754,valid,False,v2,14,14001,1400101,1400101026
14002,Abra State Institute of Science and Technology-Main,CAR,14 - Cordillera Adm. Region,Abra,Abra,Lagangilang,Lagangilang,SUC Main,17.61331,120.73598,valid,False,v2,14,14001,1400110,1400110013
14003,Abra Valley Colleges,CAR,14 - Cordillera Adm. Region,Abra,Abra,Bangued,Bangued,Private Non-Sectarian,17.69665,120.61709,valid,False,v2,14,14001,1400106,1400106005
14031,Apayao State College-Luna,CAR,14 - Cordillera Adm. Region,Apayao,Apayao,Luna,Luna,SUC Satellite,18.33234,121.37795,valid,False,v2,14,14081,1408105,1408105021
14004,Apayao State College-Main,CAR,14 - Cordillera Adm. Region,Apayao,Apayao,Conner,Conner,SUC Main,17.80874836,121.2946238,valid,False,v2,14,14081,1408102,1408102010
14053,BSBT College,CAR,14 - Cordillera Adm. Region,Benguet,Benguet,Baguio City,Baguio City,Private Non-Sectarian,16.42998,120.59655,valid,False,v2,14,14303,1430300,1430300139
14037,BVS College,CAR,14 - Cordillera Adm. Region,Benguet,Benguet,La Trinidad,La Trinidad,Private Non-Sectarian,16.44867,120.59001,valid,False,v2,14,14011,1401110,1401110011
14005,Baguio Central University,CAR,14 - Cordillera Adm. Region,Benguet,Benguet,Baguio City,Baguio City,Private Non-Sectarian,16.41751,120.59651,valid,False,v2,14,14303,1430300,1430300125
14036,Baguio College of Technology,CAR,14 - Cordillera Adm. Region,Benguet,Benguet,Baguio City,Baguio City,Private Non-Sectarian,16.41261,120.59777,valid,False,v2,14,14303,1430300,1430300142
14007,Benguet State University-Bokod Campus,CAR,14 - Cordillera Adm. Region,Benguet,Benguet,Bokod,Bokod,SUC Satellite,16.51972,120.83275,valid,False,v2,14,14011,1401104,1401104004
14009,Benguet State University-Buguias Campus,CAR,14 - Cordillera Adm. Region,Benguet,Benguet,Buguias,Buguias,SUC Satellite,16.79057,120.83187,valid,False,v2,14,14011,1401105,1401105010
14008,Benguet State University-Main,CAR,14 - Cordillera Adm. Region,Benguet,Benguet,La Trinidad,La Trinidad,SUC Main,16.45199,120.59083,valid,False,v2,14,14011,1401110,1401110005
14008a,Benguet State University-Open University,CAR,14 - Cordillera Adm. Region,Benguet,Benguet,La Trinidad,La Trinidad,SUC Satellite,16.44968,120.59076,valid,False,v2,14,14011,1401110,1401110005
14024,Casiciaco Recoletos Seminary,CAR,14 - Cordillera Adm. Region,Benguet,Benguet,Baguio City,Baguio City,Private Sectarian,16.41236,120.57971,valid,False,v2,14,14303,1430300,1430300098
14039,Cordillera A+ Computer Technology College,CAR,14 - Cordillera Adm. Region,Kalinga,Kalinga,Tabuk City,Tabuk City,Private Non-Sectarian,17.47084,121.46389,valid,False,v2,14,14032,1403213,1403213037
14010,Cordillera Career Development College,CAR,14 - Cordillera Adm. Region,Benguet,Benguet,La Trinidad,La Trinidad,Private Non-Sectarian,16.45708,120.57741,valid,False,v2,14,14011,1401110,1401110012
14045,Data Center College of the Philippines of Baguio City,CAR,14 - Cordillera Adm. Region,Benguet,Benguet,Baguio City,Baguio City,Private Non-Sectarian,16.41523,120.59947,valid,False,v2,14,14303,1430300,1430300047
14042,Data Center College of the Philippines of Bangued-Abra,CAR,14 - Cordillera Adm. Region,Abra,Abra,Bangued,Bangued,Private Non-Sectarian,17.58538,120.61747,valid,False,v2,14,14001,1400101,1400101012
14011,Divine Word College of Bangued,CAR,14 - Cordillera Adm. Region,Abra,Abra,Bangued,Bangued,Private Non-Sectarian,17.59463,120.61635,valid,False,v2,14,14001,1400101,1400101029
14028,Easter College,CAR,14 - Cordillera Adm. Region,Benguet,Benguet,Baguio City,Baguio City,Private Non-Sectarian,16.42381,120.58711,valid,False,v2,14,14303,1430300,1430300042
14069,"Grace Bible Integrated Academy, Inc.",CAR,14 - Cordillera Adm. Region,Benguet,Benguet,Baguio City,Baguio City,Private Sectarian,16.41828,120.61631,valid,False,v2,14,14303,1430300,1430300082
14012,Ifugao State University - Lagawe Campus,CAR,14 - Cordillera Adm. Region,Ifugao,Ifugao,Lagawe,Lagawe,SUC Satellite,16.800496,121.113655,valid,False,v2,14,14027,1402704,1402704028
14013,Ifugao State University - Main,CAR,14 - Cordillera Adm. Region,Ifugao,Ifugao,Lamut,Lamut,SUC Main,16.717642,121.172558,valid,False,v2,14,14027,1402705,1402705009
14014,Ifugao State University - Potia,CAR,14 - Cordillera Adm. Region,Ifugao,Ifugao,Alfonso Lista,Alfonso Lista,SUC Satellite,16.88454,121.466734,valid,False,v2,14,14027,1402707,1402707011
14034,Ifugao State University - Tinoc,CAR,14 - Cordillera Adm. Region,Ifugao,Ifugao,Tinoc,Tinoc,SUC Satellite,16.68283,120.9328,valid,False,v2,14,14027,1402710,1402710007
14066,Ifugao State University-Aguinaldo,CAR,14 - Cordillera Adm. Region,Ifugao,Ifugao,Aguinaldo,Aguinaldo,SUC Satellite,17.013641,121.314919,valid,False,v2,14,14027,1402708,1402708009
14065,Ifugao State University-Hapao,CAR,14 - Cordillera Adm. Region,Ifugao,Ifugao,Hugduan,Hugduan,SUC Satellite,16.86962,121.00882,valid,False,v2,14,14027,1402702,1402702019
14062,International School of Asia and the Pacific,CAR,14 - Cordillera Adm. Region,Kalinga,Kalinga,Tabuk City,Tabuk City,Private Non-Sectarian,17.42552,121.47759,valid,False,v2,14,14032,1403213,1403213042
14029,Kalinga State University-Dagupan,CAR,14 - Cordillera Adm. Region,Kalinga,Kalinga,Tabuk City,Tabuk City,SUC Satellite,17.47087,121.46507,valid,False,v2,14,14032,1403213,1403213037
14015,Kalinga State University-Main,CAR,14 - Cordillera Adm. Region,Kalinga,Kalinga,Tabuk City,Tabuk City,SUC Main,17.40190689,121.4402544,valid,False,v2,14,14032,1403213,1403213008
14058,Kalinga State University-Rizal,CAR,14 - Cordillera Adm. Region,Kalinga,Kalinga,Rizal,Rizal,SUC Satellite,17.54280661,121.5762265,valid,False,v2,14,14032,1403211,1403211016
14032,Keystone College,CAR,14 - Cordillera Adm. Region,Benguet,Benguet,Baguio City,Baguio City,Private Non-Sectarian,16.39986,120.58426,valid,False,v2,14,14303,1430300,1430300004
14050,King's College of the Philippines-Benguet,CAR,14 - Cordillera Adm. Region,Benguet,Benguet,La Trinidad,La Trinidad,Private Non-Sectarian,16.44539,120.58731,valid,False,v2,14,14011,1401110,1401110011
14017,Mountain Province State University-Main,CAR,14 - Cordillera Adm. Region,Mountain Province,Mountain Province,Bontoc,Bontoc,SUC Main,17.09178,120.97754,valid,False,v2,14,14044,1404404,1404404016
14019,Mountain Province State University-Tadian,CAR,14 - Cordillera Adm. Region,Mountain Province,Mountain Province,Tadian,Tadian,SUC Satellite,16.99822,120.81246,valid,False,v2,14,14044,1404410,1404410017
14070,Philippine Baptist Theological Seminary Inc.,CAR,14 - Cordillera Adm. Region,Benguet,Benguet,Baguio City,Baguio City,Private Sectarian,16.42332,120.58438,valid,False,v2,14,14303,1430300,1430300042
14063,Philippine College of Ministry,CAR,14 - Cordillera Adm. Region,Benguet,Benguet,La Trinidad,La Trinidad,Private Non-Sectarian,16.44241,120.55323,valid,False,v2,14,14011,1401110,1401110013
14016,Philippine Nazarene College,CAR,14 - Cordillera Adm. Region,Benguet,Benguet,La Trinidad,La Trinidad,Private Sectarian,16.44425,120.57999,valid,False,v2,14,14011,1401110,1401110011
14020,Pines City Colleges,CAR,14 - Cordillera Adm. Region,Benguet,Benguet,Baguio City,Baguio City,Private Non-Sectarian,16.42625,120.59482,valid,False,v2,14,14303,1430300,1430300139
14059,Remnant International College,CAR,14 - Cordillera Adm. Region,Benguet,Benguet,Baguio City,Baguio City,Private Non-Sectarian,16.38922,120.59949,valid,False,v2,14,14303,1430300,1430300017
14035,STI College-Baguio,CAR,14 - Cordillera Adm. Region,Benguet,Benguet,Baguio City,Baguio City,Private Non-Sectarian,16.42118,120.59812,valid,False,v2,14,14303,1430300,1430300076
14021,Saint Louis College of Bulanao,CAR,14 - Cordillera Adm. Region,Kalinga,Kalinga,Tabuk City,Tabuk City,Private Sectarian,17.41073,121.44591,valid,False,v2,14,14032,1403213,1403213008
14022,Saint Louis University,CAR,14 - Cordillera Adm. Region,Benguet,Benguet,Baguio City,Baguio City,Private Sectarian,16.41921,120.59712,valid,False,v2,14,14303,1430300,1430300125
14051,Saint Tonis College,CAR,14 - Cordillera Adm. Region,Kalinga,Kalinga,Tabuk City,Tabuk City,Private Sectarian,17.44938,121.45771,valid,False,v2,14,14032,1403213,1403213003
14023,San Pablo Major Seminary,CAR,14 - Cordillera Adm. Region,Benguet,Benguet,Baguio City,Baguio City,Private Non-Sectarian,16.39861,120.57782,valid,False,v2,14,14303,1430300,1430300004
14068,Star College,CAR,14 - Cordillera Adm. Region,Benguet,Benguet,La Trinidad,La Trinidad,Private Non-Sectarian,16.44656,120.58775,valid,False,v2,14,14011,1401110,1401110011
14067,Theological Foundation for Asia (Asia Pacific Theological Seminary),CAR,14 - Cordillera Adm. Region,Benguet,Benguet,Baguio City,Baguio City,Private Non-Sectarian,16.42811,120.62373,valid,False,v2,14,14303,1430300,1430300072
14026,University of Baguio,CAR,14 - Cordillera Adm. Region,Benguet,Benguet,Baguio City,Baguio City,Private Non-Sectarian,16.41533,120.59785,valid,False,v2,14,14303,1430300,1430300039
14006,University of the Cordilleras,CAR,14 - Cordillera Adm. Region,Benguet,Benguet,Baguio City,Baguio City,Private Non-Sectarian,16.40877,120.59781,valid,False,v2,14,14303,1430300,1430300106
14027,University of the Philippines-Baguio,CAR,14 - Cordillera Adm. Region,Benguet,Benguet,Baguio City,Baguio City,SUC Satellite,16.40582934,120.5985355,valid,False,v2,14,14303,1430300,1430300071
14054,Xijen College of Mt. Province,CAR,14 - Cordillera Adm. Region,Mountain Province,Mountain Province,Bontoc,Bontoc,Private Sectarian,17.09305,120.97687,valid,False,v2,14,14044,1404404,1404404017
16019,ACLC College of Butuan City,CARAGA,16 - Caraga,Agusan Del Norte,Agusan Del Norte,Butuan City,Butuan City,Private Non-Sectarian,8.9438,125.5231,valid,False,v2,16,16304,1630400,1630400020
10004,Agusan Colleges,CARAGA,16 - Caraga,Agusan Del Norte,Agusan Del Norte,Butuan City,Butuan City,Private Non-Sectarian,8.56488,125.3242,valid,False,v2,16,16003,1600303,1600303048
10006,Agusan Del Sur State University,CARAGA,16 - Caraga,Agusan Del Sur,Agusan Del Sur,Bunawan,Bunawan,SUC Main,8.169291381,126.0035111,valid,False,v2,16,16003,1600302,1600302010
16033,Agusan Del Sur State University - Trento Campus,CARAGA,16 - Caraga,Agusan Del Sur,Agusan Del Sur,Trento,Trento,SUC Satellite,8.043663981,126.063909,valid,False,v2,16,16003,1600312,1600312006
10005,Agusan del Sur College,CARAGA,16 - Caraga,Agusan Del Sur,Agusan Del Sur,Bayugan City,Bayugan City,Private Non-Sectarian,8.71551,125.745,valid,False,v2,16,16003,1600301,1600301016
11003,Andres Soriano Colleges of Bislig,CARAGA,16 - Caraga,Surigao Del Sur,Surigao Del Sur,Bislig City,Bislig City,Private Non-Sectarian,8.18394,126.359,valid,False,v2,16,16068,1606803,1606803009
10010,Asian College Foundation,CARAGA,16 - Caraga,Agusan Del Norte,Agusan Del Norte,Butuan City,Butuan City,Private Non-Sectarian,8.94397,125.518,valid,False,v2,16,16304,1630400,1630400054
16018,Bucas Grande Foundation College,CARAGA,16 - Caraga,Surigao Del Norte,Surigao Del Norte,Socorro,Socorro,Private Non-Sectarian,9.61764,125.937,valid,False,v2,16,16067,1606723,1606723005
10015,Butuan City Colleges,CARAGA,16 - Caraga,Agusan Del Norte,Agusan Del Norte,Butuan City,Butuan City,Private Non-Sectarian,8.945383575,125.5406487,valid,False,v2,16,16304,1630400,1630400038
10016,Butuan Doctors' College,CARAGA,16 - Caraga,Agusan Del Norte,Agusan Del Norte,Butuan City,Butuan City,Private Non-Sectarian,8.94383,125.522,valid,False,v2,16,16304,1630400,1630400020
16026,Candelaria Institute of Technology of Cabadbaran,CARAGA,16 - Caraga,Agusan Del Norte,Agusan Del Norte,Cabadbaran City,Cabadbaran City,Private Sectarian,9.12389,125.532,valid,False,v2,16,16002,1600203,1600203026
16004,Caraga Institute of Technology,CARAGA,16 - Caraga,Agusan Del Norte,Agusan Del Norte,Kitcharao,Kitcharao,Private Non-Sectarian,9.45896,125.576,valid,False,v2,16,16002,1600206,1600206011
16032,Caraga School of Business,CARAGA,16 - Caraga,Agusan Del Sur,Agusan Del Sur,Bayugan City,Bayugan City,Private Non-Sectarian,8.7135383,125.7483413,valid,False,v2,16,16003,1600301,1600301016
10058,Caraga State University-Cabadbaran Campus,CARAGA,16 - Caraga,Agusan Del Norte,Agusan Del Norte,Cabadbaran City,Cabadbaran City,SUC Satellite,9.117517229,125.5349564,valid,False,v2,16,16002,1600203,1600203023
10060,Caraga State University-Main Campus,CARAGA,16 - Caraga,Agusan Del Norte,Agusan Del Norte,Butuan City,Butuan City,SUC Main,8.957562074,125.5975038,valid,False,v2,16,16304,1630400,1630400007
16005,De La Salle John Bosco College,CARAGA,16 - Caraga,Surigao Del Sur,Surigao Del Sur,Bislig City,Bislig City,Private Sectarian,8.18035,126.35425,valid,False,v2,16,16068,1606803,1606803009
10026,Don Jose Ecleo Memorial College,CARAGA,16 - Caraga,Dinagat Islands,Dinagat Islands,San Jose,San Jose,Private Non-Sectarian,10.0254,125.5987,valid,False,v2,16,16085,1608506,1608506002
10027,Elisa R. Ochoa Memorial Northern Mindanao School of Midwifery,CARAGA,16 - Caraga,Agusan Del Norte,Agusan Del Norte,Butuan City,Butuan City,Private Non-Sectarian,8.947761,125.545157,valid,False,v2,16,16304,1630400,1630400089
10090,Father Saturnino Urios University,CARAGA,16 - Caraga,Agusan Del Norte,Agusan Del Norte,Butuan City,Butuan City,Private Sectarian,8.94733,125.542,valid,False,v2,16,16304,1630400,1630400038
16021,Hinatuan Southern College,CARAGA,16 - Caraga,Surigao Del Sur,Surigao Del Sur,Hinatuan,Hinatuan,LUC with Institutional Recognition,8.3689,126.334,valid,False,v2,16,16068,1606809,1606809043
16012,Holy Child Colleges of Butuan City,CARAGA,16 - Caraga,Agusan Del Norte,Agusan Del Norte,Butuan City,Butuan City,Private Non-Sectarian,8.94169,125.5378,valid,False,v2,16,16304,1630400,1630400045
16031,Merchant Marine Academy of Caraga,CARAGA,16 - Caraga,Agusan Del Norte,Agusan Del Norte,Butuan City,Butuan City,Private Non-Sectarian,8.95575,125.541,valid,False,v2,16,16304,1630400,1630400071
16006,Mt. Carmel College of San Francisco,CARAGA,16 - Caraga,Agusan Del Sur,Agusan Del Sur,San Francisco,San Francisco,Private Sectarian,8.50617,125.9754,valid,False,v2,16,16003,1600308,1600308017
11099a,North Eastern Mindanao State University-Bislig Campus,CARAGA,16 - Caraga,Surigao Del Sur,Surigao Del Sur,Bislig City,Bislig City,SUC Satellite,8.247458761,126.2751806,valid,False,v2,16,16068,1606803,1606803024
11071,North Eastern Mindanao State University-Cagwait,CARAGA,16 - Caraga,Surigao Del Sur,Surigao Del Sur,Cagwait,Cagwait,SUC Satellite,8.91530423,126.300664,valid,False,v2,16,16068,1606804,1606804009
11083,North Eastern Mindanao State University-Cantilan,CARAGA,16 - Caraga,Surigao Del Sur,Surigao Del Sur,Cantilan,Cantilan,SUC Satellite,9.33735729,125.9707761,valid,False,v2,16,16068,1606805,1606805012
11072,North Eastern Mindanao State University-Lianga,CARAGA,16 - Caraga,Surigao Del Sur,Surigao Del Sur,Lianga,Lianga,SUC Satellite,8.633961867,126.0936143,valid,False,v2,16,16068,1606811,1606811010
11084,North Eastern Mindanao State University-Main,CARAGA,16 - Caraga,Surigao Del Sur,Surigao Del Sur,Tandag City,Tandag City,SUC Main,9.039471289,126.2160408,valid,False,v2,16,16068,1606819,1606819015
11074,North Eastern Mindanao State University-San Miguel,CARAGA,16 - Caraga,Surigao Del Sur,Surigao Del Sur,San Miguel,San Miguel,SUC Satellite,8.965433256,125.9600616,valid,False,v2,16,16068,1606816,1606816006
11073,North Eastern Mindanao State University-Tagbina,CARAGA,16 - Caraga,Surigao Del Sur,Surigao Del Sur,Tagbina,Tagbina,SUC Satellite,8.452329108,126.1646016,valid,False,v2,16,16068,1606817,1606817012
10094,Northeastern Mindanao Colleges,CARAGA,16 - Caraga,Surigao Del Norte,Surigao Del Norte,Surigao City,Surigao City,Private Non-Sectarian,8.9482,125.5405,valid,False,v2,16,16304,1630400,1630400085
10057,Northern Mindanao Colleges,CARAGA,16 - Caraga,Agusan Del Norte,Agusan Del Norte,Cabadbaran City,Cabadbaran City,Private Non-Sectarian,9.10739,125.538,valid,False,v2,16,16002,1600203,1600203011
10062,Northwestern Agusan Colleges,CARAGA,16 - Caraga,Agusan Del Norte,Agusan Del Norte,Nasipit,Nasipit,Private Non-Sectarian,8.97941091,125.3498193,valid,False,v2,16,16002,1600209,1600209016
16022,Philippine Electronics and Communication Institute of Technology,CARAGA,16 - Caraga,Agusan Del Norte,Agusan Del Norte,Butuan City,Butuan City,Private Non-Sectarian,8.9515,125.52112,valid,False,v2,16,16304,1630400,1630400039
10068,Philippine Normal University-Mindanao Campus,CARAGA,16 - Caraga,Agusan Del Sur,Agusan Del Sur,Prosperidad,Prosperidad,SUC Satellite,8.609435151,125.9117915,valid,False,v2,16,16003,1600306,1600306004
16013,STI College-Surigao,CARAGA,16 - Caraga,Surigao Del Norte,Surigao Del Norte,Surigao City,Surigao City,Private Non-Sectarian,9.7882,125.494,valid,False,v2,16,16067,1606724,1606724068
10071,Saint Francis Xavier College,CARAGA,16 - Caraga,Agusan Del Sur,Agusan Del Sur,San Francisco,San Francisco,Private Non-Sectarian,8.50386,125.978,valid,False,v2,16,16003,1600308,1600308019
10073,Saint Joseph Institute of Technology,CARAGA,16 - Caraga,Agusan Del Norte,Agusan Del Norte,Butuan City,Butuan City,Private Non-Sectarian,8.5653,125.3235,valid,False,v2,16,16003,1600303,1600303048
16010,Saint Michael College of Caraga,CARAGA,16 - Caraga,Agusan Del Norte,Agusan Del Norte,Nasipit,Nasipit,Private Sectarian,8.9878,125.34,valid,False,v2,16,16002,1600209,1600209013
11065,Saint Michael College-Cantilan,CARAGA,16 - Caraga,Surigao Del Sur,Surigao Del Sur,Cantilan,Cantilan,Private Sectarian,9.33644,125.976,valid,False,v2,16,16068,1606805,1606805011
16017,Saint Peter College Seminary,CARAGA,16 - Caraga,Agusan Del Norte,Agusan Del Norte,Butuan City,Butuan City,Private Sectarian,8.960203,125.5913,valid,False,v2,16,16304,1630400,1630400007
11067,Saint Theresa College of Tandag,CARAGA,16 - Caraga,Surigao Del Sur,Surigao Del Sur,Tandag City,Tandag City,Private Sectarian,9.07966,126.197,valid,False,v2,16,16068,1606819,1606819006
11068,Saint Vincent de Paul Diocesan College,CARAGA,16 - Caraga,Surigao Del Sur,Surigao Del Sur,Bislig City,Bislig City,Private Sectarian,8.18288,126.357,valid,False,v2,16,16068,1606803,1606803009
10078,San Francisco Colleges,CARAGA,16 - Caraga,Agusan Del Sur,Agusan Del Sur,San Francisco,San Francisco,Private Non-Sectarian,8.50586,125.976,valid,False,v2,16,16003,1600308,1600308017
16003,Siargao Island Institute of Technology,CARAGA,16 - Caraga,Surigao Del Norte,Surigao Del Norte,Dapa,Dapa,Private Non-Sectarian,9.76648,126.051,valid,False,v2,16,16067,1606707,1606707016
11079,Southern Technological Institute of the Philippines,CARAGA,16 - Caraga,Surigao Del Sur,Surigao Del Sur,Bislig City,Bislig City,Private Non-Sectarian,8.1844,126.3522,valid,False,v2,16,16068,1606803,1606803009
16011,Southway College of Technology,CARAGA,16 - Caraga,Agusan Del Sur,Agusan Del Sur,San Francisco,San Francisco,Private Non-Sectarian,8.50753,125.979,valid,False,v2,16,16003,1600308,1600308016
10074,St. Jude Thaddeus Institute of Technology,CARAGA,16 - Caraga,Surigao Del Norte,Surigao Del Norte,Surigao City,Surigao City,Private Non-Sectarian,9.4712,125.2953,valid,False,v2,,,,
10080,St. Paul University Surigao,CARAGA,16 - Caraga,Surigao Del Norte,Surigao Del Norte,Surigao City,Surigao City,Private Sectarian,9.78961,125.493,valid,False,v2,16,16067,1606724,1606724068
16027,Surigao Doctors' College,CARAGA,16 - Caraga,Surigao Del Norte,Surigao Del Norte,Surigao City,Surigao City,Private Non-Sectarian,9.79111,125.493,valid,False,v2,16,16067,1606724,1606724068
10088,Surigao Education Center,CARAGA,16 - Caraga,Surigao Del Norte,Surigao Del Norte,Surigao City,Surigao City,Private Non-Sectarian,9.75793,125.514,valid,False,v2,16,16067,1606724,1606724014
11082,Surigao Sur Colleges,CARAGA,16 - Caraga,Surigao Del Sur,Surigao Del Sur,Barobo,Barobo,Private Non-Sectarian,8.52148,126.111,valid,False,v2,16,16068,1606801,1606801019
10087,Surigao del Norte State University,CARAGA,16 - Caraga,Surigao Del Norte,Surigao Del Norte,Surigao City,Surigao City,SUC Main,9.787436376,125.4943615,valid,False,v2,16,16067,1606724,1606724068
10095,Surigao del Norte State University-Del Carmen,CARAGA,16 - Caraga,Surigao Del Norte,Surigao Del Norte,Del Carmen,Del Carmen,SUC Satellite,9.873600451,125.9707608,valid,False,v2,16,16067,1606708,1606708022
16028,Surigao del Norte State University-Mainit,CARAGA,16 - Caraga,Surigao Del Norte,Surigao Del Norte,Mainit,Mainit,SUC Satellite,9.53638082,125.5583814,valid,False,v2,16,16067,1606714,1606714006
16009,Surigao del Norte State University-Malimono,CARAGA,16 - Caraga,Surigao Del Norte,Surigao Del Norte,Malimono,Malimono,SUC Satellite,9.641345893,125.3954398,valid,False,v2,16,16067,1606715,1606715004
17007,ACLC College of Calapan,MIMAROPA,17 - MIMAROPA,Oriental Mindoro,Oriental Mindoro,Calapan City,Calapan City,Private Non-Sectarian,13.41038,121.1792,valid,False,v2,17,17052,1705205,1705205051
04001,Abada College,MIMAROPA,17 - MIMAROPA,Oriental Mindoro,Oriental Mindoro,Pinamalayan,Pinamalayan,Private Non-Sectarian,13.03991,121.4781,valid,False,v2,17,17052,1705209,1705209015
04283,Ark of the Covenant Montessori Chamber of Learning College,MIMAROPA,17 - MIMAROPA,Oriental Mindoro,Oriental Mindoro,Victoria,Victoria,Private Non-Sectarian,13.17305,121.2741,valid,False,v2,17,17052,1705215,1705215019
17018,Baco Community College,MIMAROPA,17 - MIMAROPA,Oriental Mindoro,Oriental Mindoro,Baco,Baco,LUC with Institutional Recognition,13.35822,121.0959,valid,False,v2,17,17052,1705201,1705201029
17010,City College of Calapan,MIMAROPA,17 - MIMAROPA,Oriental Mindoro,Oriental Mindoro,Calapan City,Calapan City,LUC with Institutional Recognition,13.3791,121.1842,valid,False,v2,17,17052,1705205,1705205021
04266,Clarendon College,MIMAROPA,17 - MIMAROPA,Oriental Mindoro,Oriental Mindoro,Roxas,Roxas,Private Non-Sectarian,12.594,121.5091,valid,False,v2,17,17052,1705212,1705212009
04016,Colegio De San Sebastian-Sablayan,MIMAROPA,17 - MIMAROPA,Occidental Mindoro,Occidental Mindoro,Sablayan,Sablayan,Private Sectarian,12.83923,120.7722,valid,False,v2,17,17051,1705109,1705109002
17026,Colegio de Naujan,MIMAROPA,17 - MIMAROPA,Oriental Mindoro,Oriental Mindoro,Naujan,Naujan,LUC,13.30645,121.29217,valid,False,v2,17,17052,1705208,1705208062
17025,Colegio de Puerto Galera,MIMAROPA,17 - MIMAROPA,Oriental Mindoro,Oriental Mindoro,Puerto Galera,Puerto Galera,LUC,13.50124505,120.9548463,valid,False,v2,17,17052,1705211,1705211012
04021,Divine Word College of Calapan,MIMAROPA,17 - MIMAROPA,Oriental Mindoro,Oriental Mindoro,Calapan City,Calapan City,Private Sectarian,13.41086,121.1761,valid,False,v2,17,17052,1705205,1705205061
04022,Divine Word College of San Jose,MIMAROPA,17 - MIMAROPA,Occidental Mindoro,Occidental Mindoro,San Jose,San Jose,Private Sectarian,12.35291,121.07,valid,False,v2,17,17051,1705110,1705110012
04030,EMA EMITS College Philippines,MIMAROPA,17 - MIMAROPA,Oriental Mindoro,Oriental Mindoro,Pinamalayan,Pinamalayan,Private Non-Sectarian,13.03628,121.4901,valid,False,v2,17,17052,1705209,1705209024
04029,Eastern Mindoro College,MIMAROPA,17 - MIMAROPA,Oriental Mindoro,Oriental Mindoro,Bongabong,Bongabong,Private Non-Sectarian,12.74938,121.4839,valid,False,v2,17,17052,1705203,1705203035
04140,Educational Systems Technological Institute,MIMAROPA,17 - MIMAROPA,Marinduque,Marinduque,Boac,Boac,Private Non-Sectarian,13.44869,121.8361,valid,False,v2,17,17040,1704001,1704001040
17003,Erhard Systems Technological Institute,MIMAROPA,17 - MIMAROPA,Romblon,Romblon,Odiongan,Odiongan,Private Non-Sectarian,12.41436,121.9919,valid,False,v2,17,17059,1705909,1705909022
04168,Fullbright College,MIMAROPA,17 - MIMAROPA,Palawan,Palawan,Puerto Princesa City,Puerto Princesa City,Private Non-Sectarian,9.785987,118.7487,valid,False,v2,17,17315,1731500,1731500046
04034,Grace Mission College,MIMAROPA,17 - MIMAROPA,Oriental Mindoro,Oriental Mindoro,Socorro,Socorro,Private Non-Sectarian,13.05238,121.4221,valid,False,v2,17,17052,1705214,1705214006
04037,Holy Trinity University,MIMAROPA,17 - MIMAROPA,Palawan,Palawan,Puerto Princesa City,Puerto Princesa City,Private Sectarian,9.741365,118.7327,valid,False,v2,17,17315,1731500,1731500025
04331b,Innovative College of Science and Technology,MIMAROPA,17 - MIMAROPA,Oriental Mindoro,Oriental Mindoro,Bongabong,Bongabong,Private Non-Sectarian,9.74562,118.7413,valid,False,v2,17,17315,1731500,1731500047
17004,Institute of Business Science and Medical Arts,MIMAROPA,17 - MIMAROPA,Oriental Mindoro,Oriental Mindoro,Pinamalayan,Pinamalayan,Private Non-Sectarian,13.0367,121.4825,valid,False,v2,17,17052,1705209,1705209015
04202,John Paul College,MIMAROPA,17 - MIMAROPA,Oriental Mindoro,Oriental Mindoro,Roxas,Roxas,Private Non-Sectarian,12.59667,121.4991,valid,False,v2,17,17052,1705212,1705212009
04053,Luna Goco Colleges-Calapan,MIMAROPA,17 - MIMAROPA,Oriental Mindoro,Oriental Mindoro,Calapan City,Calapan City,Private Non-Sectarian,13.40007,121.1706,valid,False,v2,17,17052,1705205,1705205028
04174,Marinduque Midwest College,MIMAROPA,17 - MIMAROPA,Marinduque,Marinduque,Gasan,Gasan,Private Non-Sectarian,13.32936,121.8448,valid,False,v2,17,17040,1704003,1704003013
04203,Marinduque State University-Gasan Campus,MIMAROPA,17 - MIMAROPA,Marinduque,Marinduque,Gasan,Gasan,SUC Satellite,13.275501,121.892837,valid,False,v2,17,17040,1704003,1704003009
04058,Marinduque State University-Main Campus,MIMAROPA,17 - MIMAROPA,Marinduque,Marinduque,Boac,Boac,SUC Main,13.4532,121.8444,valid,False,v2,17,17040,1704001,1704001057
04204,Marinduque State University-Sta. Cruz Campus,MIMAROPA,17 - MIMAROPA,Marinduque,Marinduque,Sta. Cruz,Sta. Cruz,SUC Satellite,13.46571,122.0589,valid,False,v2,17,17040,1704005,1704005040
04063,Marinduque State University-Torrijos Campus,MIMAROPA,17 - MIMAROPA,Marinduque,Marinduque,Torrijos,Torrijos,SUC Satellite,13.33175,122.0991,valid,False,v2,17,17040,1704006,1704006021
04273,Mina de Oro Institute of Science and Technology,MIMAROPA,17 - MIMAROPA,Oriental Mindoro,Oriental Mindoro,Victoria,Victoria,Private Non-Sectarian,13.18317,121.2762,valid,False,v2,17,17052,1705215,1705215021
04178,Mindoro State University-Bongabong Campus,MIMAROPA,17 - MIMAROPA,Oriental Mindoro,Oriental Mindoro,Bongabong,Bongabong,SUC Satellite,12.77386,121.4754,valid,False,v2,17,17052,1705203,1705203012
04163,Mindoro State University-Calapan City Campus,MIMAROPA,17 - MIMAROPA,Oriental Mindoro,Oriental Mindoro,Calapan City,Calapan City,SUC Satellite,13.38773,121.1639,valid,False,v2,17,17052,1705205,1705205037
04060,Mindoro State University-Main Campus,MIMAROPA,17 - MIMAROPA,Oriental Mindoro,Oriental Mindoro,Victoria,Victoria,SUC Main,13.16013,121.1867,valid,False,v2,17,17052,1705215,1705215001
04069,Occidental Mindoro State College,MIMAROPA,17 - MIMAROPA,Occidental Mindoro,Occidental Mindoro,San Jose,San Jose,SUC Main,12.35392,121.0672,valid,False,v2,17,17051,1705110,1705110005
04142,Occidental Mindoro State College-Labangan Campus,MIMAROPA,17 - MIMAROPA,Occidental Mindoro,Occidental Mindoro,San Jose,San Jose,SUC Satellite,12.35392,121.0672,valid,False,v2,17,17051,1705110,1705110005
17022,Occidental Mindoro State College-Lubang Campus,MIMAROPA,17 - MIMAROPA,Occidental Mindoro,Occidental Mindoro,Lubang,Lubang,SUC Satellite,13.84726606,120.1200538,valid,False,v2,17,17051,1705104,1705104010
04179a,Occidental Mindoro State College-Mamburao,MIMAROPA,17 - MIMAROPA,Occidental Mindoro,Occidental Mindoro,Mamburao,Mamburao,SUC Satellite,13.23197,120.5891,valid,False,v2,17,17051,1705106,1705106007
04179,Occidental Mindoro State College-Murtha Campus,MIMAROPA,17 - MIMAROPA,Occidental Mindoro,Occidental Mindoro,San Jose,San Jose,SUC Satellite,13.2322856,120.5892098,valid,False,v2,17,17051,1705106,1705106007
04179b,Occidental Mindoro State College-Sablayan Campus,MIMAROPA,17 - MIMAROPA,Occidental Mindoro,Occidental Mindoro,Sablayan,Sablayan,SUC Satellite,12.83829,120.78241,valid,False,v2,17,17051,1705109,1705109009
04074,Palawan Polytechnic College,MIMAROPA,17 - MIMAROPA,Palawan,Palawan,Puerto Princesa City,Puerto Princesa City,Private Non-Sectarian,9.735762,118.7521,valid,False,v2,17,17315,1731500,1731500038
04075,Palawan State University,MIMAROPA,17 - MIMAROPA,Palawan,Palawan,Puerto Princesa City,Puerto Princesa City,SUC Main,9.778282,118.735635,valid,False,v2,17,17315,1731500,1731500067
04075c,Palawan State University- Balabac,MIMAROPA,17 - MIMAROPA,Palawan,Palawan,Balabac,Balabac,SUC Satellite,7.98227,117.04039,valid,False,v2,17,17053,1705304,1705304029
04207,Palawan State University- Brooke's Point,MIMAROPA,17 - MIMAROPA,Palawan,Palawan,Brooke's Point,Brooke's Point,SUC Satellite,8.80962,117.82698,valid,False,v2,17,17053,1705306,1705306015
04206,Palawan State University-Araceli,MIMAROPA,17 - MIMAROPA,Palawan,Palawan,Araceli,Araceli,SUC Satellite,10.57765,119.98707,valid,False,v2,17,17053,1705303,1705303013
04075d,Palawan State University-Bataraza,MIMAROPA,17 - MIMAROPA,Palawan,Palawan,Bataraza,Bataraza,SUC Satellite,8.68856,117.6435,valid,False,v2,17,17053,1705305,1705305006
04208,Palawan State University-Coron,MIMAROPA,17 - MIMAROPA,Palawan,Palawan,Coron,Coron,SUC Satellite,12.0183,120.1879,valid,False,v2,17,17053,1705309,1705309032
04209,Palawan State University-Cuyo,MIMAROPA,17 - MIMAROPA,Palawan,Palawan,Cuyo,Cuyo,SUC Satellite,10.85491,121.00771,valid,False,v2,17,17053,1705310,1705310017
04075b,Palawan State University-Dumaran,MIMAROPA,17 - MIMAROPA,Palawan,Palawan,Dumaran,Dumaran,SUC Satellite,10.5014,119.6653,valid,False,v2,17,17053,1705311,1705311013
17011,Palawan State University-Linapacan,MIMAROPA,17 - MIMAROPA,Palawan,Palawan,Linapacan,Linapacan,SUC Satellite,11.49082,119.8671,valid,False,v2,17,17053,1705313,1705313010
04075a,Palawan State University-Narra,MIMAROPA,17 - MIMAROPA,Palawan,Palawan,Narra,Narra,SUC Satellite,9.27598,118.41412,valid,False,v2,17,17053,1705315,1705315001
04243,"Palawan State University-New Ibajay, El Nido",MIMAROPA,17 - MIMAROPA,Palawan,Palawan,El Nido,El Nido,SUC Satellite,11.23482,119.46398,valid,False,v2,17,17053,1705312,1705312010
04210,Palawan State University-Quezon,MIMAROPA,17 - MIMAROPA,Palawan,Palawan,Quezon,Quezon,SUC Satellite,9.230275,118.0005,valid,False,v2,17,17053,1705317,1705317001
04259,Palawan State University-Rizal,MIMAROPA,17 - MIMAROPA,Palawan,Palawan,Rizal,Rizal,SUC Satellite,8.99918,117.64459,valid,False,v2,17,17053,1705323,1705323009
04211,Palawan State University-Roxas,MIMAROPA,17 - MIMAROPA,Palawan,Palawan,Roxas,Roxas,SUC Satellite,10.33403,119.34974,valid,False,v2,17,17053,1705318,1705318013
17012,"Palawan State University-San Rafael, Puerto Princesa City",MIMAROPA,17 - MIMAROPA,Palawan,Palawan,Puerto Princesa City,Puerto Princesa City,SUC Satellite,9.99016,118.96712,valid,False,v2,17,17315,1731500,1731500049
17016,Palawan State University-San Vicente,MIMAROPA,17 - MIMAROPA,Palawan,Palawan,San Vicente,San Vicente,SUC Satellite,10.52643,119.2663,valid,False,v2,17,17053,1705319,1705319008
04075e,Palawan State University-Sofronio Española,MIMAROPA,17 - MIMAROPA,Palawan,Palawan,Sofronio Española,Sofronio Española,SUC Satellite,8.935693,117.989499,valid,False,v2,17,17053,1705324,1705324008
04212,Palawan State University-Taytay,MIMAROPA,17 - MIMAROPA,Palawan,Palawan,Taytay,Taytay,SUC Satellite,10.820979,119.517861,valid,False,v2,17,17053,1705320,1705320020
04302,Palawan Technological College,MIMAROPA,17 - MIMAROPA,Palawan,Palawan,Puerto Princesa City,Puerto Princesa City,Private Non-Sectarian,9.74562,118.7413,valid,False,v2,17,17315,1731500,1731500047
17002,Paradigm Colleges of Science and Technology,MIMAROPA,17 - MIMAROPA,Oriental Mindoro,Oriental Mindoro,Roxas,Roxas,Private Non-Sectarian,12.59156,121.5095,valid,False,v2,17,17052,1705212,1705212010
17006,Philippine Central Islands College Foundation,MIMAROPA,17 - MIMAROPA,Occidental Mindoro,Occidental Mindoro,San Jose,San Jose,Private Non-Sectarian,12.36013,121.0587,valid,False,v2,17,17051,1705110,1705110039
17008,Pinamalayan Maritime Foundation and Technological College,MIMAROPA,17 - MIMAROPA,Oriental Mindoro,Oriental Mindoro,Pinamalayan,Pinamalayan,Private Non-Sectarian,13.0374,121.4832,valid,False,v2,17,17052,1705209,1705209015
17023,Pola Community College,MIMAROPA,17 - MIMAROPA,Oriental Mindoro,Oriental Mindoro,Pola,Pola,LUC,13.14345,121.4414,valid,False,v2,17,17052,1705210,1705210018
13155m,Polytechnic University of the Philippines-Bansud,MIMAROPA,17 - MIMAROPA,Occidental Mindoro,Occidental Mindoro,Bansud,Bansud,SUC Satellite,12.86253,121.45689,valid,False,v2,17,17052,1705202,1705202008
13155o,Polytechnic University of the Philippines-Sablayan,MIMAROPA,17 - MIMAROPA,Occidental Mindoro,Occidental Mindoro,Sablayan,Sablayan,SUC Satellite,12.84722,120.78536,valid,False,v2,17,17051,1705109,1705109002
04193,Prince of Peace College,MIMAROPA,17 - MIMAROPA,Oriental Mindoro,Oriental Mindoro,Puerto Galera,Puerto Galera,Private Non-Sectarian,13.50173,120.9565,valid,False,v2,17,17052,1705211,1705211012
04216,Romblon State University-Cajidiocan Campus,MIMAROPA,17 - MIMAROPA,Romblon,Romblon,Cajidiocan,Cajidiocan,SUC Satellite,12.37293,122.6838,valid,False,v2,17,17059,1705903,1705903013
04213,Romblon State University-Calatrava Campus,MIMAROPA,17 - MIMAROPA,Romblon,Romblon,Calatrava,Calatrava,SUC Satellite,12.6187,122.0613,valid,False,v2,17,17059,1705904,1705904006
04094,Romblon State University-Main,MIMAROPA,17 - MIMAROPA,Romblon,Romblon,Odiongan,Odiongan,SUC Main,12.39635,121.9824,valid,False,v2,17,17059,1705909,1705909021
04219a,Romblon State University-Romblon Campus,MIMAROPA,17 - MIMAROPA,Romblon,Romblon,Romblon,Romblon,SUC Satellite,12.54824,122.26268,valid,False,v2,17,17059,1705910,1705910030
04215,Romblon State University-San Agustin Campus,MIMAROPA,17 - MIMAROPA,Romblon,Romblon,San Agustin,San Agustin,SUC Satellite,12.60438,122.1314,valid,False,v2,17,17059,1705911,1705911005
04093,Romblon State University-San Andres Campus,MIMAROPA,17 - MIMAROPA,Romblon,Romblon,San Andres,San Andres,SUC Satellite,12.51923,122.0126,valid,False,v2,17,17059,1705912,1705912010
04152,Romblon State University-San Fernando Campus,MIMAROPA,17 - MIMAROPA,Romblon,Romblon,San Fernando,San Fernando,SUC Satellite,12.30421,122.6009,valid,False,v2,17,17059,1705913,1705913011
17013,Romblon State University-San Jose Campus,MIMAROPA,17 - MIMAROPA,Romblon,Romblon,San Jose,San Jose,SUC Satellite,12.06194,121.9556,valid,False,v2,17,17059,1705914,1705914005
04217,Romblon State University-Sta. Fe Campus,MIMAROPA,17 - MIMAROPA,Romblon,Romblon,Sta. Fe,Sta. Fe,SUC Satellite,12.15673,121.99438,valid,False,v2,17,17059,1705915,1705915010
04218,Romblon State University-Sta. Maria Campus,MIMAROPA,17 - MIMAROPA,Romblon,Romblon,Sta. Maria,Sta. Maria,SUC Satellite,12.39238,122.09173,valid,False,v2,17,17059,1705917,1705917002
17009,STI College-Puerto Princesa,MIMAROPA,17 - MIMAROPA,Palawan,Palawan,Puerto Princesa City,Puerto Princesa City,Private Non-Sectarian,9.739068,118.7406,valid,False,v2,17,17315,1731500,1731500028
04100,Saint Augustine Seminary,MIMAROPA,17 - MIMAROPA,Oriental Mindoro,Oriental Mindoro,Calapan City,Calapan City,Private Sectarian,13.42015,121.2008,valid,False,v2,17,17052,1705205,1705205062
17024,San Brendan College,MIMAROPA,17 - MIMAROPA,Palawan,Palawan,Taytay,Taytay,Private Non-Sectarian,10.8177,119.4995,valid,False,v2,17,17053,1705320,1705320020
04110,San Francisco Javier College,MIMAROPA,17 - MIMAROPA,Palawan,Palawan,Narra,Narra,Private Sectarian,9.2716,118.4126,valid,False,v2,17,17053,1705315,1705315014
04236,San Lorenzo Ruiz Seminary,MIMAROPA,17 - MIMAROPA,Romblon,Romblon,Odiongan,Odiongan,Private Sectarian,12.41081,122.0055,valid,False,v2,17,17059,1705909,1705909022
04117,Santa Cruz Institute-Marinduque,MIMAROPA,17 - MIMAROPA,Marinduque,Marinduque,Sta. Cruz,Sta. Cruz,Private Non-Sectarian,13.47638,122.0269,valid,False,v2,17,17040,1704005,1704005008
04118,Seminario De San Jose,MIMAROPA,17 - MIMAROPA,Palawan,Palawan,Puerto Princesa City,Puerto Princesa City,Private Sectarian,9.77037,118.7362,valid,False,v2,17,17315,1731500,1731500067
17021,"Southwestern College of Maritime, Business and Technology",MIMAROPA,17 - MIMAROPA,Oriental Mindoro,Oriental Mindoro,Calapan City,Calapan City,Private Non-Sectarian,12.982109,121.478321,valid,False,v2,17,17052,1705206,1705206008
17001,Southwestern Institute of Business and Technology,MIMAROPA,17 - MIMAROPA,Oriental Mindoro,Oriental Mindoro,Pinamalayan,Pinamalayan,Private Non-Sectarian,13.04887,121.4555,valid,False,v2,17,17052,1705209,1705209021
04332b,St. Anthony College-Calapan City,MIMAROPA,17 - MIMAROPA,Oriental Mindoro,Oriental Mindoro,Calapan City,Calapan City,Private Non-Sectarian,13.36612,121.1686,valid,False,v2,17,17052,1705205,1705205005
04040,St. Mary's College of Marinduque,MIMAROPA,17 - MIMAROPA,Marinduque,Marinduque,Boac,Boac,Private Non-Sectarian,13.44533,121.8432,valid,False,v2,17,17040,1704001,1704001061
04073,Western Philippines University,MIMAROPA,17 - MIMAROPA,Palawan,Palawan,Aborlan,Aborlan,SUC Main,9.440784,118.5544,valid,False,v2,17,17053,1705301,1705301016
04073b,Western Philippines University-Busuanga,MIMAROPA,17 - MIMAROPA,Palawan,Palawan,Busuanga,Busuanga,SUC Satellite,12.13199,119.93479,valid,False,v2,17,17053,1705307,1705307012
04073c,Western Philippines University-Culion,MIMAROPA,17 - MIMAROPA,Palawan,Palawan,Culion,Culion,SUC Satellite,11.88945,119.99111,valid,False,v2,17,17053,1705322,1705322002
04073a,Western Philippines University-El Nido,MIMAROPA,17 - MIMAROPA,Palawan,Palawan,El Nido,El Nido,SUC Satellite,11.20635,119.42493,valid,False,v2,17,17053,1705312,1705312015
04227,Western Philippines University-Puerto Princesa,MIMAROPA,17 - MIMAROPA,Palawan,Palawan,Puerto Princesa City,Puerto Princesa City,SUC Satellite,9.78529,118.728,valid,False,v2,17,17315,1731500,1731500053
04073d,Western Philippines University-Quezon,MIMAROPA,17 - MIMAROPA,Palawan,Palawan,Quezon,Quezon,SUC Satellite,9.22443,118.00116,valid,False,v2,17,17053,1705317,1705317001
04073e,Western Philippines University-Rio Tuba,MIMAROPA,17 - MIMAROPA,Palawan,Palawan,Bataraza,Bataraza,SUC Satellite,8.55018,117.43971,valid,False,v2,17,17053,1705305,1705305013
13329,ABE International Business College-Caloocan City,NCR,13 - Nat. Capital Region,Metro Manila,Metro Manila,Caloocan City,Caloocan City,Private Non-Sectarian,14.65706,120.98518,valid,False,v2,13,13801,1380100,1380100086
13308,ABE International College of Business and Accountancy-Cubao,NCR,13 - Nat. Capital Region,Metro Manila,Metro Manila,Quezon City,Quezon City,Private Non-Sectarian,14.62391868,121.0551048,valid,False,v2,13,13813,1381300,1381300035
13309,ABE International College of Business and Economics-Las Piñas,NCR,13 - Nat. Capital Region,Metro Manila,Metro Manila,Las Piñas City,Las Piñas City,Private Non-Sectarian,14.4505491,120.9776195,valid,False,v2,13,13802,1380200,1380200013
13256,ABE International College of Business and Economics-Manila,NCR,13 - Nat. Capital Region,Metro Manila,Metro Manila,Sampaloc,Sampaloc,Private Non-Sectarian,14.60046504,121.01146,valid,False,v2,13,13806,1380600,1380600592
13456,ACLC College of Commonwealth,NCR,13 - Nat. Capital Region,Metro Manila,Metro Manila,Quezon City,Quezon City,Private Non-Sectarian,14.6787,121.0828,valid,False,v2,13,13813,1381300,1381300140
13457,ACLC College of Manila,NCR,13 - Nat. Capital Region,Metro Manila,Metro Manila,Sampaloc,Sampaloc,Private Non-Sectarian,14.60151868,120.9934526,valid,False,v2,13,13806,1380600,1380600416
13257,AMA Computer College-Caloocan,NCR,13 - Nat. Capital Region,Metro Manila,Metro Manila,Caloocan City,Caloocan City,Private Non-Sectarian,14.6576464,120.9775803,valid,False,v2,13,13801,1380100,1380100080
13258,AMA Computer College-Fairview,NCR,13 - Nat. Capital Region,Metro Manila,Metro Manila,Quezon City,Quezon City,Private Non-Sectarian,14.7202823,121.0588995,valid,False,v2,13,13813,1381300,1381300141
13280,AMA Computer College-Las Piñas,NCR,13 - Nat. Capital Region,Metro Manila,Metro Manila,Las Piñas City,Las Piñas City,Private Non-Sectarian,14.4346539,121.0114715,valid,False,v2,13,13802,1380200,1380200001
13006,AMA Computer College-Makati,NCR,13 - Nat. Capital Region,Metro Manila,Metro Manila,Makati City,Makati City,Private Non-Sectarian,14.54755,121.01316,valid,False,v2,13,13803,1380300,1380300018
13259,AMA Computer College-Parañaque,NCR,13 - Nat. Capital Region,Metro Manila,Metro Manila,Parañaque City,Parañaque City,Private Non-Sectarian,14.47292,121.00466,valid,False,v2,13,13810,1381000,1381000013
13282,AMA Computer College-Pasig City,NCR,13 - Nat. Capital Region,Metro Manila,Metro Manila,Pasig City,Pasig City,Private Non-Sectarian,14.57531107,121.0611116,valid,False,v2,13,13812,1381200,1381200019
13260,AMA Computer College-Sta. Mesa,NCR,13 - Nat. Capital Region,Metro Manila,Metro Manila,Sta. Mesa,Sta. Mesa,Private Non-Sectarian,14.60035,121.01642,valid,False,v2,13,13806,1380600,1380600588
13007,AMA Computer University,NCR,13 - Nat. Capital Region,Metro Manila,Metro Manila,Quezon City,Quezon City,Private Non-Sectarian,14.6001316,120.9604369,valid,False,v2,13,13806,1380600,1380600020
13355,AMA School of Medicine,NCR,13 - Nat. Capital Region,Metro Manila,Metro Manila,Makati City,Makati City,Private Non-Sectarian,14.54776707,121.0127299,valid,False,v2,13,13803,1380300,1380300001
13464,"AZGH College, Inc.",NCR,13 - Nat. Capital Region,Metro Manila,Metro Manila,Las Piñas City,Las Piñas City,Private Non-Sectarian,14.46889,120.9804,valid,False,v2,13,13802,1380200,1380200007
13407,Access Computer and Technical Colleges-Camarin,NCR,13 - Nat. Capital Region,Metro Manila,Metro Manila,Caloocan City,Caloocan City,Private Non-Sectarian,14.752793,121.044578,valid,False,v2,13,13801,1380100,1380100177
13321,Access Computer and Technical Colleges-Cubao,NCR,13 - Nat. Capital Region,Metro Manila,Metro Manila,Quezon City,Quezon City,Private Non-Sectarian,14.62764,121.06153,valid,False,v2,13,13813,1381300,1381300114
13384,Access Computer and Technical Colleges-Lagro,NCR,13 - Nat. Capital Region,Metro Manila,Metro Manila,Quezon City,Quezon City,Private Non-Sectarian,14.735746,121.064801,valid,False,v2,13,13813,1381300,1381300079
13301,Access Computer and Technical Colleges-Manila,NCR,13 - Nat. Capital Region,Metro Manila,Metro Manila,Quiapo,Quiapo,Private Non-Sectarian,14.60286,120.9852,valid,False,v2,13,13806,1380600,1380600391
13001,Adamson University,NCR,13 - Nat. Capital Region,Metro Manila,Metro Manila,Ermita,Ermita,Private Sectarian,14.58947,120.98583,valid,False,v2,13,13806,1380600,1380600663
13002,Air Link International Aviation College,NCR,13 - Nat. Capital Region,Metro Manila,Metro Manila,Pasay City,Pasay City,Private Non-Sectarian,14.52102,121.00138,valid,False,v2,13,13811,1381100,1381100191
13005,Alliance Graduate School,NCR,13 - Nat. Capital Region,Metro Manila,Metro Manila,Quezon City,Quezon City,Private Sectarian,14.65617,121.0254,valid,False,v2,13,13813,1381300,1381300130
13210,Angelicum College,NCR,13 - Nat. Capital Region,Metro Manila,Metro Manila,Quezon City,Quezon City,Private Sectarian,14.62846,121.01081,valid,False,v2,13,13813,1381300,1381300065
13010,Arellano University-Malabon,NCR,13 - Nat. Capital Region,Metro Manila,Metro Manila,Malabon City,Malabon City,Private Non-Sectarian,14.67041449,120.9492128,valid,False,v2,13,13804,1380400,1380400002
13414,Arellano University-Mandaluyong,NCR,13 - Nat. Capital Region,Metro Manila,Metro Manila,Mandaluyong City,Mandaluyong City,Private Non-Sectarian,14.5917068,121.0228803,valid,False,v2,13,13806,1380600,1380600608
13009,Arellano University-Manila,NCR,13 - Nat. Capital Region,Metro Manila,Metro Manila,Sampaloc,Sampaloc,Private Non-Sectarian,14.60021661,120.9964242,valid,False,v2,13,13806,1380600,1380600410
13011,Arellano University-Pasay,NCR,13 - Nat. Capital Region,Metro Manila,Metro Manila,Pasay City,Pasay City,Private Non-Sectarian,14.56000331,120.9954471,valid,False,v2,13,13811,1381100,1381100033
13012,Arellano University-Pasig,NCR,13 - Nat. Capital Region,Metro Manila,Metro Manila,Pasig City,Pasig City,Private Non-Sectarian,14.57336074,121.0795199,valid,False,v2,13,13812,1381200,1381200005
13277,Asia Graduate School of Theology,NCR,13 - Nat. Capital Region,Metro Manila,Metro Manila,Quezon City,Quezon City,Private Sectarian,14.6353138,121.0384971,valid,False,v2,13,13813,1381300,1381300116
13422,Asia Harvesters College and Seminary,NCR,13 - Nat. Capital Region,Metro Manila,Metro Manila,Quezon City,Quezon City,Private Sectarian,14.6718,121.076,valid,False,v2,13,13813,1381300,1381300066
13014,Asia Pacific College,NCR,13 - Nat. Capital Region,Metro Manila,Metro Manila,Makati City,Makati City,Private Non-Sectarian,14.590536,121.070325,valid,False,v2,13,13812,1381200,1381200029
13015,Asian Institute for Distance Education,NCR,13 - Nat. Capital Region,Metro Manila,Metro Manila,Makati City,Makati City,Private Non-Sectarian,14.55487,121.02067,valid,False,v2,13,13803,1380300,1380300025
13406,Asian Institute of Computer Studies-Bicutan,NCR,13 - Nat. Capital Region,Metro Manila,Metro Manila,Parañaque City,Parañaque City,Private Non-Sectarian,14.48562,121.04071,valid,False,v2,13,13810,1381000,1381000015
13378,Asian Institute of Computer Studies-Quezon City,NCR,13 - Nat. Capital Region,Metro Manila,Metro Manila,Quezon City,Quezon City,Private Non-Sectarian,14.67884,121.08265,valid,False,v2,13,13813,1381300,1381300140
13016,Asian Institute of Journalism and Communication,NCR,13 - Nat. Capital Region,Metro Manila,Metro Manila,Sampaloc,Sampaloc,Private Non-Sectarian,14.61656577,121.0008855,valid,False,v2,13,13806,1380600,1380600530
13017,Asian Institute of Management,NCR,13 - Nat. Capital Region,Metro Manila,Metro Manila,Makati City,Makati City,Private Non-Sectarian,14.55267029,121.0186958,valid,False,v2,13,13803,1380300,1380300025
13018,Asian Institute of Maritime Studies,NCR,13 - Nat. Capital Region,Metro Manila,Metro Manila,Pasay City,Pasay City,Private Non-Sectarian,14.54614863,120.9922358,valid,False,v2,13,13811,1381100,1381100013
13020,Asian Social Institute,NCR,13 - Nat. Capital Region,Metro Manila,Metro Manila,Malate,Malate,Private Non-Sectarian,14.57744,120.98868,valid,False,v2,13,13806,1380600,1380600675
13021,Asian Theological Seminary,NCR,13 - Nat. Capital Region,Metro Manila,Metro Manila,Quezon City,Quezon City,Private Sectarian,14.64306014,121.0375427,valid,False,v2,13,13813,1381300,1381300116
13022,Assumption College,NCR,13 - Nat. Capital Region,Metro Manila,Metro Manila,Makati City,Makati City,Private Sectarian,14.547015,121.021794,valid,False,v2,13,13803,1380300,1380300025
13023a,Ateneo De Manila University School of Medicine and Public Health,NCR,13 - Nat. Capital Region,Metro Manila,Metro Manila,Pasig City,Pasig City,Private Sectarian,14.590536,121.070325,valid,False,v2,13,13812,1381200,1381200029
13024,Ateneo de Manila University Graduate School of Business,NCR,13 - Nat. Capital Region,Metro Manila,Metro Manila,Makati City,Makati City,Private Sectarian,14.57856136,121.0371712,valid,False,v2,13,13805,1380500,1380500022
13023,Ateneo de Manila University-Quezon City,NCR,13 - Nat. Capital Region,Metro Manila,Metro Manila,Quezon City,Quezon City,Private Sectarian,14.63831084,121.0789513,valid,False,v2,13,13813,1381300,1381300055
13025,Bernardo College,NCR,13 - Nat. Capital Region,Metro Manila,Metro Manila,Las Piñas City,Las Piñas City,Private Non-Sectarian,14.46957,120.97269,valid,False,v2,13,13802,1380200,1380200007
13373,Bestlink College of the Philippines,NCR,13 - Nat. Capital Region,Metro Manila,Metro Manila,Quezon City,Quezon City,Private Non-Sectarian,14.72878778,121.041556,valid,False,v2,13,13813,1381300,1381300046
13400,Bethel Bible College of the Assemblies of God,NCR,13 - Nat. Capital Region,Metro Manila,Metro Manila,Valenzuela City,Valenzuela City,Private Sectarian,14.68975418,120.9620878,valid,False,v2,13,13816,1381600,1381600017
13026,Biblical Seminary of the Philippines,NCR,13 - Nat. Capital Region,Metro Manila,Metro Manila,Valenzuela City,Valenzuela City,Private Sectarian,14.54614863,120.9922358,valid,False,v2,13,13811,1381100,1381100013
13027,CAP College Foundation,NCR,13 - Nat. Capital Region,Metro Manila,Metro Manila,Makati City,Makati City,Private Non-Sectarian,14.5556,121.015,valid,False,v2,13,13803,1380300,1380300025
13105,CICM Maryhill School of Theology,NCR,13 - Nat. Capital Region,Metro Manila,Metro Manila,Quezon City,Quezon City,Private Sectarian,14.62317674,121.0285221,valid,False,v2,13,13813,1381300,1381300024
13429,CIIT College of Arts and Technology,NCR,13 - Nat. Capital Region,Metro Manila,Metro Manila,Quezon City,Quezon City,Private Non-Sectarian,14.64176,121.03726,valid,False,v2,13,13813,1381300,1381300116
13340,Capitol Medical Center Colleges,NCR,13 - Nat. Capital Region,Metro Manila,Metro Manila,Quezon City,Quezon City,Private Non-Sectarian,14.63479,121.02184,valid,False,v2,13,13813,1381300,1381300104
13029,Central Colleges of the Philippines,NCR,13 - Nat. Capital Region,Metro Manila,Metro Manila,Quezon City,Quezon City,Private Non-Sectarian,14.60618564,121.0193872,valid,False,v2,13,13813,1381300,1381300031
13089,Centro Escolar Las Piñas,NCR,13 - Nat. Capital Region,Metro Manila,Metro Manila,Las Piñas City,Las Piñas City,Private Non-Sectarian,14.425832,121.0128286,valid,False,v2,13,13802,1380200,1380200015
13367,Centro Escolar University-Makati,NCR,13 - Nat. Capital Region,Metro Manila,Metro Manila,Makati City,Makati City,Private Non-Sectarian,14.56092882,121.0126661,valid,False,v2,13,13803,1380300,1380300023
13031,Centro Escolar University-Manila,NCR,13 - Nat. Capital Region,Metro Manila,Metro Manila,San Miguel,San Miguel,Private Non-Sectarian,14.59894,120.99176,valid,False,v2,13,13806,1380600,1380600641
13032,Chiang Kai Shek College,NCR,13 - Nat. Capital Region,Metro Manila,Metro Manila,Tondo,Tondo,Private Non-Sectarian,14.61116154,120.9749925,valid,False,v2,13,13806,1380600,1380600244
13243,Children of Mary Immaculate College,NCR,13 - Nat. Capital Region,Metro Manila,Metro Manila,Valenzuela City,Valenzuela City,Private Non-Sectarian,14.69417,120.96766,valid,False,v2,13,13816,1381600,1381600017
13034,Chinese General Hospital Colleges,NCR,13 - Nat. Capital Region,Metro Manila,Metro Manila,Sta. Cruz,Sta. Cruz,Private Non-Sectarian,14.62535809,120.9880951,valid,False,v2,13,13806,1380600,1380600372
13401,Christ the King College of Science and Technology,NCR,13 - Nat. Capital Region,Metro Manila,Metro Manila,Muntinlupa City,Muntinlupa City,Private Non-Sectarian,14.39740342,121.0470356,valid,False,v2,13,13808,1380800,1380800006
13131,City University of Pasay,NCR,13 - Nat. Capital Region,Metro Manila,Metro Manila,Pasay City,Pasay City,LUC with Institutional Recognition,14.54463,120.9954,valid,False,v2,13,13811,1381100,1381100070
13093,City of Malabon University,NCR,13 - Nat. Capital Region,Metro Manila,Metro Manila,Malabon City,Malabon City,LUC,14.65405,120.96024,valid,False,v2,13,13804,1380400,1380400010
13454,Colegio de Muntinlupa,NCR,13 - Nat. Capital Region,Metro Manila,Metro Manila,Muntinlupa City,Muntinlupa City,LUC with Institutional Recognition,14.60553205,121.0109192,valid,False,v2,13,13806,1380600,1380600581
13402,Colegio de San Gabriel Archangel of Caloocan,NCR,13 - Nat. Capital Region,Metro Manila,Metro Manila,Caloocan City,Caloocan City,Private Non-Sectarian,14.56207245,121.0171768,valid,False,v2,13,13803,1380300,1380300002
13037,Colegio de San Juan de Letran,NCR,13 - Nat. Capital Region,Metro Manila,Metro Manila,Intramuros,Intramuros,Private Sectarian,14.59395,120.977,valid,False,v2,13,13806,1380600,1380600656
13371,Colegio de Sta. Teresa de Avila Foundation,NCR,13 - Nat. Capital Region,Metro Manila,Metro Manila,Quezon City,Quezon City,Private Non-Sectarian,14.7333333,121.0502778,valid,False,v2,13,13813,1381300,1381300046
13390,College of Divine Wisdom,NCR,13 - Nat. Capital Region,Metro Manila,Metro Manila,Parañaque City,Parañaque City,Private Sectarian,14.48977099,120.9949999,valid,False,v2,13,13810,1381000,1381000004
13451,College of Saint Amatiel,NCR,13 - Nat. Capital Region,Metro Manila,Metro Manila,Malabon City,Malabon City,Private Sectarian,14.66321984,120.9499954,valid,False,v2,13,13804,1380400,1380400009
13362,College of St. Catherine,NCR,13 - Nat. Capital Region,Metro Manila,Metro Manila,Quezon City,Quezon City,Private Non-Sectarian,14.67957,121.01854,valid,False,v2,13,13813,1381300,1381300137
13040,Concordia College,NCR,13 - Nat. Capital Region,Metro Manila,Metro Manila,Paco,Paco,Private Sectarian,14.579196,121.003185,valid,False,v2,13,13806,1380600,1380600816
13303,Criminal Justice College,NCR,13 - Nat. Capital Region,Metro Manila,Metro Manila,Muntinlupa City,Muntinlupa City,Private Non-Sectarian,14.380529,121.0468883,valid,False,v2,13,13808,1380800,1380800008
13405,Datamex College of Saint Adeline-Fairview,NCR,13 - Nat. Capital Region,Metro Manila,Metro Manila,Quezon City,Quezon City,Private Non-Sectarian,14.70548,121.07786,valid,False,v2,13,13813,1381300,1381300041
13431,Datamex College of Saint Adeline-Parañaque,NCR,13 - Nat. Capital Region,Metro Manila,Metro Manila,Parañaque City,Parañaque City,Private Non-Sectarian,14.47766823,120.9993545,valid,False,v2,13,13810,1381000,1381000004
13408,Datamex College of Saint Adeline-Valenzuela,NCR,13 - Nat. Capital Region,Metro Manila,Metro Manila,Valenzuela City,Valenzuela City,Private Non-Sectarian,14.74116,120.95788,valid,False,v2,03,03014,0301412,0301412021
13046,De La Salle University-Manila,NCR,13 - Nat. Capital Region,Metro Manila,Metro Manila,Malate,Malate,Private Sectarian,14.56499263,120.9931437,valid,False,v2,13,13806,1380600,1380600719
13072,De La Salle-Araneta University,NCR,13 - Nat. Capital Region,Metro Manila,Metro Manila,Malabon City,Malabon City,Private Non-Sectarian,14.67132871,120.9985183,valid,False,v2,13,13804,1380400,1380400015
13050,De La Salle-College of Saint Benilde,NCR,13 - Nat. Capital Region,Metro Manila,Metro Manila,Malate,Malate,Private Sectarian,14.56370847,120.9950764,valid,False,v2,13,13806,1380600,1380600728
13048,De Ocampo Memorial College,NCR,13 - Nat. Capital Region,Metro Manila,Metro Manila,Sta. Mesa,Sta. Mesa,Private Non-Sectarian,14.60151154,121.0041021,valid,False,v2,13,13806,1380600,1380600631
13310,Development Academy of the Philippines,NCR,13 - Nat. Capital Region,Metro Manila,Metro Manila,Pasig City,Pasig City,Special HEI,14.5786,121.0579,valid,False,v2,13,13812,1381200,1381200019
13370,Diliman College,NCR,13 - Nat. Capital Region,Metro Manila,Metro Manila,Quezon City,Quezon City,Private Non-Sectarian,14.67471967,121.0820543,valid,False,v2,13,13813,1381300,1381300066
13263,Divine Mercy College Foundation,NCR,13 - Nat. Capital Region,Metro Manila,Metro Manila,Caloocan City,Caloocan City,Private Non-Sectarian,14.66118,120.97954,valid,False,v2,13,13801,1380100,1380100080
13049,Divine Word Mission Seminary,NCR,13 - Nat. Capital Region,Metro Manila,Metro Manila,Quezon City,Quezon City,Private Sectarian,14.62424345,121.0304867,valid,False,v2,13,13813,1381300,1381300024
13051,Dominican College,NCR,13 - Nat. Capital Region,Metro Manila,Metro Manila,San Juan City,San Juan City,Private Sectarian,14.6003329,121.0294638,valid,False,v2,13,13814,1381400,1381400019
13213,Don Bosco Center of Studies,NCR,13 - Nat. Capital Region,Metro Manila,Metro Manila,Parañaque City,Parañaque City,Private Sectarian,14.4787196,121.0272715,valid,False,v2,13,13810,1381000,1381000008
13052,Don Bosco Technical College,NCR,13 - Nat. Capital Region,Metro Manila,Metro Manila,Mandaluyong City,Mandaluyong City,Private Sectarian,14.59215384,121.0244281,valid,False,v2,13,13806,1380600,1380600618
13423,Don Carlo Cavina School,NCR,13 - Nat. Capital Region,Metro Manila,Metro Manila,Las Piñas City,Las Piñas City,Private Sectarian,14.43164019,121.0006138,valid,False,v2,13,13802,1380200,1380200019
13053,Dr. Carlos S. Lanting College,NCR,13 - Nat. Capital Region,Metro Manila,Metro Manila,Quezon City,Quezon City,Private Non-Sectarian,14.68000188,121.0206033,valid,False,v2,13,13813,1381300,1381300119
13276,Dr. Filemon C. Aguilar Memorial College of Las Piñas,NCR,13 - Nat. Capital Region,Metro Manila,Metro Manila,Las Piñas City,Las Piñas City,LUC,14.43898,121.00981,valid,False,v2,13,13802,1380200,1380200018
13428,Dr. Jose Fabella Memorial Hospital School of Midwifery,NCR,13 - Nat. Capital Region,Metro Manila,Metro Manila,Sta. Cruz,Sta. Cruz,Special HEI,14.6062,120.984,valid,False,v2,13,13806,1380600,1380600311
13419,Eclaro Academy,NCR,13 - Nat. Capital Region,Metro Manila,Metro Manila,Quezon City,Quezon City,Private Non-Sectarian,14.6726645,121.0778974,valid,False,v2,13,13813,1381300,1381300066
13440,Electron College of Technical Education,NCR,13 - Nat. Capital Region,Metro Manila,Metro Manila,Quezon City,Quezon City,Private Non-Sectarian,14.70099,121.03441,valid,False,v2,13,13813,1381300,1381300097
13054,Emilio Aguinaldo College,NCR,13 - Nat. Capital Region,Metro Manila,Metro Manila,Paco,Paco,Private Non-Sectarian,14.5831,120.98709,valid,False,v2,13,13806,1380600,1380600674
13357,Enderun Colleges,NCR,13 - Nat. Capital Region,Metro Manila,Metro Manila,Taguig City,Taguig City,Private Non-Sectarian,14.53281973,121.05277,valid,False,v2,13,13815,1381500,1381500025
13304,Entrepreneurs School of Asia,NCR,13 - Nat. Capital Region,Metro Manila,Metro Manila,Quezon City,Quezon City,Private Non-Sectarian,14.6055,121.08448,valid,False,v2,13,13813,1381300,1381300011
13056,"Eulogio ""Amang"" Rodriguez Institute of Science and Technology",NCR,13 - Nat. Capital Region,Metro Manila,Metro Manila,Sampaloc,Sampaloc,SUC Main,14.6129177851145,120.996257358089,valid,False,v2,13,13806,1380600,1380600503
13063,FEATI University,NCR,13 - Nat. Capital Region,Metro Manila,Metro Manila,Sta. Cruz,Sta. Cruz,Private Non-Sectarian,14.59752107,120.9818489,valid,False,v2,13,13806,1380600,1380600306
13446,FEU Alabang,NCR,13 - Nat. Capital Region,Metro Manila,Metro Manila,Muntinlupa City,Muntinlupa City,Private Non-Sectarian,14.41091,121.03802,valid,False,v2,13,13808,1380800,1380800001
13458,FEU Diliman,NCR,13 - Nat. Capital Region,Metro Manila,Metro Manila,Quezon City,Quezon City,Private Non-Sectarian,14.6854093,121.0644464,valid,False,v2,13,13813,1381300,1381300080
13438,FEU Institute of Technology,NCR,13 - Nat. Capital Region,Metro Manila,Metro Manila,Sampaloc,Sampaloc,Private Non-Sectarian,14.60437,120.98864,valid,False,v2,13,13806,1380600,1380600396
13066,FEU-Dr. Nicanor Reyes Medical Foundation,NCR,13 - Nat. Capital Region,Metro Manila,Metro Manila,Quezon City,Quezon City,Private Non-Sectarian,14.6992,121.06699,valid,False,v2,13,13813,1381300,1381300041
13065,FEU-FERN College,NCR,13 - Nat. Capital Region,Metro Manila,Metro Manila,Quezon City,Quezon City,Private Non-Sectarian,14.6854093,121.0644464,valid,False,v2,13,13813,1381300,1381300080
13061,Far Eastern University,NCR,13 - Nat. Capital Region,Metro Manila,Metro Manila,Sampaloc,Sampaloc,Private Non-Sectarian,14.60401316,120.9863889,valid,False,v2,13,13806,1380600,1380600395
13064,Febias College of Bible,NCR,13 - Nat. Capital Region,Metro Manila,Metro Manila,Valenzuela City,Valenzuela City,Private Sectarian,14.68846701,120.980628,valid,False,v2,13,13816,1381600,1381600008
13339,Flight School International,NCR,13 - Nat. Capital Region,Metro Manila,Metro Manila,Parañaque City,Parañaque City,Private Non-Sectarian,14.46684759,121.0154192,valid,False,v2,13,13810,1381000,1381000013
13447,GK College of Business Arts and Technology,NCR,13 - Nat. Capital Region,Metro Manila,Metro Manila,Mandaluyong City,Mandaluyong City,Private Non-Sectarian,14.5765043,121.040724,valid,False,v2,13,13805,1380500,1380500022
13328,Gardner College Diliman,NCR,13 - Nat. Capital Region,Metro Manila,Metro Manila,Quezon City,Quezon City,Private Non-Sectarian,14.654804,121.032433,valid,False,v2,13,13813,1381300,1381300009
13312,Global City Innovative College,NCR,13 - Nat. Capital Region,Metro Manila,Metro Manila,Makati City,Makati City,Private Non-Sectarian,14.562364,121.042833,valid,False,v2,13,13803,1380300,1380300010
13374,Global Reciprocal Colleges,NCR,13 - Nat. Capital Region,Metro Manila,Metro Manila,Caloocan City,Caloocan City,Private Non-Sectarian,14.64998,120.98418,valid,False,v2,13,13801,1380100,1380100106
13375,Golden Link College Foundation,NCR,13 - Nat. Capital Region,Metro Manila,Metro Manila,Caloocan City,Caloocan City,Private Non-Sectarian,14.7454492,121.0571323,valid,False,v2,13,13801,1380100,1380100177
13069,Governor Andres Pascual College,NCR,13 - Nat. Capital Region,Metro Manila,Metro Manila,Navotas City,Navotas City,Private Non-Sectarian,14.66381,120.94494,valid,False,v2,13,13809,1380900,1380900010
13363,Grace Christian College,NCR,13 - Nat. Capital Region,Metro Manila,Metro Manila,Quezon City,Quezon City,Private Non-Sectarian,14.6505482,121.0049209,valid,False,v2,13,13813,1381300,1381300003
13070,Greenville College,NCR,13 - Nat. Capital Region,Metro Manila,Metro Manila,Pasig City,Pasig City,Private Non-Sectarian,14.60913674,121.0979281,valid,False,v2,13,13812,1381200,1381200011
13075,Holy Rosary College Foundation,NCR,13 - Nat. Capital Region,Metro Manila,Metro Manila,Caloocan City,Caloocan City,Private Sectarian,14.76850347,121.0595799,valid,False,v2,13,13801,1380100,1380100188
13410,ICI Global University,NCR,13 - Nat. Capital Region,Metro Manila,Metro Manila,Pasig City,Pasig City,Private Sectarian,14.5864016,121.0619137,valid,False,v2,13,13812,1381200,1381200019
13295,IETI College of Science and Technology-Marikina,NCR,13 - Nat. Capital Region,Metro Manila,Metro Manila,Marikina City,Marikina City,Private Non-Sectarian,14.63436,121.0975,valid,False,v2,13,13807,1380700,1380700009
13216,IETI College-Alabang,NCR,13 - Nat. Capital Region,Metro Manila,Metro Manila,Muntinlupa City,Muntinlupa City,Private Non-Sectarian,14.41816145,121.0459557,valid,False,v2,13,13808,1380800,1380800001
13462,Iglesia ni Cristo (Church of Christ) School for Ministers,NCR,13 - Nat. Capital Region,Metro Manila,Metro Manila,Quezon City,Quezon City,Private Sectarian,14.66293777,121.0554401,valid,False,v2,13,13813,1381300,1381300023
13237,Immaculada Concepcion College,NCR,13 - Nat. Capital Region,Metro Manila,Metro Manila,Caloocan City,Caloocan City,Private Non-Sectarian,14.76809,121.07974,valid,False,v2,13,13801,1380100,1380100185
13322,Immaculate Heart of Mary College-Parañaque,NCR,13 - Nat. Capital Region,Metro Manila,Metro Manila,Parañaque City,Parañaque City,Private Sectarian,14.47718,121.02344,valid,False,v2,13,13810,1381000,1381000008
13246,Informatics College-Manila,NCR,13 - Nat. Capital Region,Metro Manila,Metro Manila,Sampaloc,Sampaloc,Private Non-Sectarian,14.60119236,120.989182,valid,False,v2,13,13806,1380600,1380600404
13333,Informatics College-Northgate,NCR,13 - Nat. Capital Region,Metro Manila,Metro Manila,Muntinlupa City,Muntinlupa City,Private Non-Sectarian,14.42589648,121.0401052,valid,False,v2,13,13808,1380800,1380800001
13315,Information And Communications Technology Academy,NCR,13 - Nat. Capital Region,Metro Manila,Metro Manila,Makati City,Makati City,Private Non-Sectarian,14.5613,121.02,valid,False,v2,13,13803,1380300,1380300002
13380,Infotech College of Arts and Sciences Philippines,NCR,13 - Nat. Capital Region,Metro Manila,Metro Manila,Pasig City,Pasig City,Private Non-Sectarian,14.46024853,121.0299136,valid,False,v2,13,13810,1381000,1381000012
13077,Institute of Community and Family Health,NCR,13 - Nat. Capital Region,Metro Manila,Metro Manila,Quezon City,Quezon City,Private Non-Sectarian,14.62131977,121.0091311,valid,False,v2,13,13813,1381300,1381300032
13078,Institute of Formation and Religious Studies,NCR,13 - Nat. Capital Region,Metro Manila,Metro Manila,Quezon City,Quezon City,Private Sectarian,14.61666366,121.0432159,valid,False,v2,13,13813,1381300,1381300050
13424,Integrated Innovation and Hospitality Colleges,NCR,13 - Nat. Capital Region,Metro Manila,Metro Manila,Quezon City,Quezon City,Private Non-Sectarian,14.72059487,121.0388423,valid,False,v2,13,13813,1381300,1381300070
13267,Interface Computer College-Caloocan,NCR,13 - Nat. Capital Region,Metro Manila,Metro Manila,Caloocan City,Caloocan City,Private Non-Sectarian,14.65104525,120.9833468,valid,False,v2,13,13801,1380100,1380100062
13079,Interface Computer College-Manila,NCR,13 - Nat. Capital Region,Metro Manila,Metro Manila,Sampaloc,Sampaloc,Private Non-Sectarian,14.60636758,120.9859978,valid,False,v2,13,13806,1380600,1380600464
13081,International Baptist College,NCR,13 - Nat. Capital Region,Metro Manila,Metro Manila,Mandaluyong City,Mandaluyong City,Private Non-Sectarian,14.57588004,121.0472535,valid,False,v2,13,13805,1380500,1380500013
13082,International Graduate School of Leadership,NCR,13 - Nat. Capital Region,Metro Manila,Metro Manila,Quezon City,Quezon City,Private Non-Sectarian,14.68736989,121.033987,valid,False,v2,13,13813,1381300,1381300111
13353,Jesus Reigns Christian College Foundation,NCR,13 - Nat. Capital Region,Metro Manila,Metro Manila,Malate,Malate,Private Non-Sectarian,14.57380212,120.9891966,valid,False,v2,13,13806,1380600,1380600696
13084,Jose Rizal University,NCR,13 - Nat. Capital Region,Metro Manila,Metro Manila,Mandaluyong City,Mandaluyong City,Private Non-Sectarian,14.59284825,121.0284842,valid,False,v2,13,13805,1380500,1380500009
13087,La Consolacion College-Caloocan,NCR,13 - Nat. Capital Region,Metro Manila,Metro Manila,Caloocan City,Caloocan City,Private Sectarian,14.65188883,120.9727074,valid,False,v2,13,13801,1380100,1380100013
13086,La Consolacion College-Manila,NCR,13 - Nat. Capital Region,Metro Manila,Metro Manila,San Miguel,San Miguel,Private Sectarian,14.59742181,120.9929641,valid,False,v2,13,13806,1380600,1380600641
13251,La Consolacion College-Novaliches,NCR,13 - Nat. Capital Region,Metro Manila,Metro Manila,Caloocan City,Caloocan City,Private Sectarian,14.74374505,121.0274996,valid,False,v2,13,13801,1380100,1380100168
13326,La Consolacion College-Pasig,NCR,13 - Nat. Capital Region,Metro Manila,Metro Manila,Pasig City,Pasig City,Private Sectarian,14.57450819,121.0913895,valid,False,v2,13,13812,1381200,1381200012
13394,La Consolacion College-Valenzuela,NCR,13 - Nat. Capital Region,Metro Manila,Metro Manila,Valenzuela City,Valenzuela City,Private Sectarian,14.68912294,120.9648724,valid,False,v2,13,13816,1381600,1381600017
13415,La Verdad Christian College-Caloocan,NCR,13 - Nat. Capital Region,Metro Manila,Metro Manila,Caloocan City,Caloocan City,Private Non-Sectarian,14.65787266,120.9965673,valid,False,v2,13,13801,1380100,1380100138
13088,Lacson College,NCR,13 - Nat. Capital Region,Metro Manila,Metro Manila,Pasay City,Pasay City,Private Non-Sectarian,14.55706783,120.9957196,valid,False,v2,13,13811,1381100,1381100036
13361,Lady of Lourdes Hospital & Colleges of Caybiga,NCR,13 - Nat. Capital Region,Metro Manila,Metro Manila,Caloocan City,Caloocan City,Private Non-Sectarian,14.71946445,121.0068232,valid,False,v2,13,13801,1380100,1380100165
13293,Loral Douglas Woosley Bethany Colleges,NCR,13 - Nat. Capital Region,Metro Manila,Metro Manila,Makati City,Makati City,Private Non-Sectarian,14.5564,121.001,valid,False,v2,13,13803,1380300,1380300015
13324,Lyceum of Alabang,NCR,13 - Nat. Capital Region,Metro Manila,Metro Manila,Muntinlupa City,Muntinlupa City,Private Non-Sectarian,14.37325334,121.047365,valid,False,v2,13,13808,1380800,1380800008
13092,Lyceum of the Philippines University,NCR,13 - Nat. Capital Region,Metro Manila,Metro Manila,Intramuros,Intramuros,Private Non-Sectarian,14.59169,120.97837,valid,False,v2,13,13806,1380600,1380600658
13159,Makati Medical Center College,NCR,13 - Nat. Capital Region,Metro Manila,Metro Manila,Makati City,Makati City,Private Non-Sectarian,14.5663939,121.013018,valid,False,v2,13,13803,1380300,1380300023
13439,Makati Science Technological Institute of the Philippines,NCR,13 - Nat. Capital Region,Metro Manila,Metro Manila,Sta. Mesa,Sta. Mesa,Private Non-Sectarian,14.600907,121.012708,valid,False,v2,13,13806,1380600,1380600592
13461,Mandaluyong College of Science and Technology,NCR,13 - Nat. Capital Region,Metro Manila,Metro Manila,Mandaluyong City,Mandaluyong City,LUC,14.58439845,121.034998,valid,False,v2,13,13805,1380500,1380500001
13097,Manila Adventist College,NCR,13 - Nat. Capital Region,Metro Manila,Metro Manila,Pasay City,Pasay City,Private Non-Sectarian,14.55560778,120.9951256,valid,False,v2,13,13811,1381100,1381100035
13296,Manila Business College Foundation,NCR,13 - Nat. Capital Region,Metro Manila,Metro Manila,Sta. Cruz,Sta. Cruz,Private Non-Sectarian,14.61231,120.98418,valid,False,v2,13,13806,1380600,1380600324
13094,Manila Central University,NCR,13 - Nat. Capital Region,Metro Manila,Metro Manila,Caloocan City,Caloocan City,Private Non-Sectarian,14.65901829,120.986247,valid,False,v2,13,13801,1380100,1380100084
13098,Manila Theological College,NCR,13 - Nat. Capital Region,Metro Manila,Metro Manila,Sampaloc,Sampaloc,Private Non-Sectarian,14.63084508,120.9970088,valid,False,v2,13,13813,1381300,1381300056
13095,Manila Tytana Colleges,NCR,13 - Nat. Capital Region,Metro Manila,Metro Manila,Pasay City,Pasay City,Private Non-Sectarian,14.5406,120.9881,valid,False,v2,13,13811,1381100,1381100076
13099,Manuel L. Quezon University,NCR,13 - Nat. Capital Region,Metro Manila,Metro Manila,Quiapo,Quiapo,Private Non-Sectarian,14.63644,121.04165,valid,False,v2,13,13813,1381300,1381300116
13100a,Mapua University-Makati,NCR,13 - Nat. Capital Region,Metro Manila,Metro Manila,Makati City,Makati City,Private Non-Sectarian,14.56639176,121.0153874,valid,False,v2,13,13803,1380300,1380300026
13100,Mapua University-Manila,NCR,13 - Nat. Capital Region,Metro Manila,Metro Manila,Intramuros,Intramuros,Private Non-Sectarian,14.59049899,120.9779477,valid,False,v2,13,13806,1380600,1380600658
13441,Marianum College,NCR,13 - Nat. Capital Region,Metro Manila,Metro Manila,Muntinlupa City,Muntinlupa City,Private Sectarian,14.37893263,121.0532834,valid,False,v2,13,13808,1380800,1380800008
13336,Marie-Bernarde College,NCR,13 - Nat. Capital Region,Metro Manila,Metro Manila,Quezon City,Quezon City,Private Non-Sectarian,14.63174,121.00769,valid,False,v2,13,13813,1381300,1381300065
13101,Marikina Polytechnic College,NCR,13 - Nat. Capital Region,Metro Manila,Metro Manila,Marikina City,Marikina City,SUC Main,14.6325303221541,121.098627909303,valid,False,v2,13,13807,1380700,1380700009
13102,Martinez Memorial College,NCR,13 - Nat. Capital Region,Metro Manila,Metro Manila,Caloocan City,Caloocan City,Private Non-Sectarian,14.63876564,120.9757551,valid,False,v2,13,13801,1380100,1380100032
13103,Mary Chiles College,NCR,13 - Nat. Capital Region,Metro Manila,Metro Manila,Sampaloc,Sampaloc,Private Non-Sectarian,14.6038,120.98985,valid,False,v2,13,13806,1380600,1380600404
13337,Mary the Queen College of Quezon City,NCR,13 - Nat. Capital Region,Metro Manila,Metro Manila,Quezon City,Quezon City,Private Non-Sectarian,14.67550694,121.0823791,valid,False,v2,13,13813,1381300,1381300066
13391,Meridian International College of Business and Arts,NCR,13 - Nat. Capital Region,Metro Manila,Metro Manila,Taguig City,Taguig City,Private Non-Sectarian,14.53448,121.05235,valid,False,v2,13,13815,1381500,1381500025
13359,Messiah College Foundation,NCR,13 - Nat. Capital Region,Metro Manila,Metro Manila,Mandaluyong City,Mandaluyong City,Private Sectarian,14.58263363,121.0613581,valid,False,v2,13,13812,1381200,1381200019
13107,Metro Business College-Pasay,NCR,13 - Nat. Capital Region,Metro Manila,Metro Manila,Pasay City,Pasay City,Private Non-Sectarian,14.55006565,121.006588,valid,False,v2,13,13811,1381100,1381100128
13109,Metro Manila College,NCR,13 - Nat. Capital Region,Metro Manila,Metro Manila,Quezon City,Quezon City,Private Non-Sectarian,14.72674627,121.0435461,valid,False,v2,13,13813,1381300,1381300046
13442,Metropolitan Institute of Arts and Sciences,NCR,13 - Nat. Capital Region,Metro Manila,Metro Manila,Caloocan City,Caloocan City,Private Non-Sectarian,14.75092,121.04571,valid,False,v2,13,13801,1380100,1380100177
13110,"Metropolitan Medical Center College of Arts, Science and Technology",NCR,13 - Nat. Capital Region,Metro Manila,Metro Manila,Sta. Cruz,Sta. Cruz,Private Non-Sectarian,14.60985259,120.9784097,valid,False,v2,13,13806,1380600,1380600262
13111,Miriam College,NCR,13 - Nat. Capital Region,Metro Manila,Metro Manila,Quezon City,Quezon City,Private Sectarian,14.64383777,121.0764379,valid,False,v2,13,13813,1381300,1381300055
13112,Mother of Life Center,NCR,13 - Nat. Capital Region,Metro Manila,Metro Manila,Quezon City,Quezon City,Private Sectarian,14.73045797,121.036235,valid,False,v2,13,13813,1381300,1381300095
13115,NAMEI Polytechnic Institute,NCR,13 - Nat. Capital Region,Metro Manila,Metro Manila,Mandaluyong City,Mandaluyong City,Private Non-Sectarian,14.58787908,121.023735,valid,False,v2,13,13805,1380500,1380500015
13448,NBS College,NCR,13 - Nat. Capital Region,Metro Manila,Metro Manila,Quezon City,Quezon City,Private Non-Sectarian,14.639674,121.031047,valid,False,v2,13,13813,1381300,1381300116
13459,NU Fairview,NCR,13 - Nat. Capital Region,Metro Manila,Metro Manila,Quezon City,Quezon City,Private Non-Sectarian,14.7337,121.06043,valid,False,v2,13,13813,1381300,1381300141
13149,National Aviation Academy of the Philippines-Main,NCR,13 - Nat. Capital Region,Metro Manila,Metro Manila,Pasay City,Pasay City,SUC Main,14.5273332356287,121.023545314968,valid,False,v2,13,13811,1381100,1381100183
13311,National Christian Life College,NCR,13 - Nat. Capital Region,Metro Manila,Metro Manila,Marikina City,Marikina City,Private Non-Sectarian,14.63887528,121.0989267,valid,False,v2,13,13807,1380700,1380700010
13116,National College of Business and Arts-Cubao,NCR,13 - Nat. Capital Region,Metro Manila,Metro Manila,Quezon City,Quezon City,Private Non-Sectarian,14.6280193,121.0682837,valid,False,v2,13,13813,1381300,1381300062
13117,National College of Business and Arts-Fairview,NCR,13 - Nat. Capital Region,Metro Manila,Metro Manila,Quezon City,Quezon City,Private Non-Sectarian,14.7048,121.068,valid,False,v2,13,13813,1381300,1381300041
13253,National Defense College,NCR,13 - Nat. Capital Region,Metro Manila,Metro Manila,Quezon City,Quezon City,Special HEI,14.60930701,121.0679386,valid,False,v2,13,13813,1381300,1381300019
13360,National Polytechnic College of Science and Technology,NCR,13 - Nat. Capital Region,Metro Manila,Metro Manila,Quezon City,Quezon City,Private Non-Sectarian,14.7354,121.06504,valid,False,v2,13,13813,1381300,1381300141
13121,National University,NCR,13 - Nat. Capital Region,Metro Manila,Metro Manila,Sampaloc,Sampaloc,Private Non-Sectarian,14.60435,120.9946,valid,False,v2,13,13806,1380600,1380600407
13122,Navotas Polytechnic College,NCR,13 - Nat. Capital Region,Metro Manila,Metro Manila,Navotas City,Navotas City,LUC,14.64482,120.9568,valid,False,v2,13,13809,1380900,1380900009
13343,New England College,NCR,13 - Nat. Capital Region,Metro Manila,Metro Manila,Quezon City,Quezon City,Private Non-Sectarian,14.62197099,121.0066561,valid,False,v2,13,13813,1381300,1381300032
13123,New Era University,NCR,13 - Nat. Capital Region,Metro Manila,Metro Manila,Quezon City,Quezon City,Private Non-Sectarian,14.66442,121.0566,valid,False,v2,13,13813,1381300,1381300023
13124,Olivarez College,NCR,13 - Nat. Capital Region,Metro Manila,Metro Manila,Parañaque City,Parañaque City,Private Non-Sectarian,14.479,120.9962,valid,False,v2,13,13810,1381000,1381000004
13269,Our Lady of Fatima University-Quezon City,NCR,13 - Nat. Capital Region,Metro Manila,Metro Manila,Quezon City,Quezon City,Private Non-Sectarian,14.73821114,121.0696305,valid,False,v2,13,13813,1381300,1381300079
13125,Our Lady of Fatima University-Valenzuela,NCR,13 - Nat. Capital Region,Metro Manila,Metro Manila,Valenzuela City,Valenzuela City,Private Non-Sectarian,14.6194,121.152,valid,False,v2,04,04058,0405802,0405802017
13316,Our Lady of Guadalupe Colleges,NCR,13 - Nat. Capital Region,Metro Manila,Metro Manila,Mandaluyong City,Mandaluyong City,Private Non-Sectarian,14.57735,121.0496,valid,False,v2,13,13805,1380500,1380500013
13126,Our Lady of Lourdes College,NCR,13 - Nat. Capital Region,Metro Manila,Metro Manila,Valenzuela City,Valenzuela City,Private Non-Sectarian,14.68979,121.0079,valid,False,v2,13,13816,1381600,1381600030
13270,Our Lady of Lourdes Technological College,NCR,13 - Nat. Capital Region,Metro Manila,Metro Manila,Quezon City,Quezon City,Private Non-Sectarian,14.72056617,121.0278734,valid,False,v2,13,13813,1381300,1381300068
13218,Our Lady of Perpetual 2cor College,NCR,13 - Nat. Capital Region,Metro Manila,Metro Manila,Marikina City,Marikina City,Private Non-Sectarian,14.64797,121.11223,valid,False,v2,13,13807,1380700,1380700003
13127,Our Lady of the Angels Seminary,NCR,13 - Nat. Capital Region,Metro Manila,Metro Manila,Quezon City,Quezon City,Private Sectarian,14.69833,121.039,valid,False,v2,13,13813,1381300,1381300006
13129,PACE Graduate School of Christian Education,NCR,13 - Nat. Capital Region,Metro Manila,Metro Manila,Quezon City,Quezon City,Private Non-Sectarian,14.61241,121.0524,valid,False,v2,13,13813,1381300,1381300008
13134,PATTS College of Aeronautics,NCR,13 - Nat. Capital Region,Metro Manila,Metro Manila,Parañaque City,Parañaque City,Private Non-Sectarian,14.47493,121.0065,valid,False,v2,13,13810,1381000,1381000013
13152,PHILSIN College Foundation,NCR,13 - Nat. Capital Region,Metro Manila,Metro Manila,Sta. Mesa,Sta. Mesa,Private Non-Sectarian,14.5976,121.0176,valid,False,v2,13,13806,1380600,1380600603
13153,PMI Colleges-Manila,NCR,13 - Nat. Capital Region,Metro Manila,Metro Manila,Sta. Cruz,Sta. Cruz,Private Non-Sectarian,14.59980512,120.97858,valid,False,v2,13,13806,1380600,1380600290
13154,PMI Colleges-Quezon City,NCR,13 - Nat. Capital Region,Metro Manila,Metro Manila,Quezon City,Quezon City,Private Non-Sectarian,14.6343205,121.0176756,valid,False,v2,13,13813,1381300,1381300104
13376,Pacific InterContinental College,NCR,13 - Nat. Capital Region,Metro Manila,Metro Manila,Las Piñas City,Las Piñas City,Private Non-Sectarian,14.41981,121.011065,valid,False,v2,13,13802,1380200,1380200015
13347,Pamantasan ng Lungsod ng Marikina,NCR,13 - Nat. Capital Region,Metro Manila,Metro Manila,Marikina City,Marikina City,LUC with Institutional Recognition,14.64066099,121.1174066,valid,False,v2,13,13807,1380700,1380700012
13130,Pamantasan ng Lungsod ng Maynila,NCR,13 - Nat. Capital Region,Metro Manila,Metro Manila,Intramuros,Intramuros,LUC with Institutional Recognition,14.58703,120.9761,valid,False,v2,13,13806,1380600,1380600657
13114,Pamantasan ng Lungsod ng Muntinlupa,NCR,13 - Nat. Capital Region,Metro Manila,Metro Manila,Muntinlupa City,Muntinlupa City,LUC with Institutional Recognition,14.3888336,121.0253383,valid,False,v2,13,13808,1380800,1380800005
13290,Pamantasan ng Lungsod ng Pasig,NCR,13 - Nat. Capital Region,Metro Manila,Metro Manila,Pasig City,Pasig City,LUC with Institutional Recognition,14.56243303,121.0748642,valid,False,v2,13,13812,1381200,1381200008
13335,Pamantasan ng Lungsod ng Valenzuela,NCR,13 - Nat. Capital Region,Metro Manila,Metro Manila,Valenzuela City,Valenzuela City,LUC with Institutional Recognition,14.6985689,120.9790559,valid,False,v2,13,13816,1381600,1381600020
13455,Parañaque City College,NCR,13 - Nat. Capital Region,Metro Manila,Metro Manila,Parañaque City,Parañaque City,LUC,14.49202904,120.986319,valid,False,v2,13,13810,1381000,1381000004
13133,Pasig Catholic College,NCR,13 - Nat. Capital Region,Metro Manila,Metro Manila,Pasig City,Pasig City,Private Non-Sectarian,14.56051,121.0766,valid,False,v2,13,13812,1381200,1381200010
13358,Pateros Technological College,NCR,13 - Nat. Capital Region,Metro Manila,Metro Manila,Pateros,Pateros,LUC with Institutional Recognition,14.552838,121.069086,valid,False,v2,13,13812,1381200,1381200004
13135,Perpetual Help College of Manila,NCR,13 - Nat. Capital Region,Metro Manila,Metro Manila,Sampaloc,Sampaloc,Private Non-Sectarian,14.61284,120.988,valid,False,v2,13,13806,1380600,1380600470
13138,Philippine Christian University,NCR,13 - Nat. Capital Region,Metro Manila,Metro Manila,Malate,Malate,Private Sectarian,14.57625,120.9886,valid,False,v2,13,13806,1380600,1380600675
13139,Philippine College of Criminology,NCR,13 - Nat. Capital Region,Metro Manila,Metro Manila,Sta. Cruz,Sta. Cruz,Private Non-Sectarian,14.60181,120.9829,valid,False,v2,13,13806,1380600,1380600309
13140,Philippine College of Health Sciences,NCR,13 - Nat. Capital Region,Metro Manila,Metro Manila,Quiapo,Quiapo,Private Non-Sectarian,14.60334,120.9853,valid,False,v2,13,13806,1380600,1380600395
13369,Philippine Cultural College,NCR,13 - Nat. Capital Region,Metro Manila,Metro Manila,Quezon City,Quezon City,Private Non-Sectarian,14.62244,121.0041,valid,False,v2,13,13813,1381300,1381300054
13137,Philippine Dominican Center of Institutional Studies,NCR,13 - Nat. Capital Region,Metro Manila,Metro Manila,Quezon City,Quezon City,Private Sectarian,14.62635,121.0099,valid,False,v2,13,13813,1381300,1381300065
13145,Philippine Merchant Marine School-Las Piñas,NCR,13 - Nat. Capital Region,Metro Manila,Metro Manila,Las Piñas City,Las Piñas City,Private Non-Sectarian,14.42828996,120.9998034,valid,False,v2,13,13802,1380200,1380200020
13144,Philippine Merchant Marine School-Manila,NCR,13 - Nat. Capital Region,Metro Manila,Metro Manila,Sta. Cruz,Sta. Cruz,Private Non-Sectarian,14.62071,121.01675,valid,False,v2,13,13813,1381300,1381300121
13146,Philippine Normal University-Main,NCR,13 - Nat. Capital Region,Metro Manila,Metro Manila,Ermita,Ermita,SUC Main,14.5873322947585,120.982840453481,valid,False,v2,13,13806,1380600,1380600659
13236,Philippine Rehabilitation Institute Foundation,NCR,13 - Nat. Capital Region,Metro Manila,Metro Manila,Quezon City,Quezon City,Private Non-Sectarian,14.62873774,121.003927,valid,False,v2,13,13813,1381300,1381300065
13148,Philippine School of Business Administration-Manila,NCR,13 - Nat. Capital Region,Metro Manila,Metro Manila,Sampaloc,Sampaloc,Private Non-Sectarian,14.60364749,120.9885636,valid,False,v2,13,13806,1380600,1380600396
13147,Philippine School of Business Administration-Quezon City,NCR,13 - Nat. Capital Region,Metro Manila,Metro Manila,Quezon City,Quezon City,Private Non-Sectarian,14.62981667,121.0730831,valid,False,v2,13,13813,1381300,1381300055
13426,Philippine School of Interior Design- AHLEN Institute,NCR,13 - Nat. Capital Region,Metro Manila,Metro Manila,Taguig City,Taguig City,Private Non-Sectarian,14.528,121.042,valid,False,v2,13,13815,1381500,1381500018
13155,Polytechnic University of the Philippines,NCR,13 - Nat. Capital Region,Metro Manila,Metro Manila,Sta. Mesa,Sta. Mesa,SUC Main,14.6021913520304,121.006903157634,valid,False,v2,13,13806,1380600,1380600426
13155P,Polytechnic University of the Philippines-Parañaque Campus,NCR,13 - Nat. Capital Region,Metro Manila,Metro Manila,Parañaque City,Parañaque City,SUC Satellite,14.500689527317,120.994875782315,valid,False,v2,13,13810,1381000,1381000005
13323,Polytechnic University of the Philippines-Quezon City Campus,NCR,13 - Nat. Capital Region,Metro Manila,Metro Manila,Quezon City,Quezon City,SUC Satellite,14.7000067389785,121.082014922797,valid,False,v2,13,13813,1381300,1381300022
13155I,Polytechnic University of the Philippines-San Juan Campus,NCR,13 - Nat. Capital Region,Metro Manila,Metro Manila,San Juan City,San Juan City,SUC Satellite,14.5945355909737,121.040185753481,valid,False,v2,13,13814,1381400,1381400001
13156,Polytechnic University of the Philippines-Taguig,NCR,13 - Nat. Capital Region,Metro Manila,Metro Manila,Taguig City,Taguig City,SUC Satellite,14.4889878135429,121.051106122794,valid,False,v2,13,13815,1381500,1381500019
13346,Quezon City University,NCR,13 - Nat. Capital Region,Metro Manila,Metro Manila,Quezon City,Quezon City,LUC with Institutional Recognition,14.7010237,121.0318233,valid,False,v2,13,13813,1381300,1381300097
13427,Recoletos School of Theology,NCR,13 - Nat. Capital Region,Metro Manila,Metro Manila,Quezon City,Quezon City,Private Sectarian,14.67835,121.06081,valid,False,v2,13,13813,1381300,1381300080
13091,Regis Marie College,NCR,13 - Nat. Capital Region,Metro Manila,Metro Manila,Parañaque City,Parañaque City,Private Non-Sectarian,14.4769989,121.0014339,valid,False,v2,13,13810,1381000,1381000004
13160,Republican College,NCR,13 - Nat. Capital Region,Metro Manila,Metro Manila,Quezon City,Quezon City,Private Non-Sectarian,14.61608329,121.0640515,valid,False,v2,13,13813,1381300,1381300102
13161,Rizal Technological University,NCR,13 - Nat. Capital Region,Metro Manila,Metro Manila,Mandaluyong City,Mandaluyong City,SUC Main,14.5759606297749,121.042175252602,valid,False,v2,13,13805,1380500,1380500016
13325,Rogationist Seminary College of Philosophy,NCR,13 - Nat. Capital Region,Metro Manila,Metro Manila,Parañaque City,Parañaque City,Private Sectarian,14.50158696,121.0246239,valid,False,v2,13,13810,1381000,1381000010
13162,Roosevelt College-Marikina,NCR,13 - Nat. Capital Region,Metro Manila,Metro Manila,Marikina City,Marikina City,Private Non-Sectarian,14.64869059,121.0984826,valid,False,v2,13,13807,1380700,1380700005
13233,STI College Pasay-EDSA,NCR,13 - Nat. Capital Region,Metro Manila,Metro Manila,Malate,Malate,Private Non-Sectarian,14.53842791,120.9968409,valid,False,v2,13,13811,1381100,1381100075
13223,STI College-Alabang,NCR,13 - Nat. Capital Region,Metro Manila,Metro Manila,Muntinlupa City,Muntinlupa City,Private Non-Sectarian,14.41969885,121.0469446,valid,False,v2,13,13808,1380800,1380800001
13227,STI College-Caloocan,NCR,13 - Nat. Capital Region,Metro Manila,Metro Manila,Caloocan City,Caloocan City,Private Non-Sectarian,14.65779363,120.9768613,valid,False,v2,13,13801,1380100,1380100080
13224,STI College-Cubao,NCR,13 - Nat. Capital Region,Metro Manila,Metro Manila,Quezon City,Quezon City,Private Non-Sectarian,14.61653,121.05398,valid,False,v2,13,13813,1381300,1381300115
13232,STI College-Fairview,NCR,13 - Nat. Capital Region,Metro Manila,Metro Manila,Quezon City,Quezon City,Private Non-Sectarian,14.71620782,121.0614113,valid,False,v2,13,13813,1381300,1381300142
13226,STI College-Global City,NCR,13 - Nat. Capital Region,Metro Manila,Metro Manila,Taguig City,Taguig City,Private Non-Sectarian,14.55248,121.05607,valid,False,v2,13,13815,1381500,1381500034
13274,STI College-Las Piñas,NCR,13 - Nat. Capital Region,Metro Manila,Metro Manila,Las Piñas City,Las Piñas City,Private Non-Sectarian,14.45004022,120.9810979,valid,False,v2,13,13802,1380200,1380200014
13294,STI College-Marikina,NCR,13 - Nat. Capital Region,Metro Manila,Metro Manila,Marikina City,Marikina City,Private Non-Sectarian,14.65030383,121.1061567,valid,False,v2,13,13807,1380700,1380700003
13230,STI College-Muñoz EDSA,NCR,13 - Nat. Capital Region,Metro Manila,Metro Manila,Quezon City,Quezon City,Private Non-Sectarian,14.65826285,121.0191313,valid,False,v2,13,13813,1381300,1381300089
13231,STI College-Novaliches,NCR,13 - Nat. Capital Region,Metro Manila,Metro Manila,Quezon City,Quezon City,Private Non-Sectarian,14.70458,121.03675,valid,False,v2,13,13813,1381300,1381300097
13225,STI College-Shaw,NCR,13 - Nat. Capital Region,Metro Manila,Metro Manila,Pasig City,Pasig City,Private Non-Sectarian,14.59461037,121.0252498,valid,False,v2,13,13806,1380600,1380600602
13035,Saint Anthony Mary Claret College,NCR,13 - Nat. Capital Region,Metro Manila,Metro Manila,Quezon City,Quezon City,Private Sectarian,14.66514,121.04725,valid,False,v2,13,13813,1381300,1381300025
13242,Saint Bernadette College of Alabang,NCR,13 - Nat. Capital Region,Metro Manila,Metro Manila,Muntinlupa City,Muntinlupa City,Private Non-Sectarian,14.4249967,121.0460132,valid,False,v2,13,13808,1380800,1380800001
13166,Saint Francis of Assisi College,NCR,13 - Nat. Capital Region,Metro Manila,Metro Manila,Las Piñas City,Las Piñas City,Private Non-Sectarian,14.44768757,120.9998765,valid,False,v2,13,13802,1380200,1380200018
13172,Saint Rita College-Manila,NCR,13 - Nat. Capital Region,Metro Manila,Metro Manila,Quiapo,Quiapo,Private Sectarian,14.599698,120.989799,valid,False,v2,13,13806,1380600,1380600390
13177,Samson College of Science and Technology-Quezon City,NCR,13 - Nat. Capital Region,Metro Manila,Metro Manila,Quezon City,Quezon City,Private Non-Sectarian,14.61693284,121.0519804,valid,False,v2,13,13813,1381300,1381300101
13220,San Beda College-Alabang,NCR,13 - Nat. Capital Region,Metro Manila,Metro Manila,Muntinlupa City,Muntinlupa City,Private Sectarian,14.43309985,121.025549,valid,False,v2,13,13808,1380800,1380800004
13178,San Beda University,NCR,13 - Nat. Capital Region,Metro Manila,Metro Manila,San Miguel,San Miguel,Private Sectarian,14.59972,120.99307,valid,False,v2,13,13806,1380600,1380600638
13179,San Carlos Seminary,NCR,13 - Nat. Capital Region,Metro Manila,Metro Manila,Makati City,Makati City,Private Sectarian,14.56389686,121.0428428,valid,False,v2,13,13803,1380300,1380300010
13180,San Juan de Dios Educational Foundation,NCR,13 - Nat. Capital Region,Metro Manila,Metro Manila,Pasay City,Pasay City,Private Sectarian,14.53803877,120.9930061,valid,False,v2,13,13811,1381100,1381100076
13181,San Sebastian College-Recoletos,NCR,13 - Nat. Capital Region,Metro Manila,Metro Manila,Sampaloc,Sampaloc,Private Sectarian,14.60103476,120.9898838,valid,False,v2,13,13806,1380600,1380600404
13183,Santa Isabel College of Manila,NCR,13 - Nat. Capital Region,Metro Manila,Metro Manila,Ermita,Ermita,Private Sectarian,14.58583671,120.9837855,valid,False,v2,13,13806,1380600,1380600960
13443,Sapphire International Aviation Academy,NCR,13 - Nat. Capital Region,Metro Manila,Metro Manila,Parañaque City,Parañaque City,Private Non-Sectarian,14.47048,121.00995,valid,False,v2,13,13810,1381000,1381000013
13409,School of Fashion and the Arts,NCR,13 - Nat. Capital Region,Metro Manila,Metro Manila,Makati City,Makati City,Private Non-Sectarian,14.56622216,121.0386407,valid,False,v2,13,13803,1380300,1380300010
13185,Siena College,NCR,13 - Nat. Capital Region,Metro Manila,Metro Manila,Quezon City,Quezon City,Private Sectarian,14.64573475,121.0020625,valid,False,v2,13,13813,1381300,1381300026
13452,South CompEdge College,NCR,13 - Nat. Capital Region,Metro Manila,Metro Manila,Parañaque City,Parañaque City,Private Non-Sectarian,14.53008916,120.9970721,valid,False,v2,13,13810,1381000,1381000001
13349,South Mansfield College,NCR,13 - Nat. Capital Region,Metro Manila,Metro Manila,Muntinlupa City,Muntinlupa City,Private Non-Sectarian,14.39897639,121.0433075,valid,False,v2,13,13808,1380800,1380800006
13399,South SEED LPDH College,NCR,13 - Nat. Capital Region,Metro Manila,Metro Manila,Las Piñas City,Las Piñas City,Private Non-Sectarian,14.45504752,120.9950609,valid,False,v2,13,13802,1380200,1380200011
13430,Southeast Asia Christian College,NCR,13 - Nat. Capital Region,Metro Manila,Metro Manila,Caloocan City,Caloocan City,Private Non-Sectarian,14.75803399,121.0754484,valid,False,v2,13,13801,1380100,1380100179
13200,Southeast Asian College,NCR,13 - Nat. Capital Region,Metro Manila,Metro Manila,Quezon City,Quezon City,Private Non-Sectarian,14.62172329,121.0009209,valid,False,v2,13,13813,1381300,1381300107
13186,Southeastern College,NCR,13 - Nat. Capital Region,Metro Manila,Metro Manila,Pasay City,Pasay City,Private Non-Sectarian,14.55065988,120.9991441,valid,False,v2,13,13811,1381100,1381100058
13411,Southville International School,NCR,13 - Nat. Capital Region,Metro Manila,Metro Manila,Las Piñas City,Las Piñas City,Private Non-Sectarian,14.45595622,120.9955775,valid,False,v2,13,13802,1380200,1380200011
13314,Southville International School and Colleges,NCR,13 - Nat. Capital Region,Metro Manila,Metro Manila,Las Piñas City,Las Piñas City,Private Non-Sectarian,14.45533,120.99509,valid,False,v2,13,13802,1380200,1380200011
13338,St. Bernadette of Lourdes College,NCR,13 - Nat. Capital Region,Metro Manila,Metro Manila,Quezon City,Quezon City,Private Non-Sectarian,14.69747827,121.0650643,valid,False,v2,13,13813,1381300,1381300041
13450,St. Chamuel College,NCR,13 - Nat. Capital Region,Metro Manila,Metro Manila,Taguig City,Taguig City,Private Non-Sectarian,14.37891184,121.0533156,valid,False,v2,13,13808,1380800,1380800008
13272,St. Clare College of Caloocan,NCR,13 - Nat. Capital Region,Metro Manila,Metro Manila,Caloocan City,Caloocan City,Private Non-Sectarian,14.75537,121.04419,valid,False,v2,13,13801,1380100,1380100177
13221,St. Dominic Savio College,NCR,13 - Nat. Capital Region,Metro Manila,Metro Manila,Caloocan City,Caloocan City,Private Non-Sectarian,14.76194985,121.0863339,valid,False,v2,13,13801,1380100,1380100183
13222,St. John Technological College of the Philippines,NCR,13 - Nat. Capital Region,Metro Manila,Metro Manila,Quezon City,Quezon City,Private Non-Sectarian,14.7172639,121.0387739,valid,False,v2,13,13813,1381300,1381300070
13351,St. John of Beverly School,NCR,13 - Nat. Capital Region,Metro Manila,Metro Manila,Quezon City,Quezon City,Private Non-Sectarian,14.70605198,121.0379877,valid,False,v2,13,13813,1381300,1381300097
13168,St. Joseph's College of Quezon City,NCR,13 - Nat. Capital Region,Metro Manila,Metro Manila,Quezon City,Quezon City,Private Sectarian,14.62251166,121.0254861,valid,False,v2,13,13813,1381300,1381300047
13169,St. Jude College,NCR,13 - Nat. Capital Region,Metro Manila,Metro Manila,Sampaloc,Sampaloc,Private Non-Sectarian,14.61597009,120.9893339,valid,False,v2,13,13806,1380600,1380600491
13141,St. Louis College-Valenzuela,NCR,13 - Nat. Capital Region,Metro Manila,Metro Manila,Valenzuela City,Valenzuela City,Private Non-Sectarian,14.69663,120.9713,valid,False,v2,13,13816,1381600,1381600020
13188,St. Luke's College of Medicine-William H. Quasha Memorial,NCR,13 - Nat. Capital Region,Metro Manila,Metro Manila,Quezon City,Quezon City,Private Sectarian,14.623918,121.023007,valid,False,v2,13,13813,1381300,1381300047
13306,St. Mary's College,NCR,13 - Nat. Capital Region,Metro Manila,Metro Manila,Quezon City,Quezon City,Private Sectarian,14.64439582,121.0216265,valid,False,v2,13,13813,1381300,1381300076
13170,St. Paul University-Manila,NCR,13 - Nat. Capital Region,Metro Manila,Metro Manila,Malate,Malate,Private Sectarian,14.5742,120.9861,valid,False,v2,13,13806,1380600,1380600697
13171,St. Paul University-Quezon City,NCR,13 - Nat. Capital Region,Metro Manila,Metro Manila,Quezon City,Quezon City,Private Sectarian,14.61470599,121.0350582,valid,False,v2,13,13813,1381300,1381300060
13174,St. Scholastica's College,NCR,13 - Nat. Capital Region,Metro Manila,Metro Manila,Malate,Malate,Private Sectarian,14.5633899,120.9959675,valid,False,v2,13,13806,1380600,1380600728
13412,St. Therese of the Child Jesus Institute of Arts and Sciences,NCR,13 - Nat. Capital Region,Metro Manila,Metro Manila,Pasay City,Pasay City,Private Non-Sectarian,14.55591,120.99642,valid,False,v2,13,13811,1381100,1381100036
13403,St. Vincent de Ferrer College of Camarin,NCR,13 - Nat. Capital Region,Metro Manila,Metro Manila,Caloocan City,Caloocan City,Private Non-Sectarian,14.75728731,121.0594727,valid,False,v2,13,13801,1380100,1380100178
13191,Stella Maris College,NCR,13 - Nat. Capital Region,Metro Manila,Metro Manila,Quezon City,Quezon City,Private Sectarian,14.62485,121.0534,valid,False,v2,13,13813,1381300,1381300035
13240,System Plus Computer College-Caloocan,NCR,13 - Nat. Capital Region,Metro Manila,Metro Manila,Caloocan City,Caloocan City,Private Non-Sectarian,14.65125275,120.9892127,valid,False,v2,13,13801,1380100,1380100104
13192,Systems Plus Computer College-Quezon City,NCR,13 - Nat. Capital Region,Metro Manila,Metro Manila,Quezon City,Quezon City,Private Non-Sectarian,14.62430112,121.0435314,valid,False,v2,13,13813,1381300,1381300083
13365,Taguig City University,NCR,13 - Nat. Capital Region,Metro Manila,Metro Manila,Taguig City,Taguig City,LUC,14.49154461,121.0548831,valid,False,v2,13,13815,1381500,1381500019
13193,Technological Institute of the Philippines-Manila,NCR,13 - Nat. Capital Region,Metro Manila,Metro Manila,Quiapo,Quiapo,Private Non-Sectarian,14.59539338,120.987952,valid,False,v2,13,13806,1380600,1380600385
13194,Technological Institute of the Philippines-Quezon City,NCR,13 - Nat. Capital Region,Metro Manila,Metro Manila,Quezon City,Quezon City,Private Non-Sectarian,14.62597872,121.0617021,valid,False,v2,13,13813,1381300,1381300059
13195,Technological University of the Philippines-Manila,NCR,13 - Nat. Capital Region,Metro Manila,Metro Manila,Ermita,Ermita,SUC Main,14.5873489437455,120.984497524645,valid,False,v2,13,13806,1380600,1380600660
13198,Technological University of the Philippines-Taguig,NCR,13 - Nat. Capital Region,Metro Manila,Metro Manila,Taguig City,Taguig City,SUC Satellite,14.5099159583909,121.034492692109,valid,False,v2,13,13815,1381500,1381500018
13249,The Fisher Valley College,NCR,13 - Nat. Capital Region,Metro Manila,Metro Manila,Taguig City,Taguig City,Private Non-Sectarian,14.5182,121.071,valid,False,v2,13,13815,1381500,1381500026
13120,The National Teachers College,NCR,13 - Nat. Capital Region,Metro Manila,Metro Manila,Quiapo,Quiapo,Private Non-Sectarian,14.60203,120.98863,valid,False,v2,13,13806,1380600,1380600404
13372,The One Nation Entrepreneur School,NCR,13 - Nat. Capital Region,Metro Manila,Metro Manila,Makati City,Makati City,Private Non-Sectarian,14.55,121.03,valid,False,v2,13,13803,1380300,1380300008
13150,The Philippine Women's University-Manila,NCR,13 - Nat. Capital Region,Metro Manila,Metro Manila,Malate,Malate,Private Non-Sectarian,14.57475,120.98979,valid,False,v2,13,13806,1380600,1380600694
13202,The University of Manila,NCR,13 - Nat. Capital Region,Metro Manila,Metro Manila,Sampaloc,Sampaloc,Private Non-Sectarian,14.6025,120.99016,valid,False,v2,13,13806,1380600,1380600404
13382,Treston International College,NCR,13 - Nat. Capital Region,Metro Manila,Metro Manila,Taguig City,Taguig City,Private Non-Sectarian,14.55167279,121.0586371,valid,False,v2,13,13815,1381500,1381500034
13197,Trinity University of Asia,NCR,13 - Nat. Capital Region,Metro Manila,Metro Manila,Quezon City,Quezon City,Private Non-Sectarian,14.62161083,121.0219326,valid,False,v2,13,13813,1381300,1381300047
13385,UBIX Institute of Technologies,NCR,13 - Nat. Capital Region,Metro Manila,Metro Manila,Muntinlupa City,Muntinlupa City,Private Non-Sectarian,14.44413504,121.0482377,valid,False,v2,13,13808,1380800,1380800003
13199,Unciano Colleges and General Hospital,NCR,13 - Nat. Capital Region,Metro Manila,Metro Manila,Sta. Mesa,Sta. Mesa,Private Non-Sectarian,14.60079709,121.0160605,valid,False,v2,13,13806,1380600,1380600588
13453,United Christian Academy College of Asia,NCR,13 - Nat. Capital Region,Metro Manila,Metro Manila,Parañaque City,Parañaque City,Private Non-Sectarian,14.46208183,121.034342,valid,False,v2,13,13810,1381000,1381000012
13345,Universal Colleges of Parañaque,NCR,13 - Nat. Capital Region,Metro Manila,Metro Manila,Parañaque City,Parañaque City,Private Non-Sectarian,14.47515898,121.0020447,valid,False,v2,13,13810,1381000,1381000004
13212,Universidad de Manila,NCR,13 - Nat. Capital Region,Metro Manila,Metro Manila,Ermita,Ermita,LUC,14.59177,120.98143,valid,False,v2,13,13806,1380600,1380600959
13028,University of Asia and the Pacific,NCR,13 - Nat. Capital Region,Metro Manila,Metro Manila,Pasig City,Pasig City,Private Non-Sectarian,14.58052372,121.0616025,valid,False,v2,13,13812,1381200,1381200019
13085,University of Caloocan City,NCR,13 - Nat. Capital Region,Metro Manila,Metro Manila,Caloocan City,Caloocan City,LUC,14.6536,120.99499,valid,False,v2,13,13801,1380100,1380100096
13132,University of Makati,NCR,13 - Nat. Capital Region,Metro Manila,Metro Manila,Makati City,Makati City,LUC with Institutional Recognition,14.56352,121.0567,valid,False,v2,13,13815,1381500,1381500038
13136,University of Perpetual Help System Dalta,NCR,13 - Nat. Capital Region,Metro Manila,Metro Manila,Las Piñas City,Las Piñas City,Private Non-Sectarian,14.45098,120.9854,valid,False,v2,13,13802,1380200,1380200014
13203,University of Santo Tomas,NCR,13 - Nat. Capital Region,Metro Manila,Metro Manila,Sampaloc,Sampaloc,Private Sectarian,14.61,120.989,valid,False,v2,13,13806,1380600,1380600470
13205,University of the East-Caloocan,NCR,13 - Nat. Capital Region,Metro Manila,Metro Manila,Caloocan City,Caloocan City,Private Non-Sectarian,14.65906,120.97689,valid,False,v2,13,13801,1380100,1380100080
13204,University of the East-Manila,NCR,13 - Nat. Capital Region,Metro Manila,Metro Manila,Sampaloc,Sampaloc,Private Non-Sectarian,14.60240833,120.9896416,valid,False,v2,13,13806,1380600,1380600404
13201,University of the East-Ramon Magsaysay Memorial Medical Center,NCR,13 - Nat. Capital Region,Metro Manila,Metro Manila,Quezon City,Quezon City,Private Non-Sectarian,14.6079636,121.020272,valid,False,v2,13,13813,1381300,1381300031
13206,University of the Philippines-Diliman,NCR,13 - Nat. Capital Region,Metro Manila,Metro Manila,Quezon City,Quezon City,SUC Main,14.6540763295197,121.068431666026,valid,False,v2,13,13813,1381300,1381300124
13207,University of the Philippines-Manila,NCR,13 - Nat. Capital Region,Metro Manila,Metro Manila,Malate,Malate,SUC Satellite,14.5779553546052,120.98529149396,valid,False,v2,13,13806,1380600,1380600669
13348,Valenzuela City Polytechnic College,NCR,13 - Nat. Capital Region,Metro Manila,Metro Manila,Valenzuela City,Valenzuela City,LUC with Institutional Recognition,14.69904,120.99057,valid,False,v2,13,13816,1381600,1381600004
13354,Villagers Montessori College,NCR,13 - Nat. Capital Region,Metro Manila,Metro Manila,Quezon City,Quezon City,Private Non-Sectarian,14.67315,121.02,valid,False,v2,13,13813,1381300,1381300137
13331,WCC Aeronautical & Technological College-North Manila,NCR,13 - Nat. Capital Region,Metro Manila,Metro Manila,Caloocan City,Caloocan City,Private Non-Sectarian,14.65655496,120.9913874,valid,False,v2,13,13801,1380100,1380100087
13292,Wesleyan College of Manila,NCR,13 - Nat. Capital Region,Metro Manila,Metro Manila,Pasay City,Pasay City,Private Non-Sectarian,14.56034959,120.9929762,valid,False,v2,13,13806,1380600,1380600719
13239,West Bay College,NCR,13 - Nat. Capital Region,Metro Manila,Metro Manila,Muntinlupa City,Muntinlupa City,Private Non-Sectarian,14.41690178,121.0493307,valid,False,v2,13,13808,1380800,1380800001
13157,World Citi Colleges-Quezon City,NCR,13 - Nat. Capital Region,Metro Manila,Metro Manila,Quezon City,Quezon City,Private Non-Sectarian,14.62719942,121.0635405,valid,False,v2,13,13813,1381300,1381300007
06128,ABE International Business College-Bacolod City,NIR,18 - Negros Island Region,Negros Occidental,Negros Occidental,Bacolod City,Bacolod City,Private Non-Sectarian,10.666,122.948,valid,False,v2,06,18302,1830200,1830200034
06115,AMA Computer College-Bacolod,NIR,18 - Negros Island Region,Negros Occidental,Negros Occidental,Bacolod City,Bacolod City,Private Non-Sectarian,10.68224,122.95718,valid,False,v2,06,18302,1830200,1830200040
07115,AMA Computer College-Dumaguete City,NIR,18 - Negros Island Region,Negros Oriental,Negros Oriental,Dumaguete City,Dumaguete City,Private Non-Sectarian,9.31028,123.308,valid,False,v2,18,18046,1804610,1804610023
07093,Asian College of Science and Technology-Dumaguete,NIR,18 - Negros Island Region,Negros Oriental,Negros Oriental,Dumaguete City,Dumaguete City,Private Non-Sectarian,9.307688629,123.3036736,valid,False,v2,18,18046,1804610,1804610029
07003,BIT International College - Siquijor,NIR,18 - Negros Island Region,Siquijor,Siquijor,Siquijor,Siquijor,Private Non-Sectarian,9.1998779,123.5951925,valid,False,v2,18,18061,1806106,1806106011
06111,Bacolod City College,NIR,18 - Negros Island Region,Negros Occidental,Negros Occidental,Bacolod City,Bacolod City,LUC with Institutional Recognition,10.655415,122.952155,valid,False,v2,06,18302,1830200,1830200057
06010,Bago City College,NIR,18 - Negros Island Region,Negros Occidental,Negros Occidental,Bago City,Bago City,LUC with Institutional Recognition,10.530999,122.843285,valid,False,v2,18,18045,1804502,1804502006
06187,Baptist Missionary Association Bible College,NIR,18 - Negros Island Region,Negros Occidental,Negros Occidental,Talisay City,Talisay City,Private Sectarian,10.77211,122.96737,valid,False,v2,18,18045,1804528,1804528001
06012,Binalbagan Catholic College,NIR,18 - Negros Island Region,Negros Occidental,Negros Occidental,Binalbagan,Binalbagan,Private Sectarian,10.1965,122.8643,valid,False,v2,18,18045,1804503,1804503012
06165,CEDAR College,NIR,18 - Negros Island Region,Negros Occidental,Negros Occidental,Cadiz City,Cadiz City,Private Non-Sectarian,10.9529,123.2965,valid,False,v2,18,18045,1804504,1804504004
06014,Cabarrus Catholic College,NIR,18 - Negros Island Region,Negros Occidental,Negros Occidental,Sipalay City,Sipalay City,Private Sectarian,9.81379,122.455,valid,False,v2,18,18045,1804527,1804527017
06059,Carlos Hilado Memorial State University -College of Fisheries-Binalbagan,NIR,18 - Negros Island Region,Negros Occidental,Negros Occidental,Binalbagan,Binalbagan,SUC Satellite,10.1731764,122.853,valid,False,v2,,,,
06124,Carlos Hilado Memorial State University-Alijis,NIR,18 - Negros Island Region,Negros Occidental,Negros Occidental,Bacolod City,Bacolod City,SUC Satellite,10.6428831,122.9393247,valid,False,v2,06,18302,1830200,1830200055
06018,Carlos Hilado Memorial State University-Bacolod Campus,NIR,18 - Negros Island Region,Negros Occidental,Negros Occidental,Bacolod City,Bacolod City,SUC Satellite,10.675,122.988,valid,False,v2,06,18302,1830200,1830200047
06019,Carlos Hilado Memorial State University-Main,NIR,18 - Negros Island Region,Negros Occidental,Negros Occidental,Talisay City,Talisay City,SUC Main,10.6433,122.939444,valid,False,v2,06,18302,1830200,1830200055
07177,Carmelite College - Siquijor,NIR,18 - Negros Island Region,Siquijor,Siquijor,Siquijor,Siquijor,Private Sectarian,9.213568429,123.480278,valid,False,v2,18,18061,1806106,1806106041
06178,Catholic Ming Yuan College,NIR,18 - Negros Island Region,Negros Occidental,Negros Occidental,Murcia,Murcia,Private Non-Sectarian,10.61736,123.0438,valid,False,v2,18,18045,1804520,1804520009
06021,Central Philippine Adventist College,NIR,18 - Negros Island Region,Negros Occidental,Negros Occidental,Murcia,Murcia,Private Non-Sectarian,10.64335992,123.0696739,valid,False,v2,06,18302,1830200,1830200049
06176,Central Philippines State University - San Carlos Campus,NIR,18 - Negros Island Region,Negros Occidental,Negros Occidental,San Carlos City,San Carlos City,SUC Satellite,10.4719,123.4005,valid,False,v2,18,18045,1804524,1804524006
06172,Central Philippines State University - Victorias City Campus,NIR,18 - Negros Island Region,Negros Occidental,Negros Occidental,Victorias City,Victorias City,SUC Satellite,10.8879,123.0805,valid,False,v2,18,18045,1804531,1804531015
06162,Central Philippines State University-Candoni,NIR,18 - Negros Island Region,Negros Occidental,Negros Occidental,Candoni,Candoni,SUC Satellite,9.4891,122.5855,valid,False,v2,18,18045,1804512,1804512007
06132,Central Philippines State University-Cauayan Campus,NIR,18 - Negros Island Region,Negros Occidental,Negros Occidental,Cauayan,Cauayan,SUC Satellite,9.968524,122.622606,valid,False,v2,18,18045,1804507,1804507004
06170,Central Philippines State University-Hinigaran Campus,NIR,18 - Negros Island Region,Negros Occidental,Negros Occidental,Hinigaran,Hinigaran,SUC Satellite,10.2662,122.8631,valid,False,v2,18,18045,1804511,1804511017
06161,Central Philippines State University-Hinoba-an Campus,NIR,18 - Negros Island Region,Negros Occidental,Negros Occidental,Hinoba-an,Hinoba-an,SUC Satellite,9.584,122.4503,valid,False,v2,,,,
06143,Central Philippines State University-Ilog Campus,NIR,18 - Negros Island Region,Negros Occidental,Negros Occidental,Ilog,Ilog,SUC Satellite,10.0215,122.7845,valid,False,v2,18,18045,1804513,1804513001
06058,Central Philippines State University-Main Campus,NIR,18 - Negros Island Region,Negros Occidental,Negros Occidental,Kabankalan City,Kabankalan City,SUC Main,9.8511,122.8903,valid,False,v2,18,18045,1804515,1804515004
06159,Central Philippines State University-Moises Padilla Campus,NIR,18 - Negros Island Region,Negros Occidental,Negros Occidental,Moises Padilla,Moises Padilla,SUC Satellite,10.2731,123.0645,valid,False,v2,18,18045,1804519,1804519008
06133,Central Philippines State University-Sipalay Campus,NIR,18 - Negros Island Region,Negros Occidental,Negros Occidental,Sipalay City,Sipalay City,SUC Satellite,9.7547,122.4578,valid,False,v2,18,18045,1804527,1804527012
06195,Colegio De La Castellana,NIR,18 - Negros Island Region,Negros Occidental,Negros Occidental,La Castellana,La Castellana,LUC,10.317689,123.019687,valid,False,v2,18,18045,1804517,1804517012
07029,Colegio De Santa Catalina De Alejandria,NIR,18 - Negros Island Region,Negros Oriental,Negros Oriental,Dumaguete City,Dumaguete City,Private Non-Sectarian,9.30552,123.307,valid,False,v2,18,18046,1804610,1804610021
06026,Colegio De Santa Rita De San Carlos,NIR,18 - Negros Island Region,Negros Occidental,Negros Occidental,San Carlos City,San Carlos City,Private Sectarian,10.4815,123.417,valid,False,v2,18,18045,1804524,1804524014
06024,Colegio San Agustin-Bacolod,NIR,18 - Negros Island Region,Negros Occidental,Negros Occidental,Bacolod City,Bacolod City,Private Sectarian,10.6811,122.958,valid,False,v2,06,18302,1830200,1830200040
06173,Colegio de Sta. Ana de Victorias,NIR,18 - Negros Island Region,Negros Occidental,Negros Occidental,Victorias City,Victorias City,Private Non-Sectarian,10.5417,123.043,valid,False,v2,18,18045,1804502,1804502004
06188,Colegio de Sto. Tomas Recoletos,NIR,18 - Negros Island Region,Negros Occidental,Negros Occidental,San Carlos City,San Carlos City,Private Sectarian,10.48277637,123.4170027,valid,False,v2,18,18045,1804524,1804524013
06179,College of Arts and Sciences of Asia and the Pacific-Bacolod City,NIR,18 - Negros Island Region,Negros Occidental,Negros Occidental,Bacolod City,Bacolod City,Private Non-Sectarian,10.6639,122.9456,valid,False,v2,06,18302,1830200,1830200035
06145,Convention Baptist Bible College,NIR,18 - Negros Island Region,Negros Occidental,Negros Occidental,Bacolod City,Bacolod City,Private Sectarian,10.644563,122.965702,valid,False,v2,06,18302,1830200,1830200057
07041,Diaz College,NIR,18 - Negros Island Region,Negros Occidental,Negros Occidental,Tanjay City,Tanjay City,Private Non-Sectarian,9.5137,123.1618,valid,False,v2,18,18046,1804621,1804621016
06192,Fast Central College,NIR,18 - Negros Island Region,Negros Occidental,Negros Occidental,Bacolod City,Bacolod City,Private Non-Sectarian,10.63918,122.97739,valid,False,v2,06,18302,1830200,1830200051
06035,Fellowship Baptist College Of Kabankalan,NIR,18 - Negros Island Region,Negros Occidental,Negros Occidental,Kabankalan City,Kabankalan City,Private Sectarian,9.98572,122.818,valid,False,v2,18,18045,1804515,1804515020
07043,Foundation University,NIR,18 - Negros Island Region,Negros Oriental,Negros Oriental,Dumaguete City,Dumaguete City,Private Non-Sectarian,9.307,123.298,valid,False,v2,18,18046,1804610,1804610029
06183,I-Tech College-Bago City,NIR,18 - Negros Island Region,Negros Occidental,Negros Occidental,Bago City,Bago City,Private Non-Sectarian,10.720321,122.562019,valid,False,v2,06,06310,0631000,0631000084
06046,John B. Lacson Colleges Foundation-Bacolod,NIR,18 - Negros Island Region,Negros Occidental,Negros Occidental,Bacolod City,Bacolod City,Private Non-Sectarian,10.63987,122.94039,valid,False,v2,06,18302,1830200,1830200058
06049,Kabankalan Catholic College,NIR,18 - Negros Island Region,Negros Occidental,Negros Occidental,Kabankalan City,Kabankalan City,Private Sectarian,9.99792,122.815,valid,False,v2,18,18045,1804515,1804515021
06050,La Carlota City College,NIR,18 - Negros Island Region,Negros Occidental,Negros Occidental,La Carlota City,La Carlota City,LUC with Institutional Recognition,10.4233,122.921,valid,False,v2,18,18045,1804516,1804516012
06051,La Consolacion College-Bacolod,NIR,18 - Negros Island Region,Negros Occidental,Negros Occidental,Bacolod City,Bacolod City,Private Sectarian,10.6709,122.9478,valid,False,v2,06,18302,1830200,1830200006
07163,La Consolacion College-Bais,NIR,18 - Negros Island Region,Negros Oriental,Negros Oriental,Bais City,Bais City,Private Non-Sectarian,9.59035,123.12273,valid,False,v2,18,18046,1804604,1804604002
06052,La Consolacion College-Isabela,NIR,18 - Negros Island Region,Negros Occidental,Negros Occidental,Isabela,Isabela,Private Sectarian,10.20315268,122.9882406,valid,False,v2,18,18045,1804514,1804514019
06120,Mater Dei College-Silay City,NIR,18 - Negros Island Region,Negros Occidental,Negros Occidental,Silay City,Silay City,Private Sectarian,10.471946,122.59837,valid,False,v2,06,06079,0607903,0607903002
07157,Metro Dumaguete College,NIR,18 - Negros Island Region,Negros Oriental,Negros Oriental,Dumaguete City,Dumaguete City,Private Non-Sectarian,9.3191,123.2912,valid,False,v2,18,18046,1804610,1804610013
06056,Mount Carmel College,NIR,18 - Negros Island Region,Negros Occidental,Negros Occidental,Escalante City,Escalante City,Private Sectarian,10.837647,123.497201,valid,False,v2,18,18045,1804509,1804509002
06194,NU Bacolod,NIR,18 - Negros Island Region,Negros Occidental,Negros Occidental,Bacolod City,Bacolod City,Private Non-Sectarian,10.640739,122.968956,valid,False,v2,06,18302,1830200,1830200051
07118,Negros College,NIR,18 - Negros Island Region,Negros Oriental,Negros Oriental,Ayungon,Ayungon,Private Non-Sectarian,9.8549,123.1401,valid,False,v2,18,18046,1804602,1804602021
07090,Negros Maritime College Foundation,NIR,18 - Negros Island Region,Negros Oriental,Negros Oriental,Sibulan,Sibulan,Private Non-Sectarian,9.3286,123.27248,valid,False,v2,18,18046,1804620,1804620009
07044,Negros Oriental State University -Bais II,NIR,18 - Negros Island Region,Negros Oriental,Negros Oriental,Bais City,Bais City,SUC Satellite,9.59289,123.12,valid,False,v2,18,18046,1804604,1804604015
07038,Negros Oriental State University-Bais1,NIR,18 - Negros Island Region,Negros Oriental,Negros Oriental,Bais City,Bais City,SUC Satellite,9.59025,123.132,valid,False,v2,18,18046,1804604,1804604002
07054,Negros Oriental State University-Bayawan,NIR,18 - Negros Island Region,Negros Oriental,Negros Oriental,Bayawan,Bayawan,SUC Satellite,9.35333,122.838,valid,False,v2,18,18046,1804618,1804618008
07039,Negros Oriental State University-Guihulngan,NIR,18 - Negros Island Region,Negros Oriental,Negros Oriental,Guihulngan City,Guihulngan City,SUC Satellite,10.1319,123.279,valid,False,v2,18,18046,1804611,1804611028
07027a,Negros Oriental State University-Mabinay Institute of Technology,NIR,18 - Negros Island Region,Negros Oriental,Negros Oriental,Mabinay,Mabinay,SUC Satellite,9.05972,123.035,valid,False,v2,18,18046,1804619,1804619020
07027,Negros Oriental State University-Main Campus,NIR,18 - Negros Island Region,Negros Oriental,Negros Oriental,Dumaguete City,Dumaguete City,SUC Main,9.3118,123.3034,valid,False,v2,18,18046,1804610,1804610029
07067,Negros Oriental State University-Siaton Community College,NIR,18 - Negros Island Region,Negros Oriental,Negros Oriental,Siaton,Siaton,SUC Satellite,9.74894,122.944,valid,False,v2,18,18046,1804614,1804614001
06062,North Negros College,NIR,18 - Negros Island Region,Negros Occidental,Negros Occidental,Cadiz City,Cadiz City,Private Non-Sectarian,10.95306,123.30944,valid,False,v2,18,18045,1804504,1804504006
06068,Philippine Normal University-Cadiz,NIR,18 - Negros Island Region,Negros Occidental,Negros Occidental,Cadiz City,Cadiz City,SUC Satellite,10.9575,123.3039,valid,False,v2,18,18045,1804504,1804504004
07098,Presbyterian Theological College,NIR,18 - Negros Island Region,Negros Oriental,Negros Oriental,Dumaguete City,Dumaguete City,Private Sectarian,9.27993,123.27215,valid,False,v2,18,18046,1804610,1804610012
07083,Quezon Memorial Institute of Siquijor,NIR,18 - Negros Island Region,Siquijor,Siquijor,Siquijor,Siquijor,Private Non-Sectarian,9.2115138,123.5134097,valid,False,v2,18,18061,1806106,1806106031
06072,Riverside College,NIR,18 - Negros Island Region,Negros Occidental,Negros Occidental,Bacolod City,Bacolod City,Private Non-Sectarian,10.683363,122.9592807,valid,False,v2,06,18302,1830200,1830200040
07186,STI College - Dumaguete,NIR,18 - Negros Island Region,Negros Oriental,Negros Oriental,Dumaguete City,Dumaguete City,Private Non-Sectarian,9.306,123.3044,valid,False,v2,18,18046,1804610,1804610026
06096,STI West Negros University,NIR,18 - Negros Island Region,Negros Occidental,Negros Occidental,Bacolod City,Bacolod City,Private Non-Sectarian,10.6695,122.95707,valid,False,v2,06,18302,1830200,1830200059
06155,Sacred Heart Seminary (Bacolod) School,NIR,18 - Negros Island Region,Negros Occidental,Negros Occidental,Bacolod City,Bacolod City,Private Non-Sectarian,10.6595,122.9459,valid,False,v2,06,18302,1830200,1830200036
07059,Saint Francis College-Guihulngan,NIR,18 - Negros Island Region,Negros Oriental,Negros Oriental,Guihulngan City,Guihulngan City,Private Non-Sectarian,10.12739,123.27342,valid,False,v2,18,18046,1804611,1804611028
06156,Saint John Mary Vianney Seminary College,NIR,18 - Negros Island Region,Negros Occidental,Negros Occidental,San Carlos City,San Carlos City,Private Non-Sectarian,10.4889,123.4089,valid,False,v2,18,18045,1804524,1804524009
07060,Saint Joseph College of Canlaon,NIR,18 - Negros Island Region,Negros Occidental,Negros Occidental,Canlaon City,Canlaon City,Private Non-Sectarian,10.38294,123.21243,valid,False,v2,18,18046,1804608,1804608009
07061,Saint Joseph Seminary College,NIR,18 - Negros Island Region,Negros Oriental,Negros Oriental,Sibulan,Sibulan,Private Sectarian,9.33639,123.29674,valid,False,v2,18,18046,1804620,1804620001
06082,Silay Institute,NIR,18 - Negros Island Region,Negros Occidental,Negros Occidental,Silay City,Silay City,Private Non-Sectarian,10.795,122.974,valid,False,v2,18,18045,1804526,1804526006
07068,Silliman University,NIR,18 - Negros Island Region,Negros Oriental,Negros Oriental,Dumaguete City,Dumaguete City,Private Non-Sectarian,9.3116,123.3073,valid,False,v2,18,18046,1804610,1804610023
07049,Siquijor State College,NIR,18 - Negros Island Region,Negros Oriental,Negros Oriental,Larena,Larena,SUC Main,9.2505,123.5938,valid,False,v2,18,18061,1806102,1806102016
06164,Southland College of Kabankalan City,NIR,18 - Negros Island Region,Negros Occidental,Negros Occidental,Kabankalan City,Kabankalan City,Private Non-Sectarian,9.98378,122.821,valid,False,v2,18,18045,1804515,1804515008
07062,St. Paul University Dumaguete,NIR,18 - Negros Island Region,Negros Oriental,Negros Oriental,Dumaguete City,Dumaguete City,Private Non-Sectarian,9.32756,123.299,valid,False,v2,18,18046,1804610,1804610005
06045,State University of Northern Negros,NIR,18 - Negros Island Region,Negros Occidental,Negros Occidental,Sagay City,Sagay City,SUC Main,10.87792548,123.4157693,valid,False,v2,18,18045,1804523,1804523009
06045d,State University of Northern Negros-Calatrava,NIR,18 - Negros Island Region,Negros Occidental,Negros Occidental,Calatrava,Calatrava,SUC Satellite,10.6336357,123.3795993,valid,False,v2,18,18045,1804505,1804505015
06045b,State University of Northern Negros-Escalante,NIR,18 - Negros Island Region,Negros Occidental,Negros Occidental,Escalante City,Escalante City,SUC Satellite,10.85394914,123.4824101,valid,False,v2,18,18045,1804509,1804509002
06114,Tañon College,NIR,18 - Negros Island Region,Negros Occidental,Negros Occidental,San Carlos City,San Carlos City,Private Non-Sectarian,10.480454,123.417505,valid,False,v2,18,18045,1804524,1804524014
06087,Technological University of the Philippines-Visayas,NIR,18 - Negros Island Region,Negros Occidental,Negros Occidental,Talisay City,Talisay City,SUC Satellite,10.7396,122.969,valid,False,v2,18,18045,1804528,1804528038
06189,USAT College Sagay City,NIR,18 - Negros Island Region,Negros Occidental,Negros Occidental,Sagay City,Sagay City,Private Non-Sectarian,10.89798935,123.4181404,valid,False,v2,18,18045,1804523,1804523018
06089,University of Negros Occidental-Recoletos,NIR,18 - Negros Island Region,Negros Occidental,Negros Occidental,Bacolod City,Bacolod City,Private Sectarian,10.6573,122.9483,valid,False,v2,06,18302,1830200,1830200038
06090,University of Saint La Salle,NIR,18 - Negros Island Region,Negros Occidental,Negros Occidental,Bacolod City,Bacolod City,Private Sectarian,10.67984,122.96289,valid,False,v2,06,18302,1830200,1830200059
06095,VMA Global College,NIR,18 - Negros Island Region,Negros Occidental,Negros Occidental,Bacolod City,Bacolod City,Private Non-Sectarian,10.59996,122.91428,valid,False,v2,06,18302,1830200,1830200056
07085,Villaflores College,NIR,18 - Negros Island Region,Negros Occidental,Negros Occidental,Tanjay City,Tanjay City,Private Non-Sectarian,9.51401,123.16,valid,False,v2,18,18046,1804621,1804621016
06169,West Visayas State University-Himamaylan Campus Extension,NIR,18 - Negros Island Region,Negros Occidental,Negros Occidental,Himamaylan City,Himamaylan City,SUC Satellite,10.1084,122.8805,valid,False,v2,18,18045,1804510,1804510019
01122,ABE International College of Business and Accountancy-Urdaneta City,Region I,01 - Ilocos Region,Pangasinan,Pangasinan,Urdaneta City,Urdaneta City,Private Non-Sectarian,15.97680696,120.5718,valid,False,v2,01,01055,0105546,0105546034
01108,AMA Computer College-La Union,Region I,01 - Ilocos Region,La Union,La Union,San Fernando City,San Fernando City,Private Non-Sectarian,16.61561,120.3158,valid,False,v2,01,01033,0103314,0103314009
01102,AMA Computer College-Laoag City,Region I,01 - Ilocos Region,Ilocos Norte,Ilocos Norte,Laoag City,Laoag City,Private Non-Sectarian,18.196,120.593,valid,False,v2,01,01028,0102812,0102812061
01101,AMA Computer College-Pangasinan,Region I,01 - Ilocos Region,Pangasinan,Pangasinan,Calasiao City,Calasiao City,Private Non-Sectarian,16.02118,120.3537,valid,False,v2,01,01055,0105517,0105517022
01005,Asbury College,Region I,01 - Ilocos Region,Pangasinan,Pangasinan,Anda,Anda,Private Non-Sectarian,16.28839,119.9534,valid,False,v2,01,01055,0105505,0105505014
01006,Asiacareer College Foundation,Region I,01 - Ilocos Region,Pangasinan,Pangasinan,Dagupan City,Dagupan City,Private Sectarian,16.042,120.3393,valid,False,v2,01,01055,0105518,0105518003
01156,Bayambang Polytechnic College,Region I,01 - Ilocos Region,Pangasinan,Pangasinan,Bayambang,Bayambang,LUC,15.80988,120.4573,valid,False,v2,01,01055,0105511,0105511038
01145,Binalatongan Community College,Region I,01 - Ilocos Region,Pangasinan,Pangasinan,San Carlos City,San Carlos City,LUC with Institutional Recognition,15.9218,120.3517,valid,False,v2,01,01055,0105532,0105532037
01012,CICOSAT Colleges,Region I,01 - Ilocos Region,La Union,La Union,San Fernando City,San Fernando City,Private Non-Sectarian,16.64669,120.3104,valid,False,v2,01,01033,0103314,0103314030
01114,Colegio De San Juan De Letran-Manaoag,Region I,01 - Ilocos Region,Pangasinan,Pangasinan,Manaoag,Manaoag,Private Sectarian,16.0433,120.4891,valid,False,v2,01,01055,0105525,0105525039
01113,Colegio San Jose De Alaminos,Region I,01 - Ilocos Region,Pangasinan,Pangasinan,Alaminos City,Alaminos City,Private Sectarian,16.15624,119.9786,valid,False,v2,01,01055,0105503,0105503021
01016,Dagupan Colleges Foundation,Region I,01 - Ilocos Region,Pangasinan,Pangasinan,Dagupan City,Dagupan City,Private Non-Sectarian,16.04619,120.3453,valid,False,v2,01,01055,0105518,0105518022
01017,Data Center College of the Philippines of Laoag City,Region I,01 - Ilocos Region,Ilocos Norte,Ilocos Norte,Laoag City,Laoag City,Private Non-Sectarian,18.19499,120.5907,valid,False,v2,01,01028,0102812,0102812070
01111,Data Center College of the Philippines-Vigan City,Region I,01 - Ilocos Region,Ilocos Sur,Ilocos Sur,Vigan City,Vigan City,Private Non-Sectarian,17.56213,120.3841,valid,False,v2,01,01029,0102934,0102934037
01018,Divine Word College of Laoag,Region I,01 - Ilocos Region,Ilocos Norte,Ilocos Norte,Laoag City,Laoag City,Private Sectarian,18.20445,120.6003,valid,False,v2,01,01028,0102812,0102812045
01019,Divine Word College of Urdaneta,Region I,01 - Ilocos Region,Pangasinan,Pangasinan,Urdaneta City,Urdaneta City,Private Sectarian,15.97859,120.5758,valid,False,v2,01,01055,0105546,0105546005
01020,Divine Word College of Vigan,Region I,01 - Ilocos Region,Ilocos Sur,Ilocos Sur,Vigan City,Vigan City,Private Non-Sectarian,17.5748,120.389,valid,False,v2,01,01029,0102934,0102934003
01023,Don Mariano Marcos Memorial State University-Mid La Union,Region I,01 - Ilocos Region,La Union,La Union,San Fernando City,San Fernando City,SUC Satellite,16.6085850240623,120.315496364815,valid,False,v2,01,01033,0103314,0103314022
01026,Don Mariano Marcos Memorial State University-North La Union-Main Campus,Region I,01 - Ilocos Region,La Union,La Union,Bacnotan,Bacnotan,SUC Main,16.7249825835989,120.393853898022,valid,False,v2,01,01033,0103303,0103303041
01023a,Don Mariano Marcos Memorial State University-Open University,Region I,01 - Ilocos Region,La Union,La Union,San Fernando City,San Fernando City,SUC Satellite,16.6142085225201,120.314302449035,valid,False,v2,01,01033,0103314,0103314022
01021,Don Mariano Marcos Memorial State University-South La Union,Region I,01 - Ilocos Region,La Union,La Union,Agoo,Agoo,SUC Satellite,16.3256635950338,120.371602702875,valid,False,v2,01,01033,0103301,0103301004
01109,Golden West Colleges,Region I,01 - Ilocos Region,Pangasinan,Pangasinan,Alaminos City,Alaminos City,Private Non-Sectarian,16.15053,119.9856,valid,False,v2,01,01055,0105503,0105503033
01032,Ilocos Sur Community College,Region I,01 - Ilocos Region,Ilocos Sur,Ilocos Sur,Bantay,Bantay,LUC with Institutional Recognition,17.57796,120.389,valid,False,v2,01,01029,0102903,0102903035
01094,Ilocos Sur Polytechnic State College-Candon,Region I,01 - Ilocos Region,Ilocos Sur,Ilocos Sur,Candon City,Candon City,SUC Satellite,17.196281575925,120.447194057551,valid,False,v2,01,01029,0102906,0102906036
01091,Ilocos Sur Polytechnic State College-Cervantes,Region I,01 - Ilocos Region,Ilocos Sur,Ilocos Sur,Cervantes,Cervantes,SUC Satellite,16.9766984035121,120.689080598026,valid,False,v2,01,01029,0102908,0102908017
01089,Ilocos Sur Polytechnic State College-College of Arts and Sciences-Tagudin,Region I,01 - Ilocos Region,Ilocos Sur,Ilocos Sur,Tagudin,Tagudin,SUC Satellite,16.9384759616731,120.444027582684,valid,False,v2,01,01029,0102933,0102933035
01088,Ilocos Sur Polytechnic State College-College of Engineering and Technology-Santiago,Region I,01 - Ilocos Region,Ilocos Sur,Ilocos Sur,Santiago,Santiago,SUC Satellite,17.2989772706909,120.443388850925,valid,False,v2,01,01029,0102927,0102927019
01090,Ilocos Sur Polytechnic State College-College of Fisheries and Marine Sciences-Narvacan,Region I,01 - Ilocos Region,Ilocos Sur,Ilocos Sur,Narvacan,Narvacan,SUC Satellite,17.4548164135967,120.444146871091,valid,False,v2,01,01029,0102914,0102914033
01082,Ilocos Sur Polytechnic State College-Main Campus,Region I,01 - Ilocos Region,Ilocos Sur,Ilocos Sur,Candon City,Candon City,SUC Main,17.1945467089431,120.436680931884,valid,False,v2,01,01029,0102906,0102906034
01031,Ilocos Sur Polytechnic State College-Sta. Maria,Region I,01 - Ilocos Region,Ilocos Sur,Ilocos Sur,Sta. Maria,Sta. Maria,SUC Satellite,17.3654270965533,120.475623491404,valid,False,v2,01,01029,0102926,0102926029
01141,Immaculate Conception School of Theology,Region I,01 - Ilocos Region,Ilocos Sur,Ilocos Sur,Vigan City,Vigan City,Private Non-Sectarian,17.578,120.3784,valid,False,v2,01,01029,0102934,0102934022
01132,International College for Excellence,Region I,01 - Ilocos Region,Pangasinan,Pangasinan,Urdaneta City,Urdaneta City,Private Non-Sectarian,15.9735,120.566,valid,False,v2,01,01055,0105546,0105546032
01128,Kingfisher School of Business & Finance,Region I,01 - Ilocos Region,Pangasinan,Pangasinan,Dagupan City,Dagupan City,Private Non-Sectarian,16.04389971,120.3167045,valid,False,v2,01,01055,0105518,0105518010
01155,Kingsville Advanced School,Region I,01 - Ilocos Region,Pangasinan,Pangasinan,Tayug,Tayug,Private Non-Sectarian,16.02617,120.7414,valid,False,v2,01,01055,0105543,0105543017
01140,La Union Christian Comprehensive College,Region I,01 - Ilocos Region,La Union,La Union,Rosario,Rosario,Private Non-Sectarian,16.22747,120.445,valid,False,v2,01,01033,0103313,0103313007
01116,La Union College of Science and Technology,Region I,01 - Ilocos Region,La Union,La Union,Bauang,Bauang,Private Non-Sectarian,16.52571,120.3273,valid,False,v2,01,01033,0103307,0103307015
01154,Leading Edge International Aviation Academy,Region I,01 - Ilocos Region,La Union,La Union,City of San Fernando,City of San Fernando,Private Non-Sectarian,16.59888,120.306,valid,False,v2,01,01033,0103314,0103314052
01034,Lorma Colleges,Region I,01 - Ilocos Region,La Union,La Union,San Fernando City,San Fernando City,Private Non-Sectarian,16.6322,120.318,valid,False,v2,01,01033,0103314,0103314021
01035,Luna Colleges,Region I,01 - Ilocos Region,Pangasinan,Pangasinan,Tayug,Tayug,Private Non-Sectarian,16.02926,120.7421,valid,False,v2,01,01055,0105543,0105543002
01037,Lyceum Northern Luzon,Region I,01 - Ilocos Region,Pangasinan,Pangasinan,Urdaneta City,Urdaneta City,Private Non-Sectarian,15.98353,120.5715,valid,False,v2,01,01055,0105546,0105546034
01103,Lyceum Northwestern University,Region I,01 - Ilocos Region,Pangasinan,Pangasinan,Dagupan City,Dagupan City,Private Non-Sectarian,16.03554,120.3305,valid,False,v2,01,01055,0105518,0105518031
01110,Lyceum Northwestern University-Urdaneta Campus,Region I,01 - Ilocos Region,Pangasinan,Pangasinan,Urdaneta City,Urdaneta City,Private Non-Sectarian,15.9852,120.57,valid,False,v2,01,01055,0105546,0105546034
01003,Malasiqui Agno Valley College,Region I,01 - Ilocos Region,Pangasinan,Pangasinan,Malasiqui,Malasiqui,Private Non-Sectarian,15.91863,120.4124,valid,False,v2,01,01055,0105524,0105524062
01044,Mariano Marcos State University-College of Agriculture and Forestry-Dingras,Region I,01 - Ilocos Region,Ilocos Norte,Ilocos Norte,Dingras,Dingras,SUC Satellite,18.105478777137,120.69931621678,valid,False,v2,01,01028,0102809,0102809016
01043,Mariano Marcos State University-College of Aquatic Sciences and Applied Technology,Region I,01 - Ilocos Region,Ilocos Norte,Ilocos Norte,Currimao,Currimao,SUC Satellite,17.9914948759427,120.496080096199,valid,False,v2,01,01028,0102808,0102808016
01046,Mariano Marcos State University-College of Industrial Technology-Laoag City,Region I,01 - Ilocos Region,Ilocos Norte,Ilocos Norte,Laoag City,Laoag City,SUC Satellite,18.2033495995783,120.593467463117,valid,False,v2,01,01028,0102812,0102812043
01045,Mariano Marcos State University-College of Teacher Education-Laoag City,Region I,01 - Ilocos Region,Ilocos Norte,Ilocos Norte,Laoag City,Laoag City,SUC Satellite,18.2071878889059,120.593385361688,valid,False,v2,01,01028,0102812,0102812068
01040,Mariano Marcos State University-Main,Region I,01 - Ilocos Region,Ilocos Norte,Ilocos Norte,Batac City,Batac City,SUC Main,18.0603327859472,120.548595467364,valid,False,v2,01,01028,0102805,0102805036
01151,Mary Cause of Our Joy College Seminary,Region I,01 - Ilocos Region,Ilocos Norte,Ilocos Norte,Bacarra,Bacarra,Private Non-Sectarian,18.2497,120.6119,valid,False,v2,01,01028,0102802,0102802046
01041,Mary Help of Christians College Seminary,Region I,01 - Ilocos Region,Pangasinan,Pangasinan,Dagupan City,Dagupan City,Private Sectarian,16.0441,120.2663,valid,False,v2,01,01055,0105513,0105513030
01146,Mary Help of Christians Theology Seminary,Region I,01 - Ilocos Region,Pangasinan,Pangasinan,San Fabian,San Fabian,Private Non-Sectarian,16.13642,120.455,valid,False,v2,01,01055,0105533,0105533019
01098,Metro-Dagupan Colleges,Region I,01 - Ilocos Region,Pangasinan,Pangasinan,Mangaldan,Mangaldan,Private Non-Sectarian,16.08129,120.3968,valid,False,v2,01,01055,0105526,0105526028
01119,Mystical Rose College of Science and Technology,Region I,01 - Ilocos Region,Pangasinan,Pangasinan,Mangatarem,Mangatarem,Private Non-Sectarian,15.7871,120.3002,valid,False,v2,01,01055,0105527,0105527066
01129,NICOSAT Colleges,Region I,01 - Ilocos Region,Ilocos Sur,Ilocos Sur,Candon City,Candon City,Private Non-Sectarian,17.1801,120.4446,valid,False,v2,01,01029,0102906,0102906024
01083,NJ Valdez Colleges Foundation,Region I,01 - Ilocos Region,Pangasinan,Pangasinan,Villasis,Villasis,Private Non-Sectarian,15.92554,120.581,valid,False,v2,01,01055,0105547,0105547002
01048,Northern Christian College,Region I,01 - Ilocos Region,Ilocos Norte,Ilocos Norte,Laoag City,Laoag City,Private Non-Sectarian,18.20417,120.5908,valid,False,v2,01,01028,0102812,0102812046
01050,Northern Luzon Adventist College,Region I,01 - Ilocos Region,Pangasinan,Pangasinan,Sison,Sison,Private Sectarian,16.1941,120.516,valid,False,v2,01,01055,0105541,0105541004
01051,"Northern Philippines College for Maritime, Science and Technology",Region I,01 - Ilocos Region,La Union,La Union,San Fernando City,San Fernando City,Private Non-Sectarian,16.64473188,120.3105346,valid,False,v2,01,01033,0103314,0103314030
01052,Northwestern University,Region I,01 - Ilocos Region,Ilocos Norte,Ilocos Norte,Laoag City,Laoag City,Private Non-Sectarian,18.18561,120.565,valid,False,v2,01,01028,0102812,0102812011
01053,Osias Educational Foundation,Region I,01 - Ilocos Region,La Union,La Union,Balaoan,Balaoan,Private Non-Sectarian,16.81898,120.409,valid,False,v2,01,01033,0103305,0103305031
01150,PHINMA-Upang College Urdaneta,Region I,01 - Ilocos Region,Pangasinan,Pangasinan,Urdaneta City,Urdaneta City,Private Non-Sectarian,15.97611,120.5711,valid,False,v2,01,01055,0105546,0105546032
01062,PIMSAT Colleges-Dagupan,Region I,01 - Ilocos Region,Pangasinan,Pangasinan,Dagupan City,Dagupan City,Private Non-Sectarian,16.04989,120.3328,valid,False,v2,01,01055,0105518,0105518022
01144,PIMSAT Colleges-San Carlos City,Region I,01 - Ilocos Region,Pangasinan,Pangasinan,San Carlos City,San Carlos City,Private Non-Sectarian,15.9369,120.3482,valid,False,v2,01,01055,0105532,0105532075
01054,Palaris College,Region I,01 - Ilocos Region,Pangasinan,Pangasinan,San Carlos City,San Carlos City,Private Non-Sectarian,15.9258,120.349,valid,False,v2,01,01055,0105532,0105532071
01057,Pangasinan Merchant Marine Academy,Region I,01 - Ilocos Region,Pangasinan,Pangasinan,Dagupan City,Dagupan City,Private Non-Sectarian,16.04262,120.3416,valid,False,v2,01,01055,0105518,0105518013
01159,Pangasinan Polytechnic College,Region I,01 - Ilocos Region,Pangasinan,Pangasinan,Lingayen,Lingayen,LUC,16.0335,120.2272,valid,False,v2,01,01055,0105522,0105522028
01058,Pangasinan State University,Region I,01 - Ilocos Region,Pangasinan,Pangasinan,Lingayen,Lingayen,SUC Main,16.0414644283884,120.23052674466,valid,False,v2,,,,
01058b,Pangasinan State University-Alaminos City,Region I,01 - Ilocos Region,Pangasinan,Pangasinan,Alaminos City,Alaminos City,SUC Satellite,16.1155873147697,119.967431782668,valid,False,v2,01,01055,0105503,0105503007
01064,Pangasinan State University-Asingan,Region I,01 - Ilocos Region,Pangasinan,Pangasinan,Asingan,Asingan,SUC Satellite,15.9985657388883,120.634274282583,valid,False,v2,01,01055,0105506,0105506022
01065,Pangasinan State University-Bayambang,Region I,01 - Ilocos Region,Pangasinan,Pangasinan,Bayambang,Bayambang,SUC Satellite,15.8288609252775,120.450939941383,valid,False,v2,01,01055,0105511,0105511062
01066,Pangasinan State University-Binmaley,Region I,01 - Ilocos Region,Pangasinan,Pangasinan,Binmaley,Binmaley,SUC Satellite,16.0599410197932,120.286145027945,valid,False,v2,,,,
01067,Pangasinan State University-Infanta,Region I,01 - Ilocos Region,Pangasinan,Pangasinan,Infanta,Infanta,SUC Satellite,15.8565914259545,119.95531256292,valid,False,v2,01,01055,0105520,0105520002
01058a,Pangasinan State University-Open University,Region I,01 - Ilocos Region,Pangasinan,Pangasinan,Lingayen,Lingayen,SUC Satellite,16.0441040463855,120.229153453714,valid,False,v2,,,,
01068,Pangasinan State University-San Carlos City,Region I,01 - Ilocos Region,Pangasinan,Pangasinan,San Carlos City,San Carlos City,SUC Satellite,15.9503762303211,120.342449956703,valid,False,v2,01,01055,0105532,0105532009
01069,Pangasinan State University-Sta. Maria,Region I,01 - Ilocos Region,Pangasinan,Pangasinan,Sta. Maria,Sta. Maria,SUC Satellite,15.969521396635,120.678906238306,valid,False,v2,01,01055,0105539,0105539011
01070,Pangasinan State University-Urdaneta City,Region I,01 - Ilocos Region,Pangasinan,Pangasinan,Urdaneta City,Urdaneta City,SUC Satellite,16.0038460751174,120.575909417407,valid,False,v2,01,01055,0105546,0105546001
01055,Panpacific University,Region I,01 - Ilocos Region,Pangasinan,Pangasinan,Urdaneta City,Urdaneta City,Private Non-Sectarian,15.98561,120.5721,valid,False,v2,01,01055,0105546,0105546034
01127,Panpacific University North Philippines-Tayug,Region I,01 - Ilocos Region,Pangasinan,Pangasinan,Tayug,Tayug,Private Non-Sectarian,16.03076,120.7438,valid,False,v2,01,01055,0105543,0105543002
01100,Pass College,Region I,01 - Ilocos Region,Pangasinan,Pangasinan,Alaminos City,Alaminos City,Private Non-Sectarian,16.1536,119.9827,valid,False,v2,01,01055,0105503,0105503021
01059,Perpetual Help College of Pangasinan,Region I,01 - Ilocos Region,Pangasinan,Pangasinan,Malasiqui,Malasiqui,Private Non-Sectarian,15.92201,120.4136,valid,False,v2,01,01055,0105524,0105524062
01133,Philippine College of Northwestern Luzon,Region I,01 - Ilocos Region,La Union,La Union,Agoo,Agoo,Private Non-Sectarian,16.32374,120.3724,valid,False,v2,01,01033,0103301,0103301014
01061,Philippine College of Science and Technology,Region I,01 - Ilocos Region,Pangasinan,Pangasinan,Calasiao,Calasiao,Private Non-Sectarian,16.01465,120.3537,valid,False,v2,01,01055,0105517,0105517017
01134,Philippine Darakbang Theological College,Region I,01 - Ilocos Region,Pangasinan,Pangasinan,Binalonan,Binalonan,Private Non-Sectarian,16.0534,120.591,valid,False,v2,01,01055,0105512,0105512023
01157,Philippine Remnant College,Region I,01 - Ilocos Region,La Union,La Union,Caba,Caba,Private Non-Sectarian,16.44297,120.3344,valid,False,v2,01,01033,0103309,0103309009
01060,Polytechnic College of La union,Region I,01 - Ilocos Region,La Union,La Union,Agoo,Agoo,Private Sectarian,16.31891,120.3664,valid,False,v2,01,01033,0103301,0103301034
01137,Rosales-Wesleyan Bible College,Region I,01 - Ilocos Region,Pangasinan,Pangasinan,Rosales,Rosales,Private Non-Sectarian,15.89332,120.6391,valid,False,v2,01,01055,0105531,0105531034
01107,STI College-Dagupan,Region I,01 - Ilocos Region,Pangasinan,Pangasinan,Dagupan City,Dagupan City,Private Non-Sectarian,16.03965,120.3343,valid,False,v2,01,01055,0105518,0105518004
01148,STI College-Laoag,Region I,01 - Ilocos Region,Ilocos Norte,Ilocos Norte,Laoag City,Laoag City,Private Non-Sectarian,18.19425,120.5969,valid,False,v2,01,01028,0102812,0102812056
01147,STI College-Vigan,Region I,01 - Ilocos Region,Ilocos Sur,Ilocos Sur,Vigan City,Vigan City,Private Non-Sectarian,17.57905,120.3774,valid,False,v2,01,01029,0102934,0102934022
01073,Saint Columban's College,Region I,01 - Ilocos Region,Pangasinan,Pangasinan,Lingayen,Lingayen,Private Sectarian,16.02221,120.2292,valid,False,v2,01,01055,0105522,0105522028
01135,Saint John Bosco College of Northern Luzon,Region I,01 - Ilocos Region,La Union,La Union,San Fernando City,San Fernando City,Private Non-Sectarian,16.64022,120.3114,valid,False,v2,01,01033,0103314,0103314030
01074,Saint Louis College-City of San Fernando,Region I,01 - Ilocos Region,La Union,La Union,San Fernando City,San Fernando City,Private Sectarian,16.63782,120.3117,valid,False,v2,01,01033,0103314,0103314030
01075,"Saint Mary's College Sta. Maria, Ilocos Sur",Region I,01 - Ilocos Region,Ilocos Sur,Ilocos Sur,Sta. Maria,Sta. Maria,Private Non-Sectarian,17.36604,120.4865,valid,False,v2,01,01029,0102926,0102926030
01076,Saint Paul College of Ilocos Sur,Region I,01 - Ilocos Region,Ilocos Sur,Ilocos Sur,Bantay,Bantay,Private Sectarian,17.5828142267632,120.385746938341,valid,False,v2,01,01029,0102903,0102903033
01077,San Carlos College,Region I,01 - Ilocos Region,Pangasinan,Pangasinan,San Carlos City,San Carlos City,Private Non-Sectarian,15.92642,120.3503,valid,False,v2,01,01055,0105532,0105532046
01078,Sea and Sky College,Region I,01 - Ilocos Region,La Union,La Union,San Fernando City,San Fernando City,Private Non-Sectarian,16.6235,120.3171,valid,False,v2,01,01033,0103314,0103314041
01149,Señor Tesoro College,Region I,01 - Ilocos Region,Pangasinan,Pangasinan,Calasiao,Calasiao,Private Non-Sectarian,16.02097,120.3203,valid,False,v2,01,01055,0105518,0105518017
01115,South Ilocandia College of Arts and Technology,Region I,01 - Ilocos Region,La Union,La Union,Aringay,Aringay,Private Non-Sectarian,16.3772,120.353,valid,False,v2,01,01033,0103302,0103302016
01153,St. Benedict College of Northern Luzon,Region I,01 - Ilocos Region,Ilocos Sur,Ilocos Sur,Vigan City,Vigan City,Private Sectarian,17.57188,120.3626706,valid,False,v2,01,01029,0102934,0102934023
01131,St. Camillus College of Manaoag Foundation,Region I,01 - Ilocos Region,Pangasinan,Pangasinan,Manaoag,Manaoag,Private Non-Sectarian,16.03504,120.4951,valid,False,v2,01,01055,0105525,0105525024
01121,St. Therese College Foundation,Region I,01 - Ilocos Region,Pangasinan,Pangasinan,San Carlos City,San Carlos City,Private Non-Sectarian,15.90983,120.3319,valid,False,v2,01,01055,0105532,0105532054
01158,Sta. Catalina's College of Science and Technology,Region I,01 - Ilocos Region,Pangasinan,Pangasinan,Umingan,Umingan,Private Sectarian,16.01895,120.6348,valid,False,v2,01,01055,0105506,0105506021
01002,The Adelphi College,Region I,01 - Ilocos Region,Pangasinan,Pangasinan,Lingayen,Lingayen,Private Non-Sectarian,16.02949,120.2288,valid,False,v2,01,01055,0105522,0105522028
01029,The Great Plebeian College,Region I,01 - Ilocos Region,Pangasinan,Pangasinan,Alaminos City,Alaminos City,Private Non-Sectarian,16.1589608471077,119.98009624233,valid,False,v2,01,01055,0105503,0105503021
01079,Union Christian College,Region I,01 - Ilocos Region,La Union,La Union,San Fernando City,San Fernando City,Private Sectarian,16.6144,120.317,valid,False,v2,01,01033,0103314,0103314007
01014,Universidad de Dagupan,Region I,01 - Ilocos Region,Pangasinan,Pangasinan,Dagupan City,Dagupan City,Private Non-Sectarian,16.05095,120.3409,valid,False,v2,01,01055,0105518,0105518022
01136,University of Eastern Pangasinan,Region I,01 - Ilocos Region,Pangasinan,Pangasinan,Binalonan,Binalonan,LUC with Institutional Recognition,16.05047,120.5879,valid,False,v2,01,01055,0105512,0105512005
01036,University of Luzon,Region I,01 - Ilocos Region,Pangasinan,Pangasinan,Dagupan City,Dagupan City,Private Non-Sectarian,16.0392,120.336,valid,False,v2,01,01055,0105518,0105518025
01080,University of Northern Philippines,Region I,01 - Ilocos Region,Ilocos Sur,Ilocos Sur,Vigan City,Vigan City,SUC Main,17.5613724578779,120.382701809683,valid,False,v2,01,01029,0102934,0102934037
01081,University of Pangasinan,Region I,01 - Ilocos Region,Pangasinan,Pangasinan,Dagupan City,Dagupan City,Private Non-Sectarian,16.0453,120.359,valid,False,v2,01,01055,0105518,0105518006
01084,Urdaneta City University,Region I,01 - Ilocos Region,Pangasinan,Pangasinan,Urdaneta City,Urdaneta City,LUC with Institutional Recognition,15.97995,120.561,valid,False,v2,01,01055,0105546,0105546034
01086,Virgen Milagrosa University Foundation,Region I,01 - Ilocos Region,Pangasinan,Pangasinan,San Carlos City,San Carlos City,Private Sectarian,15.91995,120.3413,valid,False,v2,01,01055,0105532,0105532079
01143,WCC Aeronautical & Technological College,Region I,01 - Ilocos Region,Pangasinan,Pangasinan,Binalonan,Binalonan,Private Non-Sectarian,16.10693951,120.5843,valid,False,v2,01,01055,0105541,0105541018
02064,AMA Computer College-Santiago City,Region II,02 - Cagayan Valley,Isabela,Isabela,Santiago City,Santiago City,Private Non-Sectarian,16.6883,121.551,valid,False,v2,02,02031,0203135,0203135020
02068,AMA Computer College-Tuguegarao City,Region II,02 - Cagayan Valley,Cagayan,Cagayan,Tuguegarao City,Tuguegarao City,Private Non-Sectarian,17.6297,121.74132,valid,False,v2,02,02015,0201529,0201529025
02001,Aldersgate College,Region II,02 - Cagayan Valley,Nueva Vizcaya,Nueva Vizcaya,Solano,Solano,Private Non-Sectarian,16.5143,121.183,valid,False,v2,02,02050,0205013,0205013012
02003,Batanes State College,Region II,02 - Cagayan Valley,Batanes,Batanes,Basco,Basco,SUC Main,20.451079,121.968628,valid,False,v2,02,02009,0200901,0200901003
02090,Cagayan State University-Andrews,Region II,02 - Cagayan Valley,Cagayan,Cagayan,Tuguegarao City,Tuguegarao City,SUC Main,17.620906,121.724686,valid,False,v2,02,02015,0201529,0201529020
02007,Cagayan State University-Aparri,Region II,02 - Cagayan Valley,Cagayan,Cagayan,Aparri,Aparri,SUC Satellite,18.351984,121.650107,valid,False,v2,02,02015,0201505,0201505030
02009,Cagayan State University-Gonzaga,Region II,02 - Cagayan Valley,Cagayan,Cagayan,Gonzaga,Gonzaga,SUC Satellite,18.250593,122.000175,valid,False,v2,02,02015,0201514,0201514011
02010,Cagayan State University-Lallo,Region II,02 - Cagayan Valley,Cagayan,Cagayan,Lal-Lo,Lal-Lo,SUC Satellite,18.134869,121.69479,valid,False,v2,02,02015,0201516,0201516034
02011,Cagayan State University-Lasam,Region II,02 - Cagayan Valley,Cagayan,Cagayan,Lasam,Lasam,SUC Satellite,18.077655,121.605939,valid,False,v2,02,02015,0201517,0201517021
02012,Cagayan State University-Piat,Region II,02 - Cagayan Valley,Cagayan,Cagayan,Piat,Piat,SUC Satellite,17.792765,121.510583,valid,False,v2,02,02015,0201520,0201520016
02013,Cagayan State University-Sanchez Mira,Region II,02 - Cagayan Valley,Cagayan,Cagayan,Sanchez Mira,Sanchez Mira,SUC Satellite,18.570365,121.223636,valid,False,v2,02,02015,0201522,0201522004
02005,Cagayan State University-Tuguegarao (Carig),Region II,02 - Cagayan Valley,Cagayan,Cagayan,Tuguegarao City,Tuguegarao City,SUC Satellite,17.660945,121.752447,valid,False,v2,02,02015,0201529,0201529018
02065,Cagayan Valley Computer and Information Technology College,Region II,02 - Cagayan Valley,Isabela,Isabela,Santiago City,Santiago City,Private Non-Sectarian,16.6901,121.5501,valid,False,v2,02,02031,0203135,0203135013
02016,Eveland Christian College,Region II,02 - Cagayan Valley,Isabela,Isabela,San Mateo,San Mateo,Private Non-Sectarian,16.8852,121.5834,valid,False,v2,02,02031,0203132,0203132020
02074,F.L. Vargas College-Abulug Campus,Region II,02 - Cagayan Valley,Cagayan,Cagayan,Abulug,Abulug,Private Non-Sectarian,18.362,121.4043,valid,False,v2,02,02015,0201501,0201501005
02055,FL Vargas College-Tuguegarao,Region II,02 - Cagayan Valley,Cagayan,Cagayan,Tuguegarao City,Tuguegarao City,Private Non-Sectarian,17.6148,121.729276,valid,False,v2,02,02015,0201529,0201529009
02084,Global Academy of Technology and Entrepreneurship,Region II,02 - Cagayan Valley,Isabela,Isabela,Santiago City,Santiago City,Private Non-Sectarian,16.6869,121.5479,valid,False,v2,02,02031,0203135,0203135035
02085,HGBaquiran College,Region II,02 - Cagayan Valley,Isabela,Isabela,Tumauini,Tumauini,Private Non-Sectarian,17.2725,121.8331,valid,False,v2,02,02031,0203137,0203137050
02086,Infant Jesus Montessori School (College Department),Region II,02 - Cagayan Valley,Isabela,Isabela,Santiago City,Santiago City,Private Non-Sectarian,16.6885,121.5534,valid,False,v2,02,02031,0203135,0203135020
02061,International School of Asia and the Pacific,Region II,02 - Cagayan Valley,Cagayan,Cagayan,Peñablanca,Peñablanca,Private Non-Sectarian,17.6425,121.7614,valid,False,v2,02,02015,0201519,0201519002
02062,Isabela College of Arts and Technology,Region II,02 - Cagayan Valley,Isabela,Isabela,Cauayan City,Cauayan City,Private Non-Sectarian,16.9666,121.7699,valid,False,v2,02,02031,0203108,0203108069
02018,Isabela Colleges,Region II,02 - Cagayan Valley,Isabela,Isabela,Cauayan City,Cauayan City,Private Non-Sectarian,16.9371,121.7717,valid,False,v2,02,02031,0203108,0203108032
02002,Isabela State University-Angadanan Campus,Region II,02 - Cagayan Valley,Isabela,Isabela,Angadanan,Angadanan,SUC Satellite,16.759031,121.738875,valid,False,v2,02,02031,0203102,0203102019
02021,Isabela State University-Cabagan,Region II,02 - Cagayan Valley,Isabela,Isabela,Cabagan,Cabagan,SUC Satellite,17.411497,121.804393,valid,False,v2,02,02031,0203106,0203106009
02006,Isabela State University-Cauayan Campus,Region II,02 - Cagayan Valley,Isabela,Isabela,Cauayan City,Cauayan City,SUC Satellite,16.936527,121.764184,valid,False,v2,02,02031,0203108,0203108059
02022,Isabela State University-Ilagan Campus,Region II,02 - Cagayan Valley,Isabela,Isabela,Ilagan City,Ilagan City,SUC Satellite,17.129361,121.868964,valid,False,v2,02,02031,0203114,0203114034
02023,Isabela State University-Jones Campus,Region II,02 - Cagayan Valley,Isabela,Isabela,Jones,Jones,SUC Satellite,16.563581,121.700074,valid,False,v2,02,02031,0203115,0203115006
02020,Isabela State University-Main (Echague),Region II,02 - Cagayan Valley,Isabela,Isabela,Echague,Echague,SUC Main,16.721277,121.688652,valid,False,v2,02,02031,0203112,0203112045
02091,Isabela State University-Palanan Campus,Region II,02 - Cagayan Valley,Isabela,Isabela,Palanan,Palanan,SUC Satellite,17.06871,122.43386,valid,False,v2,02,02031,0203121,0203121010
02024,Isabela State University-Roxas Campus,Region II,02 - Cagayan Valley,Isabela,Isabela,Roxas,Roxas,SUC Satellite,17.111664,121.632544,valid,False,v2,02,02031,0203126,0203126016
02015,Isabela State University-San Mariano Campus,Region II,02 - Cagayan Valley,Isabela,Isabela,San Mariano,San Mariano,SUC Satellite,16.982176,121.98073,valid,False,v2,02,02031,0203131,0203131033
02025,Isabela State University-San Mateo Campus,Region II,02 - Cagayan Valley,Isabela,Isabela,San Mateo,San Mateo,SUC Satellite,16.903612,121.613427,valid,False,v2,02,02031,0203132,0203132025
02066,John Wesley College,Region II,02 - Cagayan Valley,Cagayan,Cagayan,Tuguegarao City,Tuguegarao City,Private Non-Sectarian,17.6176,121.725775,valid,False,v2,02,02015,0201529,0201529020
02083,King's College of the Philippines-Bambang,Region II,02 - Cagayan Valley,Nueva Vizcaya,Nueva Vizcaya,Bambang,Bambang,Private Non-Sectarian,16.3743,121.1044,valid,False,v2,02,02050,0205004,0205004026
02092,La Salette of Roxas College,Region II,02 - Cagayan Valley,Isabela,Isabela,Roxas,Roxas,Private Sectarian,17.1163,121.6198459,valid,False,v2,02,02031,0203126,0203126013
02027,Lyceum of Aparri,Region II,02 - Cagayan Valley,Cagayan,Cagayan,Aparri,Aparri,Private Sectarian,18.3468,121.6435,valid,False,v2,02,02015,0201505,0201505029
02028,Lyceum of Tuao,Region II,02 - Cagayan Valley,Cagayan,Cagayan,Tuao,Tuao,Private Sectarian,17.7335,121.4541,valid,False,v2,02,02015,0201528,0201528032
02087,Maila Rosario Colleges,Region II,02 - Cagayan Valley,Cagayan,Cagayan,Tuguegarao City,Tuguegarao City,Private Non-Sectarian,17.6236,121.71205,valid,False,v2,02,02015,0201529,0201529051
02053,Mallig Plains Colleges,Region II,02 - Cagayan Valley,Isabela,Isabela,Mallig,Mallig,Private Non-Sectarian,17.2052,121.6071,valid,False,v2,02,02031,0203119,0203119003
02030,Medical Colleges of Northern Philippines,Region II,02 - Cagayan Valley,Cagayan,Cagayan,Peñablanca,Peñablanca,Private Non-Sectarian,17.7595,122.135,valid,False,v2,02,02015,0201519,0201519013
02076,Metropolitan School of Science and Technology,Region II,02 - Cagayan Valley,Isabela,Isabela,Santiago City,Santiago City,Private Non-Sectarian,16.6865,121.5449,valid,False,v2,02,02031,0203135,0203135035
02089,Northeast Luzon Adventist College,Region II,02 - Cagayan Valley,Isabela,Isabela,Alicia,Alicia,Private Non-Sectarian,16.8115,121.7274,valid,False,v2,02,02031,0203101,0203101016
02032,Northeastern College,Region II,02 - Cagayan Valley,Isabela,Isabela,Santiago City,Santiago City,Private Non-Sectarian,16.6902,121.5525,valid,False,v2,02,02031,0203135,0203135037
02033,Northern Cagayan Colleges Foundation,Region II,02 - Cagayan Valley,Cagayan,Cagayan,Ballesteros,Ballesteros,Private Non-Sectarian,18.4115,121.5146,valid,False,v2,02,02015,0201507,0201507008
02034,"Nueva Vizcaya State University - Main, Bayombong",Region II,02 - Cagayan Valley,Nueva Vizcaya,Nueva Vizcaya,Bayombong,Bayombong,SUC Main,16.479668,121.143274,valid,False,v2,02,02050,0205005,0205005016
02035,Nueva Vizcaya State University-Bambang,Region II,02 - Cagayan Valley,Nueva Vizcaya,Nueva Vizcaya,Bambang,Bambang,SUC Satellite,16.387207,121.10004,valid,False,v2,02,02050,0205004,0205004010
02036,Our Lady of the Pillar College-Cauayan,Region II,02 - Cagayan Valley,Isabela,Isabela,Cauayan City,Cauayan City,Private Sectarian,16.9311,121.7607,valid,False,v2,02,02031,0203108,0203108059
02088,Our Lady of the Pillar College-Cauayan San Manuel Branch,Region II,02 - Cagayan Valley,Isabela,Isabela,San Manuel,San Manuel,Private Sectarian,17.026,121.6291,valid,False,v2,02,02031,0203130,0203130013
02039,PLT College,Region II,02 - Cagayan Valley,Nueva Vizcaya,Nueva Vizcaya,Bayombong,Bayombong,Private Non-Sectarian,16.482,121.1491,valid,False,v2,02,02050,0205005,0205005015
02037,Patria Sable Corpus College,Region II,02 - Cagayan Valley,Isabela,Isabela,Santiago City,Santiago City,Private Non-Sectarian,16.6938,121.5508,valid,False,v2,02,02031,0203135,0203135010
02057,Philippine Law Enforcement College,Region II,02 - Cagayan Valley,Cagayan,Cagayan,Tuguegarao City,Tuguegarao City,Private Non-Sectarian,17.6139,121.72772,valid,False,v2,02,02015,0201529,0201529009
02040,Philippine Normal University-North Luzon Campus,Region II,02 - Cagayan Valley,Isabela,Isabela,Alicia,Alicia,SUC Satellite,16.788396,121.686312,valid,False,v2,02,02031,0203101,0203101004
02041,Quezon Colleges of the North,Region II,02 - Cagayan Valley,Cagayan,Cagayan,Ballesteros,Ballesteros,Private Non-Sectarian,18.4096,121.5155,valid,False,v2,02,02015,0201507,0201507008
02043,Quirino State University,Region II,02 - Cagayan Valley,Quirino,Quirino,Diffun,Diffun,SUC Main,16.600742,121.50636,valid,False,v2,02,02057,0205703,0205703001
02042,Quirino State University - Cabarroguis,Region II,02 - Cagayan Valley,Quirino,Quirino,Cabarroguis,Cabarroguis,SUC Satellite,16.504483,121.530168,valid,False,v2,02,02057,0205702,0205702011
02043a,Quirino State University - Maddela,Region II,02 - Cagayan Valley,Quirino,Quirino,Maddela,Maddela,SUC Satellite,16.277858,121.65832,valid,False,v2,02,02057,0205704,0205704010
02069,SISTECH College of Santiago City,Region II,02 - Cagayan Valley,Isabela,Isabela,Santiago City,Santiago City,Private Non-Sectarian,16.6921,121.5546,valid,False,v2,02,02031,0203135,0203135037
02093,STI College-Cauayan,Region II,02 - Cagayan Valley,Isabela,Isabela,Cauayan City,Cauayan City,Private Non-Sectarian,16.9467,121.7716566,valid,False,v2,02,02031,0203108,0203108012
02045,Saint Anthony's College,Region II,02 - Cagayan Valley,Cagayan,Cagayan,Sta. Ana,Sta. Ana,Private Sectarian,18.4864,122.1402296,valid,False,v2,,,,
02046,Saint Dominic College of Batanes,Region II,02 - Cagayan Valley,Batanes,Batanes,Basco,Basco,Private Non-Sectarian,20.4634,122.004179,valid,False,v2,02,02009,0200901,0200901004
02071,Saint Ferdinand College-Cabagan Campus,Region II,02 - Cagayan Valley,Isabela,Isabela,Cabagan,Cabagan,Private Non-Sectarian,17.4284,121.7641,valid,False,v2,02,02031,0203106,0203106018
02048,Saint Joseph's College of Baggao,Region II,02 - Cagayan Valley,Cagayan,Cagayan,Baggao,Baggao,Private Sectarian,17.9167,121.966666,valid,False,v2,02,02015,0201506,0201506023
02050,Saint Mary's University of Bayombong,Region II,02 - Cagayan Valley,Nueva Vizcaya,Nueva Vizcaya,Bayombong,Bayombong,Private Sectarian,16.4828,121.155643,valid,False,v2,02,02050,0205005,0205005021
02051,Saint Paul University Philippines,Region II,02 - Cagayan Valley,Cagayan,Cagayan,Tuguegarao City,Tuguegarao City,Private Sectarian,17.6171,121.72321,valid,False,v2,02,02015,0201529,0201529034
02070,Santiago City Colleges,Region II,02 - Cagayan Valley,Isabela,Isabela,Santiago City,Santiago City,Private Non-Sectarian,16.6913,121.554,valid,False,v2,02,02031,0203135,0203135037
02047,St. Ferdinand College-Ilagan,Region II,02 - Cagayan Valley,Isabela,Isabela,Ilagan City,Ilagan City,Private Non-Sectarian,17.1496,121.889484,valid,False,v2,02,02031,0203114,0203114011
02004,University of Cagayan Valley,Region II,02 - Cagayan Valley,Cagayan,Cagayan,Tuguegarao City,Tuguegarao City,Private Non-Sectarian,17.6239,121.7293,valid,False,v2,02,02015,0201529,0201529037
02026,University of La Salette,Region II,02 - Cagayan Valley,Isabela,Isabela,Santiago City,Santiago City,Private Sectarian,16.6924,121.5402,valid,False,v2,02,02031,0203135,0203135017
02082,University of Perpetual Help System,Region II,02 - Cagayan Valley,Isabela,Isabela,Cauayan City,Cauayan City,Private Non-Sectarian,16.9139,121.760174,valid,False,v2,02,02031,0203108,0203108048
02049,University of Saint Louis-Tuguegarao,Region II,02 - Cagayan Valley,Cagayan,Cagayan,Tuguegarao City,Tuguegarao City,Private Sectarian,17.6101,121.723425,valid,False,v2,02,02015,0201529,0201529052
03177,ABE International College of Business and Accountancy,Region III,03 - Central Luzon,Bulacan,Bulacan,Malolos City,Malolos City,Private Non-Sectarian,14.8533,120.8159,valid,False,v2,03,03014,0301410,0301410015
03166,ABE International College of Business and Economics-Cabanatuan,Region III,03 - Central Luzon,Nueva Ecija,Nueva Ecija,Cabanatuan City,Cabanatuan City,Private Non-Sectarian,15.492556,120.974394,valid,False,v2,03,03049,0304903,0304903077
03248,ACLC College of Apalit,Region III,03 - Central Luzon,Pampanga,Pampanga,Apalit,Apalit,Private Non-Sectarian,14.9552,120.7585,valid,False,v2,03,03054,0305402,0305402010
03241,ACLC College of Balanga,Region III,03 - Central Luzon,Bataan,Bataan,Balanga City,Balanga City,Private Non-Sectarian,14.68,120.5369,valid,False,v2,03,03008,0300803,0300803011
03295,ACLC College of Malolos,Region III,03 - Central Luzon,Bulacan,Bulacan,Malolos City,Malolos City,Private Non-Sectarian,14.8501,120.822,valid,False,v2,03,03014,0301410,0301410053
03211,ACLC College of Meycauayan,Region III,03 - Central Luzon,Bulacan,Bulacan,Meycauayan City,Meycauayan City,Private Non-Sectarian,14.728,120.9618,valid,False,v2,03,03014,0301412,0301412004
03275,ACLC College of Sta. Maria,Region III,03 - Central Luzon,Bulacan,Bulacan,Santa Maria,Santa Maria,Private Non-Sectarian,14.8227,120.9611,valid,False,v2,03,03014,0301423,0301423016
03242,ACLC College-Baliuag,Region III,03 - Central Luzon,Bulacan,Bulacan,Baliuag,Baliuag,Private Non-Sectarian,14.9565,120.9005,valid,False,v2,03,03014,0301403,0301403014
03167,AMA Computer College-Angeles City,Region III,03 - Central Luzon,Pampanga,Pampanga,Angeles City,Angeles City,Private Non-Sectarian,15.13619478,120.58533,valid,False,v2,03,03301,0330100,0330100029
03142,AMA Computer College-Cabanatuan City,Region III,03 - Central Luzon,Nueva Ecija,Nueva Ecija,Cabanatuan City,Cabanatuan City,Private Non-Sectarian,15.498462,120.9767811,valid,False,v2,03,03049,0304903,0304903016
03178,AMA Computer College-Olongapo City,Region III,03 - Central Luzon,Zambales,Zambales,Olongapo City,Olongapo City,Private Non-Sectarian,15.136,120.5852,valid,False,v2,03,03301,0330100,0330100029
03153,"AMA Computer College-San Fernando, Pampanga",Region III,03 - Central Luzon,Pampanga,Pampanga,San Fernando City,San Fernando City,Private Non-Sectarian,15.0166,120.7262,valid,False,v2,03,03054,0305421,0305421008
03162,AMA Computer College-Tarlac City,Region III,03 - Central Luzon,Tarlac,Tarlac,Tarlac City,Tarlac City,Private Non-Sectarian,15.48349,120.59106,valid,False,v2,03,03069,0306916,0306916073
03266,AMA Computer Learning Center College of Mabalacat,Region III,03 - Central Luzon,Pampanga,Pampanga,Mabalacat City,Mabalacat City,Private Non-Sectarian,15.1808,120.5863,valid,False,v2,03,03054,0305409,0305409008
03196,Academia de San Lorenzo Dema Ala,Region III,03 - Central Luzon,Bulacan,Bulacan,San Jose Del Monte City,San Jose Del Monte City,Private Non-Sectarian,14.83274,121.07625,valid,False,v2,03,03014,0301420,0301420009
03001,Angeles University Foundation,Region III,03 - Central Luzon,Pampanga,Pampanga,Angeles City,Angeles City,Private Non-Sectarian,15.14558,120.5948,valid,False,v2,03,03301,0330100,0330100012
03074,Araullo University,Region III,03 - Central Luzon,Nueva Ecija,Nueva Ecija,Cabanatuan City,Cabanatuan City,Private Non-Sectarian,15.4954,120.9758,valid,False,v2,03,03049,0304903,0304903016
03307,Araullo University-San Jose Campus,Region III,03 - Central Luzon,Nueva Ecija,Nueva Ecija,San Jose,San Jose,Private Non-Sectarian,15.495,120.9929,valid,False,v2,03,03049,0304903,0304903068
03168,Asia Pacific College of Advanced Studies,Region III,03 - Central Luzon,Bataan,Bataan,Balanga City,Balanga City,Private Non-Sectarian,14.6796638019328,120.537046238552,valid,False,v2,03,03008,0300803,0300803011
03323,"Asia Pacific College of Business and Arts, Inc.",Region III,03 - Central Luzon,Nueva Ecija,Nueva Ecija,Rizal,Rizal,Private Non-Sectarian,14.5311,121.0214,valid,False,v2,13,13803,1380300,1380300013
03324,Asian Institute of Science and Technology-Baliuag,Region III,03 - Central Luzon,Bulacan,Bulacan,Baliuag,Baliuag,Private Non-Sectarian,14.95398569,120.9006829,valid,False,v2,03,03014,0301403,0301403014
03301,Asian Institute of Science and Technology-Central,Region III,03 - Central Luzon,Pampanga,Pampanga,MABALACAT CITY,MABALACAT CITY,Private Non-Sectarian,15.1756,120.5878,valid,False,v2,03,03054,0305409,0305409008
04006,Aurora State College of Technology,Region III,03 - Central Luzon,Aurora,Aurora,Baler,Baler,SUC Main,15.7464763985971,121.577079250333,valid,False,v2,03,03077,0307701,0307701013
04006a,Aurora State College of Technology-Bazal,Region III,03 - Central Luzon,Aurora,Aurora,Maria Aurora,Maria Aurora,SUC Satellite,15.8059116093795,121.416183351831,valid,False,v2,03,03077,0307707,0307707011
04006b,Aurora State College of Technology-Casiguran,Region III,03 - Central Luzon,Aurora,Aurora,Casiguran,Casiguran,SUC Satellite,16.1891616628431,122.052440313198,valid,False,v2,03,03077,0307702,0307702023
03004,Baliuag University,Region III,03 - Central Luzon,Bulacan,Bulacan,Baliuag,Baliuag,Private Non-Sectarian,14.953,120.8978,valid,False,v2,03,03014,0301403,0301403017
03005,Baliwag Maritime Foundation,Region III,03 - Central Luzon,Bulacan,Bulacan,San Rafael,San Rafael,Private Non-Sectarian,14.9772,120.9231,valid,False,v2,03,03014,0301422,0301422027
03250,Baliwag Polytechnic College,Region III,03 - Central Luzon,Bulacan,Bulacan,Baliuag,Baliuag,LUC with Institutional Recognition,14.9531,120.9012,valid,False,v2,03,03014,0301403,0301403014
03009,Bataan Heroes Memorial College,Region III,03 - Central Luzon,Bataan,Bataan,Balanga City,Balanga City,Private Non-Sectarian,14.669,120.5254,valid,False,v2,03,03008,0300803,0300803021
03141,Bataan Peninsula State University,Region III,03 - Central Luzon,Bataan,Bataan,Balanga City,Balanga City,SUC Main,14.6814535240035,120.499891498353,valid,False,v2,03,03008,0300803,0300803004
03006a,Bataan Peninsula State University-Abucay,Region III,03 - Central Luzon,Bataan,Bataan,Abucay,Abucay,SUC Satellite,14.7403547931848,120.446591374141,valid,False,v2,03,03008,0300801,0300801001
03006b,Bataan Peninsula State University-Bagac,Region III,03 - Central Luzon,Bataan,Bataan,Bagac,Bagac,SUC Satellite,14.5947682173504,120.392220697836,valid,False,v2,03,03008,0300802,0300802008
03228,Bataan Peninsula State University-Balanga,Region III,03 - Central Luzon,Bataan,Bataan,Balanga City,Balanga City,SUC Satellite,14.6814265341592,120.542010754732,valid,False,v2,03,03008,0300803,0300803026
03006,Bataan Peninsula State University-Dinalupihan,Region III,03 - Central Luzon,Bataan,Bataan,Dinalupihan,Dinalupihan,SUC Satellite,14.8665473706192,120.460736455509,valid,False,v2,03,03008,0300804,0300804036
03108,Bataan Peninsula State University-Orani,Region III,03 - Central Luzon,Bataan,Bataan,Orani,Orani,SUC Satellite,14.7932371233033,120.531202137174,valid,False,v2,03,03008,0300809,0300809003
03279,Bestlink College of the Philippines-Bulacan,Region III,03 - Central Luzon,Bulacan,Bulacan,San Jose Del Monte City,San Jose Del Monte City,Private Non-Sectarian,14.84702352,121.0805067,valid,False,v2,03,03014,0301420,0301420041
03010,Bulacan Agricultural State College,Region III,03 - Central Luzon,Bulacan,Bulacan,San Ildefonso,San Ildefonso,SUC Main,15.0734202673599,120.957285299649,valid,False,v2,03,03014,0301419,0301419025
03229,Bulacan Agricultural State College-Doña Remedios Trinidad,Region III,03 - Central Luzon,Bulacan,Bulacan,Doña Remedios Trinidad,Doña Remedios Trinidad,SUC Satellite,15.0375997579152,121.096324689465,valid,False,v2,03,03014,0301424,0301424008
03280,Bulacan Polytechnic College,Region III,03 - Central Luzon,Bulacan,Bulacan,Malolos City,Malolos City,LUC with Institutional Recognition,14.8668,120.94945,valid,False,v2,03,03014,0301415,0301415016
03012a,Bulacan State University-Bustos,Region III,03 - Central Luzon,Bulacan,Bulacan,Bustos,Bustos,SUC Satellite,14.9549843488832,120.910764110951,valid,False,v2,03,03014,0301406,0301406010
03012d,Bulacan State University-Hagonoy,Region III,03 - Central Luzon,Bulacan,Bulacan,Hagonoy,Hagonoy,SUC Satellite,14.8673319355524,120.766006537355,valid,False,v2,03,03014,0301409,0301409003
03012,Bulacan State University-Main,Region III,03 - Central Luzon,Bulacan,Bulacan,Malolos City,Malolos City,SUC Main,14.8586567172455,120.814773539309,valid,False,v2,03,03014,0301410,0301410015
03012c,Bulacan State University-Meneses,Region III,03 - Central Luzon,Bulacan,Bulacan,Bulacan,Bulacan,SUC Satellite,14.812465253695,120.880556352682,valid,False,v2,03,03014,0301405,0301405004
03012b,Bulacan State University-San Jose Del Monte,Region III,03 - Central Luzon,Bulacan,Bulacan,San Jose Del Monte City,San Jose Del Monte City,SUC Satellite,14.8136436685273,121.057147196044,valid,False,v2,03,03014,0301420,0301420004
03326,Bulacan State University-San Rafael Campus,Region III,03 - Central Luzon,Bulacan,Bulacan,San Rafael,San Rafael,SUC Satellite,15.0136058203584,120.944786504831,valid,False,v2,03,03014,0301422,0301422030
03014,CIT Colleges of Paniqui Foundation,Region III,03 - Central Luzon,Tarlac,Tarlac,Paniqui,Paniqui,Private Non-Sectarian,15.66953,120.57873,valid,False,v2,03,03069,0306910,0306910024
03023,CORE Gateway College,Region III,03 - Central Luzon,Nueva Ecija,Nueva Ecija,San Jose City,San Jose City,Private Non-Sectarian,15.79028,120.98899,valid,False,v2,03,03049,0304926,0304926019
03013,Camiling Colleges,Region III,03 - Central Luzon,Tarlac,Tarlac,Camiling,Camiling,Private Non-Sectarian,15.69,120.41,valid,False,v2,03,03069,0306903,0306903051
03070,Carthel Science Educational Foundation,Region III,03 - Central Luzon,Tarlac,Tarlac,San Manuel,San Manuel,Private Non-Sectarian,15.1017,120.8717,valid,False,v2,03,03054,0305405,0305405029
03206,Central Luzon College of Science and Technology-City of San Fernando (Pampanga),Region III,03 - Central Luzon,Pampanga,Pampanga,San Fernando City,San Fernando City,Private Non-Sectarian,15.0293,120.6877,valid,False,v2,03,03054,0305416,0305416013
03016,Central Luzon College of Science and Technology-Olongapo City,Region III,03 - Central Luzon,Zambales,Zambales,Olongapo City,Olongapo City,Private Non-Sectarian,14.836775,120.278114,valid,False,v2,03,03314,0331400,0331400011
03015,Central Luzon Doctors' Hospital Educational Institution,Region III,03 - Central Luzon,Tarlac,Tarlac,Tarlac City,Tarlac City,Private Non-Sectarian,15.47745,120.58424,valid,False,v2,03,03069,0306916,0306916075
03018,Central Luzon State University,Region III,03 - Central Luzon,Nueva Ecija,Nueva Ecija,Science City of Muñoz,Science City of Muñoz,SUC Main,15.7303834253574,120.929903953295,valid,False,v2,03,03049,0304917,0304917003
03231,Centro Colegio De Tarlac,Region III,03 - Central Luzon,Tarlac,Tarlac,Bamban,Bamban,Private Non-Sectarian,15.288,120.589601,valid,False,v2,03,03069,0306902,0306902004
03019,Centro Escolar University-Malolos City,Region III,03 - Central Luzon,Bulacan,Bulacan,Malolos City,Malolos City,Private Non-Sectarian,14.8707,120.8018,valid,False,v2,03,03014,0301410,0301410025
03271,City College of Angeles,Region III,03 - Central Luzon,Pampanga,Pampanga,Angeles City,Angeles City,LUC with Institutional Recognition,15.1498,120.5779,valid,False,v2,03,03301,0330100,0330100017
03249,City College of San Fernando,Region III,03 - Central Luzon,Pampanga,Pampanga,San Fernando City,San Fernando City,LUC with Institutional Recognition,15.029,120.678,valid,False,v2,03,03054,0305416,0305416034
03310,City College of San Jose del Monte,Region III,03 - Central Luzon,Bulacan,Bulacan,City of San Jose Del Monte,City of San Jose Del Monte,LUC with Institutional Recognition,14.84650714,121.0781476,valid,False,v2,03,03014,0301420,0301420041
03265,Clark College of Science and Technology,Region III,03 - Central Luzon,Pampanga,Pampanga,Mabalacat City,Mabalacat City,Private Non-Sectarian,15.1763,120.5869,valid,False,v2,03,03054,0305409,0305409008
03212,Colegio De Calumpit,Region III,03 - Central Luzon,Bulacan,Bulacan,Calumpit,Calumpit,Private Non-Sectarian,14.9056,120.7663,valid,False,v2,03,03014,0301407,0301407014
03180,Colegio De San Gabriel Arcangel,Region III,03 - Central Luzon,Bulacan,Bulacan,San Jose Del Monte City,San Jose Del Monte City,Private Non-Sectarian,14.8477,121.0487,valid,False,v2,03,03014,0301420,0301420015
03333,Colegio De San Leonardo,Region III,03 - Central Luzon,Nueva Ecija,Nueva Ecija,San Leonardo,San Leonardo,LUC,15.36489864,120.9615329,valid,False,v2,03,03049,0304927,0304927003
03020,Colegio De San Pascual Baylon,Region III,03 - Central Luzon,Bulacan,Bulacan,Obando,Obando,Private Sectarian,14.71030104,120.9363845,valid,False,v2,03,03014,0301414,0301414007
03335,Colegio de Masinloc,Region III,03 - Central Luzon,Zambales,Zambales,Masinloc,Masinloc,LUC,15.53823,119.9472,valid,False,v2,03,03071,0307106,0307106011
03207,Colegio de San Juan de Letran-Abucay,Region III,03 - Central Luzon,Bataan,Bataan,Abucay,Abucay,Private Non-Sectarian,14.7286,120.4711,valid,False,v2,03,03008,0300801,0300801004
03264,Colegio de Sebastian-Pampanga,Region III,03 - Central Luzon,Pampanga,Pampanga,San Fernando City,San Fernando City,Private Non-Sectarian,15.06250032,120.6545761,valid,False,v2,03,03054,0305416,0305416026
03025,College for Research and Technology-Cabanatuan City,Region III,03 - Central Luzon,Nueva Ecija,Nueva Ecija,Cabanatuan City,Cabanatuan City,Private Non-Sectarian,15.4892,120.967,valid,False,v2,03,03049,0304903,0304903088
03169,"College of Mary Immaculate of Pandi, Bulacan",Region III,03 - Central Luzon,Bulacan,Bulacan,Pandi,Pandi,Private Non-Sectarian,14.8656,120.9537,valid,False,v2,03,03014,0301415,0301415016
03205,College of Our Lady of Mt. Carmel (Pampanga),Region III,03 - Central Luzon,Pampanga,Pampanga,San Fernando City,San Fernando City,Private Non-Sectarian,15.0969,120.6237425,valid,False,v2,03,03054,0305416,0305416023
03303,College of Saint Anthony-SJDM Bulacan,Region III,03 - Central Luzon,Bulacan,Bulacan,City of San Jose Del Monte,City of San Jose Del Monte,Private Non-Sectarian,14.79640894,121.0728251,valid,False,v2,03,03014,0301420,0301420011
03131,College of Saint Lawrence,Region III,03 - Central Luzon,Bulacan,Bulacan,Balagtas,Balagtas,Private Non-Sectarian,14.8212,120.903757,valid,False,v2,03,03014,0301402,0301402003
03294,College of Subic Montesorri-Dinalupihan,Region III,03 - Central Luzon,Bataan,Bataan,Dinalupihan,Dinalupihan,Private Non-Sectarian,14.86,120.47105,valid,False,v2,03,03008,0300804,0300804040
03208,College of Subic Montessori-Subic Bay,Region III,03 - Central Luzon,Zambales,Zambales,Olongapo City,Olongapo City,Private Non-Sectarian,14.784,120.27959,valid,False,v2,03,03314,0331400,0331400021
03022,College of the Immaculate Conception,Region III,03 - Central Luzon,Nueva Ecija,Nueva Ecija,Cabanatuan City,Cabanatuan City,Private Sectarian,15.4554,120.81199,valid,False,v2,03,03049,0304932,0304932022
03195,College of the Most Holy Trinity,Region III,03 - Central Luzon,Bataan,Bataan,Hermosa,Hermosa,Private Non-Sectarian,14.8448946589903,120.381734896225,valid,False,v2,03,03008,0300805,0300805025
03267,College of the Our Lady of Mercy of Pulilan Foundation,Region III,03 - Central Luzon,Bulacan,Bulacan,Pulilan,Pulilan,Private Non-Sectarian,14.826,120.802,valid,False,v2,03,03014,0301416,0301416011
03287,Colleges of Advance Technology and Management of the Philippines,Region III,03 - Central Luzon,Nueva Ecija,Nueva Ecija,Guimba,Guimba,Private Non-Sectarian,15.656,120.7678,valid,False,v2,03,03049,0304911,0304911062
03024,Columban College-Olongapo City,Region III,03 - Central Luzon,Zambales,Zambales,Olongapo City,Olongapo City,Private Non-Sectarian,14.8261,120.281,valid,False,v2,03,03314,0331400,0331400001
03129,"Columban College-Sta. Cruz, Zambales",Region III,03 - Central Luzon,Zambales,Zambales,Sta. Cruz,Sta. Cruz,Private Sectarian,15.71279265,120.985,valid,False,v2,03,03049,0304915,0304915022
03144,Comteq Computer and Business College,Region III,03 - Central Luzon,Zambales,Zambales,Olongapo City,Olongapo City,Private Non-Sectarian,14.82547,120.27801,valid,False,v2,03,03314,0331400,0331400021
03127,Concepcion Holy Cross College,Region III,03 - Central Luzon,Tarlac,Tarlac,Concepcion,Concepcion,Private Non-Sectarian,15.3211,120.6496,valid,False,v2,03,03069,0306905,0306905019
03331,DPR Aviation College,Region III,03 - Central Luzon,Bulacan,Bulacan,Plaridel,Plaridel,Private Non-Sectarian,14.88947,120.8548,valid,False,v2,03,03014,0301417,0301417012
03332,Dingalan Community College,Region III,03 - Central Luzon,Aurora,Aurora,Dingalan,Dingalan,LUC,15.3894,121.3927,valid,False,v2,03,03077,0307705,0307705005
03028,Divina Pastora College,Region III,03 - Central Luzon,Nueva Ecija,Nueva Ecija,Gapan City,Gapan City,Private Non-Sectarian,15.3138,120.9489,valid,False,v2,03,03049,0304908,0304908013
03330,Divine Grace Colleges of Pampanga,Region III,03 - Central Luzon,Pampanga,Pampanga,Mabalacat City,Mabalacat City,Private Non-Sectarian,15.20854,120.6038,valid,False,v2,03,03054,0305409,0305409018
03029,Dominican College of Tarlac,Region III,03 - Central Luzon,Tarlac,Tarlac,Capas,Capas,Private Sectarian,15.4892,120.967,valid,False,v2,03,03049,0304903,0304903088
03316,Don Honorio Ventura State University - Apalit,Region III,03 - Central Luzon,Pampanga,Pampanga,APALIT,APALIT,SUC Satellite,14.9704416441859,120.759313453665,valid,False,v2,03,03054,0305402,0305402010
03317,Don Honorio Ventura State University - Candaba,Region III,03 - Central Luzon,Pampanga,Pampanga,CANDABA,CANDABA,SUC Satellite,15.0938762768958,120.799643840172,valid,False,v2,03,03054,0305405,0305405024
03311,Don Honorio Ventura State University - Lubao,Region III,03 - Central Luzon,Pampanga,Pampanga,LUBAO,LUBAO,SUC Satellite,14.927310088692,120.590500927947,valid,False,v2,03,03054,0305408,0305408032
03030,Don Honorio Ventura State University - Main,Region III,03 - Central Luzon,Pampanga,Pampanga,Bacolor,Bacolor,SUC Main,15.0048063428196,120.653646823552,valid,False,v2,03,03054,0305404,0305404019
03030a,Don Honorio Ventura State University - Mexico,Region III,03 - Central Luzon,Pampanga,Pampanga,Mexico,Mexico,SUC Satellite,15.1354233468363,120.699308747452,valid,False,v2,03,03054,0305413,0305413002
03030b,Don Honorio Ventura State University - Porac,Region III,03 - Central Luzon,Pampanga,Pampanga,Porac,Porac,SUC Satellite,15.049002225218,120.528996838204,valid,False,v2,03,03054,0305415,0305415024
03030c,Don Honorio Ventura State University - Sto. Tomas,Region III,03 - Central Luzon,Pampanga,Pampanga,Sto. Tomas,Sto. Tomas,SUC Satellite,15.0194213784505,120.70351596094,valid,False,v2,03,03054,0305416,0305416030
03031,Dr. Gloria D. Lacson Foundation Colleges - Nueva Ecija,Region III,03 - Central Luzon,Nueva Ecija,Nueva Ecija,San Leonardo,San Leonardo,Private Non-Sectarian,15.48362,120.96722,valid,False,v2,03,03049,0304903,0304903013
03203,Dr. Gloria D. Lacson Foundation Colleges-Cabanatuan City,Region III,03 - Central Luzon,Nueva Ecija,Nueva Ecija,Cabanatuan City,Cabanatuan City,Private Non-Sectarian,15.4879,120.9711,valid,False,v2,03,03049,0304903,0304903065
03033,Dr. Yanga's Colleges,Region III,03 - Central Luzon,Bulacan,Bulacan,Bocaue,Bocaue,Private Non-Sectarian,14.8011,120.9213,valid,False,v2,03,03014,0301404,0301404019
03151,Eastwoods Professional College of Science and Technology,Region III,03 - Central Luzon,Bataan,Bataan,Balanga City,Balanga City,Private Non-Sectarian,14.67943,120.5333,valid,False,v2,03,03008,0300803,0300803021
03197,Eduardo L. Joson Memorial College,Region III,03 - Central Luzon,Nueva Ecija,Nueva Ecija,Palayan City,Palayan City,LUC with Institutional Recognition,15.5628,121.095,valid,False,v2,03,03049,0304919,0304919012
03291,Emmanuel System College of Bulacan,Region III,03 - Central Luzon,Bulacan,Bulacan,Pulilan,Pulilan,Private Non-Sectarian,14.826,120.802,valid,False,v2,03,03014,0301416,0301416011
03281,Erhard Science College-Bulacan,Region III,03 - Central Luzon,Bulacan,Bulacan,San Rafael,San Rafael,Private Non-Sectarian,15.00170001,120.930403,valid,False,v2,03,03014,0301422,0301422009
03288,Exact Colleges of Asia,Region III,03 - Central Luzon,Pampanga,Pampanga,Arayat,Arayat,Private Non-Sectarian,15.1727,120.7744,valid,False,v2,03,03054,0305403,0305403036
03304,FDSA Aviation College of Science and Technology,Region III,03 - Central Luzon,Pampanga,Pampanga,Mabalacat City,Mabalacat City,Private Non-Sectarian,15.18922,120.58421,valid,False,v2,03,03054,0305409,0305409006
03133,Fernandez College of Arts and Technology,Region III,03 - Central Luzon,Bulacan,Bulacan,Baliuag,Baliuag,Private Non-Sectarian,14.9532,120.9,valid,False,v2,03,03014,0301403,0301403014
03194,First City Providential College,Region III,03 - Central Luzon,Bulacan,Bulacan,San Jose Del Monte City,San Jose Del Monte City,Private Non-Sectarian,14.8105285058497,121.062312067389,valid,False,v2,03,03014,0301420,0301420029
03163,Fundamental Baptist College For Asians,Region III,03 - Central Luzon,Tarlac,Tarlac,Tarlac City,Tarlac City,Private Non-Sectarian,15.4976,120.601,valid,False,v2,03,03069,0306916,0306916052
03319,Gapan City College,Region III,03 - Central Luzon,Nueva Ecija,Nueva Ecija,Gapan,Gapan,LUC with Institutional Recognition,15.2931,120.9474,valid,False,v2,03,03049,0304908,0304908001
03037,General De Jesus College,Region III,03 - Central Luzon,Nueva Ecija,Nueva Ecija,San Isidro,San Isidro,Private Non-Sectarian,15.3078,120.9042,valid,False,v2,03,03049,0304925,0304925006
03214,Gerona Junior College,Region III,03 - Central Luzon,Tarlac,Tarlac,Gerona,Gerona,Private Non-Sectarian,15.607,120.60012,valid,False,v2,03,03069,0306906,0306906031
03297,Golden Olympus College,Region III,03 - Central Luzon,Tarlac,Tarlac,Tarlac City,Tarlac City,Private Non-Sectarian,15.476,120.5947,valid,False,v2,03,03069,0306916,0306916073
03282,Golden Valley Colleges,Region III,03 - Central Luzon,Bulacan,Bulacan,San Jose Del Monte City,San Jose Del Monte City,Private Non-Sectarian,14.7806536667591,121.052415896224,valid,False,v2,13,13801,1380100,1380100176
03149,Gordon College,Region III,03 - Central Luzon,Zambales,Zambales,Olongapo City,Olongapo City,LUC with Institutional Recognition,14.8327,120.283,valid,False,v2,03,03314,0331400,0331400006
03268,Guagua Community College,Region III,03 - Central Luzon,Pampanga,Pampanga,Guagua,Guagua,LUC with Institutional Recognition,14.96589212,120.6355076,valid,False,v2,03,03054,0305407,0305407028
03040,Guagua National Colleges,Region III,03 - Central Luzon,Pampanga,Pampanga,Guagua,Guagua,Private Non-Sectarian,14.96669755,120.635324,valid,False,v2,03,03054,0305407,0305407028
03042,Holy Angel University,Region III,03 - Central Luzon,Pampanga,Pampanga,Angeles City,Angeles City,Private Non-Sectarian,15.139,120.5888,valid,False,v2,03,03301,0330100,0330100024
03043,Holy Cross College-Nueva Ecija,Region III,03 - Central Luzon,Nueva Ecija,Nueva Ecija,Santa Rosa,Santa Rosa,Private Non-Sectarian,15.42238,120.9391,valid,False,v2,03,03049,0304928,0304928010
03044,Holy Cross College-Pampanga,Region III,03 - Central Luzon,Pampanga,Pampanga,Sta. Ana,Sta. Ana,Private Non-Sectarian,15.09497,120.76906,valid,False,v2,03,03054,0305419,0305419011
03216,Holy Rosary Colleges Foundation,Region III,03 - Central Luzon,Nueva Ecija,Nueva Ecija,San Isidro,San Isidro,Private Sectarian,15.2957,120.7586,valid,False,v2,03,03049,0304924,0304924012
03336,Holy Trinity College of Technology,Region III,03 - Central Luzon,Tarlac,Tarlac,Paniqui,Paniqui,Private Non-Sectarian,15.67361,120.585,valid,False,v2,03,03069,0306910,0306910016
03269,Immaculate Conception I-College of Arts and Technology,Region III,03 - Central Luzon,Bulacan,Bulacan,Santa Maria,Santa Maria,Private Non-Sectarian,14.8184,120.9633,valid,False,v2,03,03014,0301423,0301423016
03045,Immaculate Conception Major Seminary,Region III,03 - Central Luzon,Bulacan,Bulacan,Guiguinto,Guiguinto,Private Sectarian,14.8,120.37853,valid,False,v2,03,03008,0300805,0300805010
03046,Interworld College of Technology Foundation-Tarlac,Region III,03 - Central Luzon,Tarlac,Tarlac,Tarlac City,Tarlac City,Private Non-Sectarian,15.49438665,120.580841,valid,False,v2,03,03069,0306916,0306916088
03111,Interworld Colleges Foundation - Paniqui,Region III,03 - Central Luzon,Tarlac,Tarlac,Paniqui,Paniqui,Private Non-Sectarian,15.66736341,120.575022,valid,False,v2,03,03069,0306910,0306910034
03047,Jesus Is Lord Colleges Foundation,Region III,03 - Central Luzon,Bulacan,Bulacan,Bocaue,Bocaue,Private Non-Sectarian,14.7862,120.9307,valid,False,v2,03,03014,0301404,0301404009
03272,Jocson College,Region III,03 - Central Luzon,Pampanga,Pampanga,Angeles City,Angeles City,Private Non-Sectarian,15.1694,120.5873,valid,False,v2,03,03301,0330100,0330100003
03048,Jose C. Feliciano College Foundation,Region III,03 - Central Luzon,Pampanga,Pampanga,Mabalacat City,Mabalacat City,Private Non-Sectarian,15.18189,120.59377,valid,False,v2,03,03054,0305409,0305409008
03314,Kinect Academy,Region III,03 - Central Luzon,Nueva Ecija,Nueva Ecija,Gapan City,Gapan City,Private Non-Sectarian,15.2833,120.96,valid,False,v2,03,03049,0304908,0304908015
03192,Kolehiyo ng Subic,Region III,03 - Central Luzon,Zambales,Zambales,Olongapo City,Olongapo City,LUC with Institutional Recognition,14.87706,120.23191,valid,False,v2,03,03071,0307114,0307114023
03179,La Concepcion College,Region III,03 - Central Luzon,Bulacan,Bulacan,San Jose Del Monte City,San Jose Del Monte City,Private Non-Sectarian,14.8129,121.07172,valid,False,v2,03,03014,0301420,0301420004
03082,La Consolacion University Philippines,Region III,03 - Central Luzon,Bulacan,Bulacan,Malolos City,Malolos City,Private Sectarian,14.85331773,120.8131,valid,False,v2,03,03014,0301410,0301410021
03233,La Verdad Christian College,Region III,03 - Central Luzon,Pampanga,Pampanga,Apalit,Apalit,Private Non-Sectarian,14.9589,120.7586,valid,False,v2,03,03054,0305402,0305402010
03245,Liceo de Pulilan Colleges,Region III,03 - Central Luzon,Bulacan,Bulacan,Pulilan,Pulilan,Private Non-Sectarian,14.8939,120.8628,valid,False,v2,03,03014,0301418,0301418010
03157,Limay Polytechnic College,Region III,03 - Central Luzon,Bataan,Bataan,Limay,Limay,LUC with Institutional Recognition,14.5650223348983,120.595990980879,valid,False,v2,03,03008,0300806,0300806008
03302,Living Water Essential College,Region III,03 - Central Luzon,Nueva Ecija,Nueva Ecija,Bongabon,Bongabon,Private Non-Sectarian,15.6345,121.1443,valid,False,v2,03,03049,0304902,0304902017
03049,Lourdes College of Bulacan,Region III,03 - Central Luzon,Bulacan,Bulacan,Angat,Angat,Private Non-Sectarian,14.9379,121.0188,valid,False,v2,03,03014,0301401,0301401008
03190,Lyceum of Subic Bay,Region III,03 - Central Luzon,Zambales,Zambales,Olongapo City,Olongapo City,Private Non-Sectarian,14.82371,120.27918,valid,False,v2,03,03314,0331400,0331400021
03258,Lyceum of Western Luzon - Zambales,Region III,03 - Central Luzon,Zambales,Zambales,Botolan,Botolan,Private Non-Sectarian,15.2883,120.0279,valid,False,v2,03,03071,0307101,0307101003
03277,Lyceum of the East-Aurora,Region III,03 - Central Luzon,Aurora,Aurora,Maria Aurora,Maria Aurora,Private Non-Sectarian,15.8007,121.4896,valid,False,v2,03,03077,0307707,0307707025
03060,"MIDWAY COLLEGES, Inc.",Region III,03 - Central Luzon,Nueva Ecija,Nueva Ecija,Cabanatuan City,Cabanatuan City,Private Non-Sectarian,15.4979,120.9762,valid,False,v2,03,03049,0304903,0304903016
03236,Mabalacat City College,Region III,03 - Central Luzon,Pampanga,Pampanga,Mabalacat City,Mabalacat City,LUC with Institutional Recognition,15.2416,120.5673,valid,False,v2,03,03054,0305409,0305409009
03051,Magsaysay Memorial College of Zambales,Region III,03 - Central Luzon,Zambales,Zambales,San Narciso,San Narciso,Private Sectarian,15.0162,120.0797349,valid,False,v2,03,03071,0307112,0307112007
03052,Manuel V. Gallego Foundation Colleges,Region III,03 - Central Luzon,Nueva Ecija,Nueva Ecija,Cabanatuan City,Cabanatuan City,Private Non-Sectarian,15.47836,120.95727,valid,False,v2,03,03049,0304903,0304903086
03053,Maria Assumpta Seminary,Region III,03 - Central Luzon,Nueva Ecija,Nueva Ecija,Cabanatuan City,Cabanatuan City,Private Sectarian,15.45805,120.95084,valid,False,v2,03,03049,0304903,0304903092
03235,Marian College of Baliuag,Region III,03 - Central Luzon,Bulacan,Bulacan,Baliuag,Baliuag,Private Non-Sectarian,14.9536,120.9002,valid,False,v2,03,03014,0301403,0301403014
03159,Maritime Academy of Asia and the Pacific,Region III,03 - Central Luzon,Bataan,Bataan,Mariveles,Mariveles,Private Non-Sectarian,14.4457,120.5501,valid,False,v2,03,03008,0300807,0300807001
03337,Martinet School of Business Education and Technology,Region III,03 - Central Luzon,Tarlac,Tarlac,Tarlac City,Tarlac City,Private Non-Sectarian,15.4811,120.5961,valid,False,v2,03,03069,0306916,0306916073
03182,Mary the Queen College-Pampanga,Region III,03 - Central Luzon,Pampanga,Pampanga,Guagua,Guagua,Private Non-Sectarian,14.98318,120.62188,valid,False,v2,03,03054,0305407,0305407018
03318,Marymount Professional Colleges,Region III,03 - Central Luzon,Bulacan,Bulacan,Meycauayan City,Meycauayan City,Private Non-Sectarian,14.7833,120.9583,valid,False,v2,03,03014,0301404,0301404011
03305,Mater Dei Academy - Sta. Maria,Region III,03 - Central Luzon,Bulacan,Bulacan,SANTA MARIA,SANTA MARIA,Private Non-Sectarian,14.8458,120.9969,valid,False,v2,03,03014,0301423,0301423002
03227,Megabyte College of Science and Technology-Florida,Region III,03 - Central Luzon,Pampanga,Pampanga,Floridablanca,Floridablanca,Private Non-Sectarian,14.9785807,120.5350162,valid,False,v2,03,03054,0305406,0305406014
03056,Metro Subic Colleges,Region III,03 - Central Luzon,Zambales,Zambales,Olongapo City,Olongapo City,Private Non-Sectarian,14.84292208,120.2880444,valid,False,v2,03,03314,0331400,0331400019
03057,Meycauayan College,Region III,03 - Central Luzon,Bulacan,Bulacan,Meycauayan City,Meycauayan City,Private Non-Sectarian,14.7338,120.962,valid,False,v2,03,03014,0301412,0301412006
03134,Micro Asia College of Science and Technology,Region III,03 - Central Luzon,Zambales,Zambales,Iba,Iba,Private Non-Sectarian,15.3287,119.978,valid,False,v2,03,03071,0307105,0307105002
03059,Microcity College of Business and Technology,Region III,03 - Central Luzon,Bataan,Bataan,Balanga City,Balanga City,Private Non-Sectarian,14.676,120.536,valid,False,v2,03,03008,0300803,0300803016
03061,Mondriaan Aura College,Region III,03 - Central Luzon,Zambales,Zambales,Olongapo City,Olongapo City,Private Non-Sectarian,14.825309,120.277436,valid,False,v2,03,03314,0331400,0331400021
03062,Mother of Good Counsel Seminary,Region III,03 - Central Luzon,Pampanga,Pampanga,San Fernando City,San Fernando City,Private Sectarian,15.03419,120.69679,valid,False,v2,03,03054,0305416,0305416008
03187,Mount Carmel College of Casiguran,Region III,03 - Central Luzon,Aurora,Aurora,Casiguran,Casiguran,Private Sectarian,15.136,120.5852,valid,False,v2,03,03301,0330100,0330100029
04062,Mount Carmel College-Baler,Region III,03 - Central Luzon,Aurora,Aurora,Baler,Baler,Private Sectarian,16.0,121.562,valid,False,v2,03,03077,0307706,0307706006
03064,"Mt.Carmel College of Bocaue, Bulacan",Region III,03 - Central Luzon,Bulacan,Bulacan,Bocaue,Bocaue,Private Non-Sectarian,14.7954178,120.9253578,valid,False,v2,03,03014,0301404,0301404014
03308,NU Bulacan,Region III,03 - Central Luzon,Bulacan,Bulacan,Baliuag,Baliuag,Private Non-Sectarian,14.9597,120.8898,valid,False,v2,03,03014,0301403,0301403010
03325,NU Clark,Region III,03 - Central Luzon,Pampanga,Pampanga,Mabalacat City,Mabalacat City,Private Non-Sectarian,15.17071,120.57966,valid,False,v2,03,03301,0330100,0330100003
03079,National Aviation Academy of the Philippines-Pampanga Extension,Region III,03 - Central Luzon,Pampanga,Pampanga,Floridablanca,Floridablanca,SUC Satellite,14.9808580619879,120.50390764017,valid,False,v2,03,03054,0305406,0305406003
03065,Nazarenus College and Hospital Foundation,Region III,03 - Central Luzon,Bulacan,Bulacan,Meycauayan City,Meycauayan City,Private Non-Sectarian,14.75138889,120.9547222,valid,False,v2,03,03014,0301411,0301411003
03256,New Era University-Pampanga,Region III,03 - Central Luzon,Pampanga,Pampanga,San Fernando City,San Fernando City,Private Non-Sectarian,15.0938,120.65,valid,False,v2,03,03054,0305416,0305416004
03128,Northern Zambales College,Region III,03 - Central Luzon,Zambales,Zambales,Masinloc,Masinloc,Private Non-Sectarian,15.5376,119.95379,valid,False,v2,03,03071,0307106,0307106005
03237,Norzagaray College,Region III,03 - Central Luzon,Bulacan,Bulacan,Norzagaray,Norzagaray,LUC with Institutional Recognition,14.904,121.0422,valid,False,v2,03,03014,0301413,0301413022
03068,Nueva Ecija Doctors' Colleges,Region III,03 - Central Luzon,Nueva Ecija,Nueva Ecija,Cabanatuan City,Cabanatuan City,Private Non-Sectarian,15.6591,121.003,valid,False,v2,03,03049,0304915,0304915025
03085b,Nueva Ecija University of Science and Technology-Atate,Region III,03 - Central Luzon,Nueva Ecija,Nueva Ecija,Palayan City,Palayan City,SUC Satellite,15.572590013472,121.104317432646,valid,False,v2,03,03049,0304919,0304919012
03085j,Nueva Ecija University of Science and Technology-Carranglan,Region III,03 - Central Luzon,Nueva Ecija,Nueva Ecija,Carranglan,Carranglan,SUC Satellite,15.9507782198077,120.9797523224,valid,False,v2,03,03049,0304905,0304905015
03085c,Nueva Ecija University of Science and Technology-Fort Magsaysay,Region III,03 - Central Luzon,Nueva Ecija,Nueva Ecija,Palayan City,Palayan City,SUC Satellite,15.4468985822798,121.107818772142,valid,False,v2,03,03049,0304919,0304919016
03017,Nueva Ecija University of Science and Technology-Main,Region III,03 - Central Luzon,Nueva Ecija,Nueva Ecija,Cabanatuan City,Cabanatuan City,SUC Main,15.4906891944549,120.971021459227,valid,False,v2,03,03049,0304903,0304903077
03312,Nueva Ecija University of Science and Technology-Papaya,Region III,03 - Central Luzon,Nueva Ecija,Nueva Ecija,GENERAL TINIO,GENERAL TINIO,SUC Satellite,15.3572698289738,121.055152440175,valid,False,v2,03,03049,0304910,0304910002
03085f,Nueva Ecija University of Science and Technology-Peñaranda,Region III,03 - Central Luzon,Nueva Ecija,Nueva Ecija,Cabanatuan City,Cabanatuan City,SUC Satellite,15.5306442256253,120.991092167978,valid,False,v2,03,03049,0304903,0304903008
03085k,Nueva Ecija University of Science and Technology-San Antonio Campus,Region III,03 - Central Luzon,Nueva Ecija,Nueva Ecija,San Antonio,San Antonio,SUC Satellite,15.3165001826665,120.868599193162,valid,False,v2,03,03049,0304924,0304924013
03085d,Nueva Ecija University of Science and Technology-San Isidro Campus,Region III,03 - Central Luzon,Nueva Ecija,Nueva Ecija,San Isidro,San Isidro,SUC Satellite,15.3097565105637,120.907984722415,valid,False,v2,03,03049,0304925,0304925006
03085i,Nueva Ecija University of Science and Technology-San Leonardo,Region III,03 - Central Luzon,Nueva Ecija,Nueva Ecija,San Leonardo,San Leonardo,SUC Satellite,15.3635314757584,120.936326519011,valid,False,v2,03,03049,0304927,0304927005
03085,Nueva Ecija University of Science and Technology-Sebani Estate Agricultural College,Region III,03 - Central Luzon,Nueva Ecija,Nueva Ecija,Gabaldon,Gabaldon,SUC Satellite,15.4555424023406,121.339582410768,valid,False,v2,03,03049,0304907,0304907004
03313,Nueva Ecija University of Science and Technology-Sto. Domingo,Region III,03 - Central Luzon,Nueva Ecija,Nueva Ecija,STO. DOMINGO,STO. DOMINGO,SUC Satellite,15.5832270500427,120.877483509498,valid,False,v2,03,03049,0304929,0304929006
03085e,Nueva Ecija University of Science and Technology-Sumacab Campus,Region III,03 - Central Luzon,Nueva Ecija,Nueva Ecija,Cabanatuan City,Cabanatuan City,SUC Satellite,15.4483766797342,120.939649449406,valid,False,v2,03,03049,0304903,0304903095
03085h,Nueva Ecija University of Science and Technology-Talavera,Region III,03 - Central Luzon,Nueva Ecija,Nueva Ecija,Talavera,Talavera,SUC Satellite,15.5858261373309,120.916433834067,valid,False,v2,03,03049,0304930,0304930042
03072,Osias Colleges,Region III,03 - Central Luzon,Tarlac,Tarlac,Tarlac City,Tarlac City,Private Non-Sectarian,15.4963,120.5959,valid,False,v2,03,03069,0306916,0306916069
03283,Our Lady of Fatima University-Pampanga,Region III,03 - Central Luzon,Pampanga,Pampanga,San Fernando City,San Fernando City,Private Non-Sectarian,15.08462,120.63328,valid,False,v2,03,03054,0305416,0305416005
03218,Our Lady of Manaoag Montessori College,Region III,03 - Central Luzon,Bulacan,Bulacan,Balagtas,Balagtas,Private Non-Sectarian,14.810992,120.8833,valid,False,v2,03,03014,0301405,0301405004
03073,Our Lady of Peace College Seminary,Region III,03 - Central Luzon,Tarlac,Tarlac,Tarlac City,Tarlac City,Private Sectarian,15.4969,120.5831,valid,False,v2,03,03069,0306916,0306916060
03247,Our Lady of Sacred Heart College of Guimba,Region III,03 - Central Luzon,Nueva Ecija,Nueva Ecija,Guimba,Guimba,Private Sectarian,15.6342,120.76823,valid,False,v2,03,03049,0304911,0304911056
03252,Pambayang Dalubhasaan ng Marilao,Region III,03 - Central Luzon,Bulacan,Bulacan,Marilao,Marilao,LUC with Institutional Recognition,14.7706,120.94067,valid,False,v2,03,03014,0301411,0301411001
03076,Pampanga Colleges,Region III,03 - Central Luzon,Pampanga,Pampanga,Macabebe,Macabebe,Private Non-Sectarian,14.9065,120.7164,valid,False,v2,03,03054,0305410,0305410017
03075,Pampanga State Agricultural University,Region III,03 - Central Luzon,Pampanga,Pampanga,Magalang,Magalang,SUC Main,15.2191986892246,120.694939496287,valid,False,v2,03,03054,0305411,0305411006
13143,Philippine Merchant Marine Academy,Region III,03 - Central Luzon,Zambales,Zambales,San Narciso,San Narciso,SUC Main,15.0002251608435,120.069359334633,valid,False,v2,03,03071,0307112,0307112009
03220,Philippine Rehabilitation Institute Foundation-Guagua,Region III,03 - Central Luzon,Pampanga,Pampanga,Guagua,Guagua,Private Non-Sectarian,14.993,120.614,valid,False,v2,03,03054,0305407,0305407018
03232,Philippine Women`s University Career Development and Continuing Education Center - Tarlac,Region III,03 - Central Luzon,Tarlac,Tarlac,Tarlac City,Tarlac City,Private Non-Sectarian,15.489883,120.589601,valid,False,v2,03,03069,0306916,0306916046
03230,Philippine Women`s University Career Development and Continuing Education Center-Bataan,Region III,03 - Central Luzon,Bataan,Bataan,Balanga city,Balanga city,Private Non-Sectarian,14.67640109,120.5405,valid,False,v2,03,03008,0300803,0300803005
03251,Polytechnic College of Botolan,Region III,03 - Central Luzon,Zambales,Zambales,Botolan,Botolan,LUC with Institutional Recognition,15.2865,119.9744,valid,False,v2,,,,
03238,Polytechnic College of the City of Meycauayan,Region III,03 - Central Luzon,Bulacan,Bulacan,Meycauayan City,Meycauayan City,LUC with Institutional Recognition,14.73,120.998,valid,False,v2,13,13816,1381600,1381600013
13155g,Polytechnic University of The Philippines-Pulilan,Region III,03 - Central Luzon,Bulacan,Bulacan,Pulilan,Pulilan,SUC Satellite,14.9425545064634,120.845099191729,valid,False,v2,03,03014,0301418,0301418002
13155n,Polytechnic University of the Philippines-Cabiao,Region III,03 - Central Luzon,Nueva Ecija,Nueva Ecija,Cabiao,Cabiao,SUC Satellite,15.2403626158222,120.857512482504,valid,False,v2,03,03049,0304904,0304904019
03080,Polytechnic University of the Philippines-Mariveles,Region III,03 - Central Luzon,Bataan,Bataan,Mariveles,Mariveles,SUC Satellite,14.4567832120084,120.498152329787,valid,False,v2,03,03008,0300807,0300807017
13155h,"Polytechnic University of the Philippines-Sta. Maria, Bulacan",Region III,03 - Central Luzon,Bulacan,Bulacan,Santa Maria,Santa Maria,SUC Satellite,14.8699866414507,120.999145169004,valid,False,v2,03,03014,0301423,0301423017
03081,President Ramon Magsaysay State University,Region III,03 - Central Luzon,Zambales,Zambales,Iba,Iba,SUC Main,15.3186214291939,119.984050278239,valid,False,v2,03,03071,0307105,0307105012
03081a,President Ramon Magsaysay State University-Botolan,Region III,03 - Central Luzon,Zambales,Zambales,Botolan,Botolan,SUC Satellite,15.2499863575824,120.024804240994,valid,False,v2,03,03071,0307101,0307101017
03081b,President Ramon Magsaysay State University-Candelaria,Region III,03 - Central Luzon,Zambales,Zambales,Candelaria,Candelaria,SUC Satellite,15.6690131460072,119.954739356675,valid,False,v2,03,03071,0307103,0307103018
03081c,President Ramon Magsaysay State University-Castillejos,Region III,03 - Central Luzon,Zambales,Zambales,Castillejos,Castillejos,SUC Satellite,14.9148727005788,120.199144121711,valid,False,v2,03,03071,0307104,0307104012
03081d,President Ramon Magsaysay State University-Masinloc,Region III,03 - Central Luzon,Zambales,Zambales,Masinloc,Masinloc,SUC Satellite,15.5630325139732,119.970294214461,valid,False,v2,03,03071,0307106,0307106001
03105,President Ramon Magsaysay State University-San Marcelino,Region III,03 - Central Luzon,Zambales,Zambales,San Marcelino,San Marcelino,SUC Satellite,14.9586540425735,120.175709723579,valid,False,v2,03,03071,0307111,0307111012
03081e,President Ramon Magsaysay State University-Sta. Cruz,Region III,03 - Central Luzon,Zambales,Zambales,Sta. Cruz,Sta. Cruz,SUC Satellite,15.7231452260804,119.95933432364,valid,False,v2,03,03071,0307113,0307113029
03083,Republic Central Colleges,Region III,03 - Central Luzon,Pampanga,Pampanga,Angeles City,Angeles City,Private Non-Sectarian,15.018,120.557,valid,False,v2,03,03054,0305415,0305415023
03293,Richwell Colleges,Region III,03 - Central Luzon,Bulacan,Bulacan,Plaridel,Plaridel,Private Non-Sectarian,14.9062,120.8954,valid,False,v2,03,03014,0301417,0301417017
03329,Rosebelle Colleges,Region III,03 - Central Luzon,Tarlac,Tarlac,Victoria,Victoria,Private Non-Sectarian,15.5512,120.6431858,valid,False,v2,03,03069,0306917,0306917001
03261,SJDM Cornerstone College,Region III,03 - Central Luzon,Bulacan,Bulacan,San Jose Del Monte City,San Jose Del Monte City,Private Non-Sectarian,14.785796,120.94047,valid,False,v2,03,03014,0301404,0301404008
13228,STI College - San Jose del Monte,Region III,03 - Central Luzon,Bulacan,Bulacan,San Jose Del Monte City,San Jose Del Monte City,Private Non-Sectarian,14.77898787,121.0750783,valid,False,v2,03,03014,0301420,0301420011
03262,STI College San Jose,Region III,03 - Central Luzon,Nueva Ecija,Nueva Ecija,San Jose City,San Jose City,Private Non-Sectarian,15.79201,120.99193,valid,False,v2,03,03049,0304926,0304926020
03116,STI College-Angeles City,Region III,03 - Central Luzon,Pampanga,Pampanga,Angeles City,Angeles City,Private Non-Sectarian,15.156311,120.591774,valid,False,v2,03,03301,0330100,0330100003
03189,STI College-Balagtas,Region III,03 - Central Luzon,Bulacan,Bulacan,Balagtas,Balagtas,Private Non-Sectarian,14.823,120.9009,valid,False,v2,03,03014,0301402,0301402003
03209,STI College-Baliuag,Region III,03 - Central Luzon,Bulacan,Bulacan,Baliuag,Baliuag,Private Non-Sectarian,14.95336769,120.9000081,valid,False,v2,03,03014,0301403,0301403014
03115,STI College-City of San Fernando,Region III,03 - Central Luzon,Pampanga,Pampanga,San Fernando City,San Fernando City,Private Non-Sectarian,15.0413,120.683,valid,False,v2,03,03054,0305416,0305416010
03095,STI College-City of Tarlac,Region III,03 - Central Luzon,Tarlac,Tarlac,Tarlac City,Tarlac City,Private Non-Sectarian,15.3467,120.5083,valid,False,v2,03,03069,0306904,0306904001
03120,STI College-Malolos,Region III,03 - Central Luzon,Bulacan,Bulacan,Malolos City,Malolos City,Private Non-Sectarian,14.8479,120.8287,valid,False,v2,03,03014,0301410,0301410014
03119,STI College-Meycauayan,Region III,03 - Central Luzon,Bulacan,Bulacan,Meycauayan City,Meycauayan City,Private Non-Sectarian,14.7291,120.9612,valid,False,v2,03,03014,0301412,0301412004
03188,STI College-Sta. Maria,Region III,03 - Central Luzon,Bulacan,Bulacan,Santa Maria,Santa Maria,Private Non-Sectarian,14.8213,120.9598,valid,False,v2,03,03014,0301423,0301423016
03315,Sacred Heart Academy of Sta. Maria Bulacan,Region III,03 - Central Luzon,Bulacan,Bulacan,Santa Maria,Santa Maria,Private Non-Sectarian,14.7583,120.9528,valid,False,v2,03,03014,0301411,0301411015
03132,Sact Mutien College,Region III,03 - Central Luzon,Pampanga,Pampanga,Mabalacat City,Mabalacat City,Private Non-Sectarian,15.219,120.582,valid,False,v2,03,03054,0305409,0305409021
03086,Saint Anthony College of Technology,Region III,03 - Central Luzon,Pampanga,Pampanga,Mabalacat City,Mabalacat City,Private Non-Sectarian,15.0644,120.6741,valid,False,v2,03,03054,0305416,0305416022
03172,Saint Augustine Colleges Foundation,Region III,03 - Central Luzon,Tarlac,Tarlac,Paniqui,Paniqui,Private Non-Sectarian,15.6807,120.916,valid,False,v2,03,03049,0304930,0304930004
03201,Saint Mary's Angels College of Pampanga,Region III,03 - Central Luzon,Pampanga,Pampanga,Sta. Ana,Sta. Ana,Private Non-Sectarian,15.07608807,120.76011,valid,False,v2,03,03054,0305419,0305419009
03171,Saint Mary's College of Baliuag,Region III,03 - Central Luzon,Bulacan,Bulacan,Baliuag,Baliuag,Private Sectarian,14.9559,120.8999,valid,False,v2,03,03014,0301403,0301403014
03088,Saint Mary's College of Meycauayan,Region III,03 - Central Luzon,Bulacan,Bulacan,Meycauayan City,Meycauayan City,Private Sectarian,14.7442,120.9524,valid,False,v2,03,03014,0301412,0301412021
03175,Saint Rose College Educational Foundation,Region III,03 - Central Luzon,Tarlac,Tarlac,Paniqui,Paniqui,Private Non-Sectarian,15.65309,120.916,valid,False,v2,03,03049,0304929,0304929002
03092,San Jose Christian Colleges,Region III,03 - Central Luzon,Nueva Ecija,Nueva Ecija,San Jose City,San Jose City,Private Non-Sectarian,15.79607656,120.9853141,valid,False,v2,03,03049,0304926,0304926030
03257,Santa Rita College of Pampanga,Region III,03 - Central Luzon,Pampanga,Pampanga,Santa Rita,Santa Rita,Private Non-Sectarian,14.9994,120.6182,valid,False,v2,03,03054,0305420,0305420006
03334,"Santiago""Santy"" R. Austria College",Region III,03 - Central Luzon,Nueva Ecija,Nueva Ecija,Jaen,Jaen,LUC,15.3371,120.9055,valid,False,v2,03,03049,0304912,0304912029
03135,Sienna College of San Jose,Region III,03 - Central Luzon,Bulacan,Bulacan,San Jose Del Monte City,San Jose Del Monte City,Private Non-Sectarian,14.7842,120.8769,valid,False,v2,03,03014,0301405,0301405003
03234,St. Benilde Center for Global Competence,Region III,03 - Central Luzon,Zambales,Zambales,Olongapo City,Olongapo City,Private Non-Sectarian,14.8447,120.2903,valid,False,v2,03,03314,0331400,0331400019
03289,St. Elizabeth Global Skills Institute,Region III,03 - Central Luzon,Nueva Ecija,Nueva Ecija,Talavera,Talavera,Private Non-Sectarian,15.5925976,120.9199201,valid,False,v2,03,03049,0304930,0304930024
03199,St. Joseph College-Olongapo,Region III,03 - Central Luzon,Zambales,Zambales,Olongapo City,Olongapo City,Private Sectarian,14.8361,120.2854,valid,False,v2,03,03314,0331400,0331400005
03202,St. Nicolas College of Business and Technology,Region III,03 - Central Luzon,Pampanga,Pampanga,San Fernando City,San Fernando City,Private Non-Sectarian,15.04189875,120.6830939,valid,False,v2,03,03054,0305416,0305416010
03165,"St. Paul Colleges Foundation-Paniqui, Tarlac",Region III,03 - Central Luzon,Tarlac,Tarlac,Paniqui,Paniqui,Private Sectarian,15.6686,120.5639,valid,False,v2,03,03069,0306910,0306910027
03091,St. Paul University at San Miguel,Region III,03 - Central Luzon,Bulacan,Bulacan,San Miguel,San Miguel,Private Sectarian,14.6415,121.0612,valid,False,v2,13,13813,1381300,1381300113
03290,St. Thomas More College-Clark,Region III,03 - Central Luzon,Pampanga,Pampanga,Angeles City,Angeles City,Private Non-Sectarian,15.15,120.59,valid,False,v2,03,03301,0330100,0330100013
03003,Sto. Rosario Sapang Palay College,Region III,03 - Central Luzon,Bulacan,Bulacan,San Jose Del Monte City,San Jose Del Monte City,Private Sectarian,14.86295,121.0649,valid,False,v2,03,03014,0301420,0301420019
03223,Subic Bay Colleges,Region III,03 - Central Luzon,Zambales,Zambales,Olongapo City,Olongapo City,Private Non-Sectarian,14.8406,120.2829,valid,False,v2,03,03314,0331400,0331400019
03096,Systems Plus College Foundation,Region III,03 - Central Luzon,Pampanga,Pampanga,Angeles City,Angeles City,Private Non-Sectarian,15.15833,120.59389,valid,False,v2,03,03301,0330100,0330100003
03097,Tarlac Agricultural University,Region III,03 - Central Luzon,Tarlac,Tarlac,Camiling,Camiling,SUC Main,15.6354090400666,120.415330974552,valid,False,v2,03,03069,0306903,0306903027
03254,Tarlac Christian Colleges,Region III,03 - Central Luzon,Tarlac,Tarlac,Tarlac City,Tarlac City,Private Non-Sectarian,15.4976,120.601,valid,False,v2,03,03069,0306916,0306916052
03098,Tarlac State University,Region III,03 - Central Luzon,Tarlac,Tarlac,Tarlac City,Tarlac City,SUC Main,15.4854212922871,120.590589695149,valid,False,v2,03,03069,0306916,0306916073
03039,The Good Samaritan Colleges,Region III,03 - Central Luzon,Nueva Ecija,Nueva Ecija,Cabanatuan City,Cabanatuan City,Private Non-Sectarian,15.4915,120.9739,valid,False,v2,03,03049,0304903,0304903077
03198,The Manila Times College of Subic,Region III,03 - Central Luzon,Zambales,Zambales,Olongapo City,Olongapo City,Private Non-Sectarian,14.83,120.3067,valid,False,v2,03,03314,0331400,0331400021
03099,Tomas Del Rosario College,Region III,03 - Central Luzon,Bataan,Bataan,Balanga City,Balanga City,Private Non-Sectarian,14.677,120.538,valid,False,v2,03,03008,0300803,0300803016
03125,United School of Science and Technology Colleges,Region III,03 - Central Luzon,Tarlac,Tarlac,Tarlac City,Tarlac City,Private Non-Sectarian,15.0472,120.7319,valid,False,v2,03,03054,0305413,0305413026
03296,University of Nueva Caceres-Bataan,Region III,03 - Central Luzon,Bataan,Bataan,Dinalupihan,Dinalupihan,Private Non-Sectarian,14.865777,120.46898,valid,False,v2,03,03008,0300804,0300804029
03100,University of the Assumption,Region III,03 - Central Luzon,Pampanga,Pampanga,San Fernando City,San Fernando City,Private Sectarian,15.0365,120.6979,valid,False,v2,03,03054,0305416,0305416008
03306,Village Montessori School and Colleges,Region III,03 - Central Luzon,Bulacan,Bulacan,San Jose del Monte,San Jose del Monte,Private Non-Sectarian,14.8108,121.0646,valid,False,v2,03,03014,0301420,0301420028
03298,Virgen Milagrosa Del Rosario College Seminary,Region III,03 - Central Luzon,Bataan,Bataan,Balanga City,Balanga City,Private Sectarian,14.6707,120.5442,valid,False,v2,03,03008,0300803,0300803008
03104,Wesleyan University-Philippines (Cabanatuan),Region III,03 - Central Luzon,Nueva Ecija,Nueva Ecija,Cabanatuan City,Cabanatuan City,Private Non-Sectarian,15.4842785,120.976045,valid,False,v2,03,03049,0304903,0304903046
04256,Wesleyan University-Philippines-Aurora,Region III,03 - Central Luzon,Aurora,Aurora,Maria Aurora,Maria Aurora,Private Non-Sectarian,15.7967,121.4816,valid,False,v2,03,03077,0307707,0307707005
03322,West Central College of Arts and Sciences,Region III,03 - Central Luzon,Pampanga,Pampanga,Floridablanca,Floridablanca,Private Non-Sectarian,14.91156,120.56379,valid,False,v2,03,03054,0305408,0305408034
03027,"World Citi Colleges, Guimba Campus",Region III,03 - Central Luzon,Nueva Ecija,Nueva Ecija,Guimba,Guimba,Private Non-Sectarian,15.655556,120.771192,valid,False,v2,03,03049,0304911,0304911062
04245,ABE International Business College-Cainta,Region IV-A,04 - CALABARZON,Rizal,Rizal,Cainta,Cainta,Private Non-Sectarian,14.61674,121.102,valid,False,v2,04,04058,0405805,0405805015
04410,ABE International Business College-Quezon,Region IV-A,04 - CALABARZON,Quezon,Quezon,Lucena City,Lucena City,Private Non-Sectarian,13.93209,121.6128,valid,False,v2,04,04312,0431200,0431200012
04450,ACLC College of San Pablo,Region IV-A,04 - CALABARZON,Laguna,Laguna,San Pablo City,San Pablo City,Private Non-Sectarian,14.07124,121.3267,valid,False,v2,04,04034,0403424,0403424018
04431,ACLC College of Taytay,Region IV-A,04 - CALABARZON,Rizal,Rizal,Taytay,Taytay,Private Non-Sectarian,14.55676,121.137,valid,False,v2,04,04058,0405813,0405813004
04002,ACTS Computer College,Region IV-A,04 - CALABARZON,Laguna,Laguna,Sta. Cruz,Sta. Cruz,Private Non-Sectarian,14.2833,121.415,valid,False,v2,04,04034,0403426,0403426016
04483,AISAT College-Dasmariñas,Region IV-A,04 - CALABARZON,Cavite,Cavite,Dasmariñas City,Dasmariñas City,Private Non-Sectarian,14.327,120.937,valid,False,v2,04,04021,0402106,0402106019
04195,AMA College-Cavite,Region IV-A,04 - CALABARZON,Cavite,Cavite,Dasmariñas City,Dasmariñas City,Private Non-Sectarian,14.32683,120.9413,valid,False,v2,04,04021,0402106,0402106019
04196,AMA Computer College-Batangas City,Region IV-A,04 - CALABARZON,Batangas,Batangas,Batangas City,Batangas City,Private Non-Sectarian,13.77449,121.0468,valid,False,v2,04,04010,0401005,0401005012
04154,AMA Computer College-Biñan,Region IV-A,04 - CALABARZON,Laguna,Laguna,Biñan City,Biñan City,Private Non-Sectarian,14.33503,121.0791,valid,False,v2,04,04034,0403403,0403403021
04232,AMA Computer College-Calamba,Region IV-A,04 - CALABARZON,Laguna,Laguna,Calamba City,Calamba City,Private Non-Sectarian,14.2122,121.1525,valid,False,v2,04,04034,0403405,0403405037
04177,AMA Computer College-East Rizal,Region IV-A,04 - CALABARZON,Rizal,Rizal,Antipolo City,Antipolo City,Private Non-Sectarian,14.62341,121.1163,valid,False,v2,04,04058,0405802,0405802004
04201,AMA Computer College-Lipa City,Region IV-A,04 - CALABARZON,Batangas,Batangas,Lipa City,Lipa City,Private Non-Sectarian,13.9512,121.161,valid,False,v2,04,04010,0401014,0401014009
04233,AMA Computer College-Lucena,Region IV-A,04 - CALABARZON,Quezon,Quezon,Lucena City,Lucena City,Private Non-Sectarian,13.93444,121.6036,valid,False,v2,04,04312,0431200,0431200024
04172,AMA Computer College-Sta.Cruz,Region IV-A,04 - CALABARZON,Laguna,Laguna,Sta. Cruz,Sta. Cruz,Private Non-Sectarian,14.28025,121.4129,valid,False,v2,04,04034,0403426,0403426026
04411,Acts Computer College-Infanta,Region IV-A,04 - CALABARZON,Quezon,Quezon,Infanta,Infanta,Private Non-Sectarian,14.74634,121.6514,valid,False,v2,04,04056,0405620,0405620013
04190,Adventist International Institute of Advanced Studies,Region IV-A,04 - CALABARZON,Cavite,Cavite,Silang,Silang,Private Sectarian,14.20416,120.9642,valid,False,v2,04,04021,0402118,0402118022
04079,Adventist University of the Philippines,Region IV-A,04 - CALABARZON,Cavite,Cavite,Silang,Silang,Private Sectarian,14.2193,121.034,valid,False,v2,04,04021,0402118,0402118040
04361,Agoncillo College,Region IV-A,04 - CALABARZON,Batangas,Batangas,Agoncillo,Agoncillo,Private Non-Sectarian,13.93531,120.9289,valid,False,v2,04,04010,0401001,0401001015
04200,Alitagtag College,Region IV-A,04 - CALABARZON,Batangas,Batangas,Alitagtag,Alitagtag,Private Non-Sectarian,13.86602,120.9871,valid,False,v2,04,04010,0401027,0401027007
04340,All Nations College,Region IV-A,04 - CALABARZON,Rizal,Rizal,Antipolo City,Antipolo City,Private Non-Sectarian,14.63076,121.1192,valid,False,v2,04,04058,0405802,0405802004
04401,Alpha Centauri Educational System,Region IV-A,04 - CALABARZON,Quezon,Quezon,Lucena City,Lucena City,Private Non-Sectarian,13.96054,121.6148,valid,False,v2,04,04312,0431200,0431200023
04523,Angono Catholic College,Region IV-A,04 - CALABARZON,Rizal,Rizal,Angono,Angono,Private Non-Sectarian,14.5234,121.149,valid,False,v2,04,04058,0405801,0405801007
04470,Antipolo Institute of Technology (AITECH),Region IV-A,04 - CALABARZON,Rizal,Rizal,Antipolo City,Antipolo City,LUC with Institutional Recognition,14.62929,121.2226,valid,False,v2,04,04058,0405802,0405802008
04413,Asia Technological School of Science and Arts (ASIATECH),Region IV-A,04 - CALABARZON,Laguna,Laguna,Sta. Rosa City,Sta. Rosa City,Private Non-Sectarian,14.28474,121.1101,valid,False,v2,04,04034,0403428,0403428005
04412,Asia-Pacific Christian College and Seminary,Region IV-A,04 - CALABARZON,Rizal,Rizal,Rodriguez,Rodriguez,Private Non-Sectarian,14.7598,121.202,valid,False,v2,04,04058,0405808,0405808006
04005,Asia-Pacific Nazarene Theological Seminary,Region IV-A,04 - CALABARZON,Rizal,Rizal,Taytay,Taytay,Private Sectarian,14.57766,121.1463,valid,False,v2,04,04058,0405813,0405813001
04528,Asian Institute of Computer Studies-Bacoor,Region IV-A,04 - CALABARZON,Cavite,Cavite,Bacoor City,Bacoor City,Private Non-Sectarian,14.44901,120.9528,valid,False,v2,04,04021,0402103,0402103055
04529,Asian Institute of Computer Studies-Batangas City,Region IV-A,04 - CALABARZON,Batangas,Batangas,Batangas City,Batangas City,Private Non-Sectarian,13.76114,121.0574,valid,False,v2,04,04010,0401005,0401005057
04530,Asian Institute of Computer Studies-Montalban,Region IV-A,04 - CALABARZON,Rizal,Rizal,Rodriguez,Rodriguez,Private Non-Sectarian,14.72944,121.1396,valid,False,v2,04,04058,0405808,0405808010
04383,Asian Institute of Technology and Education-Tiaong Campus,Region IV-A,04 - CALABARZON,Quezon,Quezon,Tiaong,Tiaong,Private Non-Sectarian,13.95889,121.324,valid,False,v2,04,04056,0405648,0405648005
04524,"Asian Institute of Technology, Sciences and Arts (AITSA)",Region IV-A,04 - CALABARZON,Laguna,Laguna,CABUYAO CITY,CABUYAO CITY,Private Non-Sectarian,14.28071,121.1244,valid,False,v2,04,04034,0403404,0403404017
13019,Asian Seminary of Christian Ministries,Region IV-A,04 - CALABARZON,Cavite,Cavite,Silang,Silang,Private Sectarian,14.23,120.9672,valid,False,v2,04,04021,0402118,0402118008
04436,BWEST College,Region IV-A,04 - CALABARZON,Quezon,Quezon,Lucena City,Lucena City,Private Non-Sectarian,13.93105,121.5949,valid,False,v2,04,04312,0431200,0431200021
04007,Balian Community College,Region IV-A,04 - CALABARZON,Laguna,Laguna,Pangil,Pangil,LUC with Institutional Recognition,14.39454,121.4747,valid,False,v2,04,04034,0403421,0403421001
04525,Banahaw Technological College,Region IV-A,04 - CALABARZON,Quezon,Quezon,LUCBAN,LUCBAN,Private Non-Sectarian,14.0717,121.5723,valid,False,v2,04,04056,0405623,0405623023
04267,Baptist Bible Seminary and Institute,Region IV-A,04 - CALABARZON,Rizal,Rizal,Taytay,Taytay,Private Sectarian,14.57781,121.1415,valid,False,v2,04,04058,0405813,0405813003
04269,Baptist Voice Bible College,Region IV-A,04 - CALABARZON,Quezon,Quezon,Lucena City,Lucena City,Private Non-Sectarian,13.93085,121.6118,valid,False,v2,04,04312,0431200,0431200011
04369,Batangas College of Arts and Sciences,Region IV-A,04 - CALABARZON,Batangas,Batangas,Lipa City,Lipa City,Private Non-Sectarian,13.94534,121.12,valid,False,v2,04,04010,0401014,0401014007
04308,Batangas Eastern Colleges,Region IV-A,04 - CALABARZON,Batangas,Batangas,San Juan,San Juan,Private Non-Sectarian,13.82866,121.3957,valid,False,v2,04,04010,0401023,0401023029
04363,Batangas State University-Alangilan,Region IV-A,04 - CALABARZON,Batangas,Batangas,Batangas City,Batangas City,SUC Satellite,13.7841482534659,121.074755335228,valid,False,v2,04,04010,0401005,0401005001
04071a,Batangas State University-Balayan,Region IV-A,04 - CALABARZON,Batangas,Batangas,Balayan,Balayan,SUC Satellite,13.9482645243006,120.719966711441,valid,False,v2,04,04010,0401003,0401003017
04309,Batangas State University-Lemery,Region IV-A,04 - CALABARZON,Batangas,Batangas,Lemery,Lemery,SUC Satellite,13.8852220935457,120.914978451799,valid,False,v2,04,04010,0401012,0401012005
04071c,Batangas State University-Lipa City,Region IV-A,04 - CALABARZON,Batangas,Batangas,Lipa City,Lipa City,SUC Satellite,13.9566869413164,121.163011025992,valid,False,v2,04,04010,0401014,0401014030
04071d,Batangas State University-Lobo,Region IV-A,04 - CALABARZON,Batangas,Batangas,Lobo,Lobo,SUC Satellite,13.6416151773511,121.192463242685,valid,False,v2,04,04010,0401015,0401015016
04517,Batangas State University-Mabini,Region IV-A,04 - CALABARZON,Batangas,Batangas,Mabini,Mabini,SUC Satellite,13.7568643952437,120.936867294425,valid,False,v2,04,04010,0401016,0401016022
04071,Batangas State University-Main,Region IV-A,04 - CALABARZON,Batangas,Batangas,Batangas City,Batangas City,SUC Main,13.7552581577603,121.052867919423,valid,False,v2,04,04010,0401005,0401005067
04151,Batangas State University-Malvar,Region IV-A,04 - CALABARZON,Batangas,Batangas,Malvar,Malvar,SUC Satellite,14.0449587927509,121.155952847944,valid,False,v2,04,04010,0401017,0401017008
04004,Batangas State University-Nasugbu,Region IV-A,04 - CALABARZON,Batangas,Batangas,Nasugbu,Nasugbu,SUC Satellite,14.0666949487875,120.626127645088,valid,False,v2,04,04010,0401019,0401019016
04071f,Batangas State University-Rosario,Region IV-A,04 - CALABARZON,Batangas,Batangas,Rosario,Rosario,SUC Satellite,13.8466961685068,121.196966088189,valid,False,v2,04,04010,0401021,0401021026
04071g,Batangas State University-San Juan,Region IV-A,04 - CALABARZON,Batangas,Batangas,San Juan,San Juan,SUC Satellite,13.8023841769225,121.403722422668,valid,False,v2,04,04010,0401023,0401023040
04192,Binangonan Catholic College,Region IV-A,04 - CALABARZON,Rizal,Rizal,Binangonan,Binangonan,Private Sectarian,14.4647,121.192,valid,False,v2,04,04058,0405804,0405804020
04377,Brookfield College in Cavite,Region IV-A,04 - CALABARZON,Cavite,Cavite,Dasmariñas City,Dasmariñas City,Private Non-Sectarian,14.35194,120.9361,valid,False,v2,04,04021,0402106,0402106012
04467,CARD-MRI Development Institute,Region IV-A,04 - CALABARZON,Laguna,Laguna,Bay,Bay,Private Non-Sectarian,14.12985,121.2574,valid,False,v2,04,04034,0403402,0403402015
04514,CITI Global College-Calamba,Region IV-A,04 - CALABARZON,Laguna,Laguna,Calamba,Calamba,Private Non-Sectarian,14.339,121.083,valid,False,v2,04,04034,0403403,0403403016
04496,CSTC College of Sciences Technology and Communications-Atimonan,Region IV-A,04 - CALABARZON,Quezon,Quezon,Atimonan,Atimonan,Private Non-Sectarian,13.99807,121.9193,valid,False,v2,04,04056,0405603,0405603039
04414,"CSTC College of Sciences, Technology and Communications-Sariaya",Region IV-A,04 - CALABARZON,Quezon,Quezon,Sariaya,Sariaya,Private Non-Sectarian,13.9649,121.5299,valid,False,v2,04,04056,0405645,0405645034
04355,CVE Colleges,Region IV-A,04 - CALABARZON,Quezon,Quezon,Pagbilao,Pagbilao,Private Non-Sectarian,13.9698,121.685,valid,False,v2,04,04056,0405630,0405630021
04160,Cainta Catholic College,Region IV-A,04 - CALABARZON,Rizal,Rizal,Cainta,Cainta,Private Sectarian,14.57771,121.1164,valid,False,v2,04,04058,0405805,0405805014
04531,Calaca City Global College,Region IV-A,04 - CALABARZON,Batangas,Batangas,Calaca City,Calaca City,LUC,13.94074,120.8153,valid,False,v2,04,04010,0401007,0401007044
04272,Calamba Doctors' College,Region IV-A,04 - CALABARZON,Laguna,Laguna,Calamba City,Calamba City,Private Non-Sectarian,14.14121,121.2163,valid,False,v2,04,04034,0403411,0403411004
04008,Calauag Central College,Region IV-A,04 - CALABARZON,Quezon,Quezon,Calauag,Calauag,Private Non-Sectarian,13.95732,122.2866,valid,False,v2,04,04056,0405607,0405607014
04059,Calayan Educational Foundation,Region IV-A,04 - CALABARZON,Quezon,Quezon,Lucena City,Lucena City,Private Non-Sectarian,13.94419,121.6309,valid,False,v2,04,04312,0431200,0431200020
04009,Canossa College - San Pablo City,Region IV-A,04 - CALABARZON,Laguna,Laguna,San Pablo City,San Pablo City,Private Sectarian,14.0772,121.322,valid,False,v2,04,04034,0403424,0403424027
04385,Cavite State University-Bacoor City Campus,Region IV-A,04 - CALABARZON,Cavite,Cavite,Bacoor City,Bacoor City,SUC Satellite,14.4127841442794,120.981348812505,valid,False,v2,04,04021,0402103,0402103049
04318,Cavite State University-Carmona Campus,Region IV-A,04 - CALABARZON,Cavite,Cavite,Carmona,Carmona,SUC Satellite,14.3169863437025,121.064698079447,valid,False,v2,04,04021,0402104,0402104010
04260,Cavite State University-Cavite City Campus,Region IV-A,04 - CALABARZON,Cavite,Cavite,Cavite City,Cavite City,SUC Satellite,14.4585450814396,120.880183848088,valid,False,v2,04,04021,0402105,0402105061
04386,Cavite State University-General Trias Campus,Region IV-A,04 - CALABARZON,Cavite,Cavite,General Trias,General Trias,SUC Satellite,14.3849991014429,120.880504317619,valid,False,v2,04,04021,0402108,0402108008
04319,Cavite State University-Imus Campus,Region IV-A,04 - CALABARZON,Cavite,Cavite,Imus City,Imus City,SUC Satellite,14.4284784079854,120.947130884529,valid,False,v2,04,04021,0402109,0402109084
04027,Cavite State University-Main,Region IV-A,04 - CALABARZON,Cavite,Cavite,Indang,Indang,SUC Main,14.1962295183545,120.881107142497,valid,False,v2,04,04021,0402110,0402110036
04011,Cavite State University-Naic Campus,Region IV-A,04 - CALABARZON,Cavite,Cavite,Naic,Naic,SUC Satellite,14.3227082600534,120.75395962119,valid,False,v2,04,04021,0402115,0402115001
04010,Cavite State University-Rosario Campus,Region IV-A,04 - CALABARZON,Cavite,Cavite,Rosario,Rosario,SUC Satellite,14.4035511113601,120.865981319048,valid,False,v2,04,04021,0402117,0402117010
04362,Cavite State University-Silang Campus,Region IV-A,04 - CALABARZON,Cavite,Cavite,Silang,Silang,SUC Satellite,14.2411758597644,120.979008789383,valid,False,v2,04,04021,0402118,0402118007
04384,Cavite State University-Tanza Campus,Region IV-A,04 - CALABARZON,Cavite,Cavite,Tanza,Tanza,SUC Satellite,14.3332666849868,120.850149149692,valid,False,v2,04,04021,0402120,0402120002
04350,Cavite State University-Trece Martires City Campus,Region IV-A,04 - CALABARZON,Cavite,Cavite,Trece Martires City,Trece Martires City,SUC Satellite,14.2833161949005,120.876051339866,valid,False,v2,04,04021,0402122,0402122008
04234,Cavite West Point College,Region IV-A,04 - CALABARZON,Cavite,Cavite,Ternate,Ternate,Private Non-Sectarian,14.28034,120.7271,valid,False,v2,04,04021,0402121,0402121009
04437,Center for Biblical Studies Institute & Seminary,Region IV-A,04 - CALABARZON,Rizal,Rizal,Antipolo City,Antipolo City,Private Sectarian,14.60189,121.1915,valid,False,v2,04,04058,0405802,0405802016
04453,Citi Global College-Biñan,Region IV-A,04 - CALABARZON,Laguna,Laguna,Biñan City,Biñan City,Private Non-Sectarian,14.339,121.083,valid,False,v2,04,04034,0403403,0403403016
04463,Citi Global College-Cabuyao,Region IV-A,04 - CALABARZON,Laguna,Laguna,Cabuyao City,Cabuyao City,Private Non-Sectarian,14.2767,121.123,valid,False,v2,04,04034,0403404,0403404018
04356,City College of Calamba,Region IV-A,04 - CALABARZON,Laguna,Laguna,Calamba City,Calamba City,LUC with Institutional Recognition,14.2122,121.168,valid,False,v2,04,04034,0403405,0403405044
04375,City College of Tagaytay,Region IV-A,04 - CALABARZON,Cavite,Cavite,Tagaytay City,Tagaytay City,LUC with Institutional Recognition,14.10136,120.9386,valid,False,v2,04,04021,0402119,0402119008
04015,Colegio De San Juan De Letran-Calamba,Region IV-A,04 - CALABARZON,Laguna,Laguna,Calamba City,Calamba City,Private Sectarian,14.18873,121.1628,valid,False,v2,04,04034,0403405,0403405006
04155,Colegio De San Pedro,Region IV-A,04 - CALABARZON,Laguna,Laguna,San Pedro City,San Pedro City,Private Non-Sectarian,14.3436,121.058,valid,False,v2,04,04034,0403425,0403425026
04176,Colegio San Agustin-Biñan,Region IV-A,04 - CALABARZON,Laguna,Laguna,Biñan City,Biñan City,Private Sectarian,14.33084,121.053,valid,False,v2,04,04034,0403403,0403403008
04365,Colegio de Amore,Region IV-A,04 - CALABARZON,Cavite,Cavite,Trece Martires City,Trece Martires City,Private Non-Sectarian,14.2866,120.861,valid,False,v2,04,04021,0402122,0402122006
04532,Colegio de General Luna,Region IV-A,04 - CALABARZON,Quezon,Quezon,General Luna,General Luna,LUC,13.678,122.2209,valid,False,v2,04,04056,0405616,0405616021
04507,Colegio de La Ciudad de Tayabas,Region IV-A,04 - CALABARZON,Quezon,Quezon,Tayabas City,Tayabas City,LUC,14.02281,121.5895,valid,False,v2,04,04056,0405647,0405647053
04014,Colegio de Los Baños,Region IV-A,04 - CALABARZON,Laguna,Laguna,Los Baños,Los Baños,Private Non-Sectarian,14.1733,121.243,valid,False,v2,04,04034,0403411,0403411004
04345,Colegio de Montalban,Region IV-A,04 - CALABARZON,Rizal,Rizal,Rodriguez,Rodriguez,LUC with Institutional Recognition,14.79427,121.1819,valid,False,v2,04,04058,0405808,0405808009
04395,Colegio de Porta Vaga,Region IV-A,04 - CALABARZON,Cavite,Cavite,Imus City,Imus City,Private Non-Sectarian,14.40793,120.9404,valid,False,v2,04,04021,0402109,0402109046
04398,Colegio de Santo Cristo de Burgos,Region IV-A,04 - CALABARZON,Quezon,Quezon,Sariaya,Sariaya,Private Non-Sectarian,13.94725,121.4917,valid,False,v2,04,04056,0405645,0405645041
04468,Colegio de Sto. Domingo de Silos,Region IV-A,04 - CALABARZON,Batangas,Batangas,Calatagan,Calatagan,Private Non-Sectarian,13.87464,120.6329,valid,False,v2,04,04010,0401008,0401008010
04359,Colegio ng Lungsod ng Batangas,Region IV-A,04 - CALABARZON,Batangas,Batangas,Batangas City,Batangas City,LUC with Institutional Recognition,13.75287,121.0481,valid,False,v2,04,04010,0401005,0401005095
04432,College of Arts and Sciences of Asia and the Pacific,Region IV-A,04 - CALABARZON,Rizal,Rizal,Taytay,Taytay,Private Non-Sectarian,14.56719,121.1305,valid,False,v2,04,04058,0405813,0405813004
04446,College of Saint John Paul II Arts And Sciences,Region IV-A,04 - CALABARZON,Rizal,Rizal,Cainta,Cainta,Private Sectarian,14.58605,121.1131,valid,False,v2,04,04058,0405805,0405805020
04293,DMMC Institute of Health Sciences,Region IV-A,04 - CALABARZON,Batangas,Batangas,Tanauan City,Tanauan City,Private Non-Sectarian,14.0861,121.1514,valid,False,v2,04,04010,0401031,0401031032
04462,Daehan College of Business and Technology,Region IV-A,04 - CALABARZON,Rizal,Rizal,TayTay,TayTay,Private Non-Sectarian,14.54239,121.121,valid,False,v2,04,04058,0405813,0405813004
04280,Dalubhasaan ng Lungsod ng Lucena,Region IV-A,04 - CALABARZON,Quezon,Quezon,Lucena City,Lucena City,LUC with Institutional Recognition,13.94646,121.5897,valid,False,v2,04,04312,0431200,0431200026
04185,Dalubhasaan ng Lungsod ng San Pablo,Region IV-A,04 - CALABARZON,Laguna,Laguna,San Pablo City,San Pablo City,LUC with Institutional Recognition,14.094,121.343,valid,False,v2,04,04034,0403424,0403424070
04025,De La Salle Health Sciences Institute,Region IV-A,04 - CALABARZON,Cavite,Cavite,Dasmariñas City,Dasmariñas City,Private Sectarian,14.3269,120.944,valid,False,v2,04,04021,0402106,0402106019
04019,De La Salle Lipa,Region IV-A,04 - CALABARZON,Batangas,Batangas,Lipa City,Lipa City,Private Non-Sectarian,13.942,121.145,valid,False,v2,04,04010,0401014,0401014057
04024,De La Salle University-Dasmariñas,Region IV-A,04 - CALABARZON,Cavite,Cavite,Dasmariñas City,Dasmariñas City,Private Sectarian,14.32058,120.9633,valid,False,v2,04,04021,0402106,0402106048
04497,De La Salle-College of Saint Benilde-Antipolo,Region IV-A,04 - CALABARZON,Rizal,Rizal,Antipolo City,Antipolo City,Private Non-Sectarian,14.58239,121.1816,valid,False,v2,04,04058,0405802,0405802008
04020,Deaf Evangelistic Alliance Foundation,Region IV-A,04 - CALABARZON,Laguna,Laguna,Cavinti,Cavinti,Private Non-Sectarian,14.26472,121.4925,valid,False,v2,04,04034,0403407,0403407001
04023,Divine Word Seminary,Region IV-A,04 - CALABARZON,Cavite,Cavite,Tagaytay City,Tagaytay City,Private Non-Sectarian,14.12791,120.9654,valid,False,v2,04,04021,0402119,0402119010
04139,Dominican College of Sta. Rosa,Region IV-A,04 - CALABARZON,Laguna,Laguna,Sta. Rosa City,Sta. Rosa City,Private Non-Sectarian,14.28151,121.0991,valid,False,v2,04,04034,0403428,0403428002
04026,Don Bosco College,Region IV-A,04 - CALABARZON,Laguna,Laguna,Calamba City,Calamba City,Private Sectarian,14.21016,121.1177,valid,False,v2,04,04034,0403405,0403405011
04043,Dr. Francisco L. Calingasan Memorial Colleges Foundation,Region IV-A,04 - CALABARZON,Batangas,Batangas,Nasugbu,Nasugbu,Private Non-Sectarian,14.02226,120.7279,valid,False,v2,04,04010,0401034,0401034015
04400,East Systems College of Rizal,Region IV-A,04 - CALABARZON,Rizal,Rizal,Morong,Morong,Private Non-Sectarian,14.50974,121.2417,valid,False,v2,04,04058,0405809,0405809008
04031,Eastern Quezon College,Region IV-A,04 - CALABARZON,Quezon,Quezon,Gumaca,Gumaca,Private Non-Sectarian,13.92331,122.0977,valid,False,v2,04,04056,0405619,0405619035
04516,Eastern Star Academy,Region IV-A,04 - CALABARZON,Rizal,Rizal,San Mateo,San Mateo,Private Non-Sectarian,14.68901,121.1158,valid,False,v2,04,04058,0405811,0405811010
04199,Emilio Aguinaldo College,Region IV-A,04 - CALABARZON,Cavite,Cavite,Dasmariñas City,Dasmariñas City,Private Non-Sectarian,14.32659,120.9459,valid,False,v2,04,04021,0402106,0402106003
13056a,"Eulogio ""Amang"" Rodriguez Institute of Science and Technology-Cavite",Region IV-A,04 - CALABARZON,Cavite,Cavite,General Mariano Alvarez,General Mariano Alvarez,SUC Satellite,14.2999294360132,121.009822901899,valid,False,v2,04,04021,0402123,0402123006
04415,Evangelical Theological College of the Philippines-Luzon,Region IV-A,04 - CALABARZON,Rizal,Rizal,Cainta,Cainta,Private Non-Sectarian,14.59264,121.1377,valid,False,v2,04,04058,0405805,0405805016
04404,FEU Cavite,Region IV-A,04 - CALABARZON,Cavite,Cavite,Silang,Silang,Private Non-Sectarian,14.2534,120.9687,valid,False,v2,04,04021,0402118,0402118001
04095,FEU Roosevelt,Region IV-A,04 - CALABARZON,Rizal,Rizal,Cainta,Cainta,Private Non-Sectarian,14.63284,121.1091,valid,False,v2,04,04058,0405805,0405805015
04454,Far East Asia Pacific Institute of Tourism Science and Technology,Region IV-A,04 - CALABARZON,Cavite,Cavite,Tanza,Tanza,Private Non-Sectarian,14.39195,120.8529,valid,False,v2,04,04021,0402120,0402120009
04366,Far Eastern Polytechnic College,Region IV-A,04 - CALABARZON,Cavite,Cavite,Dasmariñas City,Dasmariñas City,Private Non-Sectarian,14.33486,120.9542,valid,False,v2,04,04021,0402106,0402106043
04250,First Asia Institute of Technology and Humanities,Region IV-A,04 - CALABARZON,Batangas,Batangas,Tanauan City,Tanauan City,Private Non-Sectarian,14.07761,121.1495,valid,False,v2,04,04010,0401031,0401031034
04508,First Industrial Science and Technology College,Region IV-A,04 - CALABARZON,Batangas,Batangas,Sto. Tomas City,Sto. Tomas City,Private Non-Sectarian,14.13709,121.1283,valid,False,v2,04,04010,0401028,0401028024
04332,Gardner College Cainta,Region IV-A,04 - CALABARZON,Rizal,Rizal,Cainta,Cainta,Private Non-Sectarian,14.61734,121.1015,valid,False,v2,13,13812,1381200,1381200006
04033,Golden Gate Colleges,Region IV-A,04 - CALABARZON,Batangas,Batangas,Batangas City,Batangas City,Private Non-Sectarian,13.75704,121.0606,valid,False,v2,04,04010,0401005,0401005077
04476,Grabsum School,Region IV-A,04 - CALABARZON,Quezon,Quezon,Candelaria,Candelaria,Private Non-Sectarian,13.93492,121.4293,valid,False,v2,04,04056,0405608,0405608012
04439,Grain of Wheat College,Region IV-A,04 - CALABARZON,Rizal,Rizal,Taytay,Taytay,Private Non-Sectarian,14.5648,121.148,valid,False,v2,04,04058,0405813,0405813001
04407,Granby Colleges of Science & Technology,Region IV-A,04 - CALABARZON,Cavite,Cavite,Naic,Naic,Private Non-Sectarian,14.32026,120.7671,valid,False,v2,04,04021,0402115,0402115013
13435,Guang Ming College,Region IV-A,04 - CALABARZON,Cavite,Cavite,Tagaytay City,Tagaytay City,Private Non-Sectarian,14.11614,120.9072,valid,False,v2,04,04021,0402119,0402119034
04455,Guardian Bona Fide for Hope Foundation,Region IV-A,04 - CALABARZON,Laguna,Laguna,Biñan City,Biñan City,Private Non-Sectarian,14.31411,121.0702,valid,False,v2,04,04034,0403403,0403403003
04416,Guinayangan College Foundation,Region IV-A,04 - CALABARZON,Quezon,Quezon,Guinayangan,Guinayangan,Private Non-Sectarian,13.90308,122.4529,valid,False,v2,,,,
04035,Harris Memorial College,Region IV-A,04 - CALABARZON,Rizal,Rizal,Taytay,Taytay,Private Non-Sectarian,14.58403,121.1495,valid,False,v2,04,04058,0405813,0405813001
04251,Holy Child Jesus College,Region IV-A,04 - CALABARZON,Quezon,Quezon,Gumaca,Gumaca,Private Sectarian,13.9214,122.099,valid,False,v2,04,04056,0405619,0405619041
04417,ICCT Colleges-Antipolo,Region IV-A,04 - CALABARZON,Rizal,Rizal,Antipolo City,Antipolo City,Private Non-Sectarian,14.58344,121.1697,valid,False,v2,04,04058,0405802,0405802009
04441,ICCT Colleges-Binangonan,Region IV-A,04 - CALABARZON,Rizal,Rizal,Binangonan,Binangonan,Private Non-Sectarian,14.47964,121.1854,valid,False,v2,,,,
04042,ICCT Colleges-Cainta,Region IV-A,04 - CALABARZON,Rizal,Rizal,Cainta,Cainta,Private Non-Sectarian,14.61771,121.1,valid,False,v2,13,13812,1381200,1381200006
04418,ICCT Colleges-San Mateo,Region IV-A,04 - CALABARZON,Rizal,Rizal,San Mateo,San Mateo,Private Non-Sectarian,14.68886,121.1165,valid,False,v2,04,04058,0405811,0405811010
04442,ICCT Colleges-Taytay,Region IV-A,04 - CALABARZON,Rizal,Rizal,Taytay,Taytay,Private Non-Sectarian,14.55791,121.1344,valid,False,v2,04,04058,0405813,0405813004
04440,ICT-ED Institute of Science and Technology,Region IV-A,04 - CALABARZON,Batangas,Batangas,Lipa City,Lipa City,Private Non-Sectarian,13.90191,121.1918,valid,False,v2,04,04010,0401014,0401014037
04188,IETI College of Science and Technology,Region IV-A,04 - CALABARZON,Laguna,Laguna,San Pedro City,San Pedro City,Private Non-Sectarian,14.33554,121.0317,valid,False,v2,04,04034,0403425,0403425008
04325,ISHRM School System-Bacoor,Region IV-A,04 - CALABARZON,Cavite,Cavite,Bacoor City,Bacoor City,Private Non-Sectarian,14.44786,120.9409,valid,False,v2,04,04021,0402103,0402103008
04039,Immaculate Conception College of Balayan,Region IV-A,04 - CALABARZON,Batangas,Batangas,Balayan,Balayan,Private Sectarian,13.9392,120.7264,valid,False,v2,04,04010,0401003,0401003008
04367,Immanuel Theological Seminary,Region IV-A,04 - CALABARZON,Cavite,Cavite,Dasmariñas City,Dasmariñas City,Private Sectarian,14.33522,120.9374,valid,False,v2,04,04021,0402106,0402106079
04041,Imus Institute of Science and Technology,Region IV-A,04 - CALABARZON,Cavite,Cavite,Imus City,Imus City,Private Non-Sectarian,14.42641,120.938,valid,False,v2,04,04021,0402109,0402109093
04488,Informatics College Cavite,Region IV-A,04 - CALABARZON,Cavite,Cavite,Imus City,Imus City,Private Non-Sectarian,14.39251,120.94,valid,False,v2,04,04021,0402109,0402109032
04181,Inter-Global College Foundation,Region IV-A,04 - CALABARZON,Quezon,Quezon,Lucena City,Lucena City,Private Non-Sectarian,13.95744,121.5896,valid,False,v2,04,04312,0431200,0431200014
04341,International Christian College of Manila,Region IV-A,04 - CALABARZON,Rizal,Rizal,Antipolo City,Antipolo City,Private Sectarian,14.58056,121.182,valid,False,v2,04,04058,0405802,0405802008
04334,International Peace Leadership College,Region IV-A,04 - CALABARZON,Rizal,Rizal,Tanay,Tanay,Private Sectarian,14.5788,121.3595,valid,False,v2,04,04058,0405812,0405812002
04420,Jesus Reigns Christian College-Amadeo Foundation,Region IV-A,04 - CALABARZON,Cavite,Cavite,Amadeo,Amadeo,Private Non-Sectarian,14.18216,120.9305,valid,False,v2,04,04021,0402102,0402102003
04506,Kolehiyo ng Lungsod ng Dasmariñas,Region IV-A,04 - CALABARZON,Cavite,Cavite,Dasmarinas City,Dasmarinas City,LUC,14.33407,120.9515,valid,False,v2,04,04021,0402106,0402106003
04141,Kolehiyo ng Lungsod ng Lipa,Region IV-A,04 - CALABARZON,Batangas,Batangas,Lipa City,Lipa City,LUC with Institutional Recognition,13.94286,121.157,valid,False,v2,04,04010,0401014,0401014040
04408,Kurios Christian Colleges Foundation,Region IV-A,04 - CALABARZON,Cavite,Cavite,Magallanes,Magallanes,Private Non-Sectarian,14.16271,120.75,valid,False,v2,04,04021,0402112,0402112002
04274,LNC Corinthian Center,Region IV-A,04 - CALABARZON,Laguna,Laguna,Sta. Rosa City,Sta. Rosa City,Private Non-Sectarian,14.29073,121.0967,valid,False,v2,04,04034,0403428,0403428002
04262,LPU-St. Cabrini School of Health Sciences,Region IV-A,04 - CALABARZON,Laguna,Laguna,Calamba City,Calamba City,Private Non-Sectarian,14.15872,121.1376,valid,False,v2,04,04034,0403405,0403405026
04156,La Consolacion College-Biñan,Region IV-A,04 - CALABARZON,Laguna,Laguna,Biñan City,Biñan City,Private Sectarian,14.32651,121.0752,valid,False,v2,04,04021,0402104,0402104010
04291,La Consolacion College-Tanauan,Region IV-A,04 - CALABARZON,Batangas,Batangas,Tanauan City,Tanauan City,Private Sectarian,14.0852,121.151,valid,False,v2,04,04010,0401031,0401031032
04044,Laguna College,Region IV-A,04 - CALABARZON,Laguna,Laguna,San Pablo City,San Pablo City,Private Non-Sectarian,14.07276,121.3262,valid,False,v2,04,04034,0403424,0403424019
04046,Laguna College of Business and Arts,Region IV-A,04 - CALABARZON,Laguna,Laguna,Calamba City,Calamba City,Private Non-Sectarian,14.2106,121.161,valid,False,v2,04,04034,0403405,0403405040
04047,Laguna Northwestern College,Region IV-A,04 - CALABARZON,Laguna,Laguna,San Pedro City,San Pedro City,Private Non-Sectarian,14.3679,121.055,valid,False,v2,04,04034,0403425,0403425014
04403,Laguna Northwestern College-SLRMC,Region IV-A,04 - CALABARZON,Laguna,Laguna,Siniloan,Siniloan,Private Non-Sectarian,14.42764,121.4467,valid,False,v2,04,04034,0403429,0403429019
04157,Laguna Science and Technology College,Region IV-A,04 - CALABARZON,Laguna,Laguna,San Pedro City,San Pedro City,Private Non-Sectarian,14.35007,121.0641,valid,False,v2,04,04034,0403425,0403425005
04051,Laguna State Polytechnic University-Los Baños,Region IV-A,04 - CALABARZON,Laguna,Laguna,Los Baños,Los Baños,SUC Satellite,14.1868062997638,121.231854455283,valid,False,v2,04,04034,0403411,0403411015
04048,Laguna State Polytechnic University-Main,Region IV-A,04 - CALABARZON,Laguna,Laguna,Siniloan,Siniloan,SUC Satellite,14.2623309192833,121.397630571973,valid,False,v2,04,04034,0403426,0403426003
04113,Laguna State Polytechnic University-San Pablo City,Region IV-A,04 - CALABARZON,Laguna,Laguna,San Pablo City,San Pablo City,SUC Satellite,14.0831042717622,121.312227933652,valid,False,v2,04,04034,0403424,0403424036
04045,Laguna State Polytechnic University-Sta. Cruz,Region IV-A,04 - CALABARZON,Laguna,Laguna,Sta. Cruz,Sta. Cruz,SUC Main,14.2623279829219,121.397633777648,valid,False,v2,04,04034,0403426,0403426003
04358,Laguna University,Region IV-A,04 - CALABARZON,Laguna,Laguna,Sta. Cruz,Sta. Cruz,LUC with Institutional Recognition,14.25697,121.4027,valid,False,v2,04,04034,0403426,0403426003
04171,Lemery Colleges,Region IV-A,04 - CALABARZON,Batangas,Batangas,Lemery,Lemery,Private Non-Sectarian,13.928,120.876,valid,False,v2,04,04010,0401012,0401012011
04049,Leon Guinto Memorial College,Region IV-A,04 - CALABARZON,Quezon,Quezon,Atimonan,Atimonan,Private Non-Sectarian,14.00104,121.921,valid,False,v2,04,04056,0405603,0405603005
04050,Lipa City Colleges,Region IV-A,04 - CALABARZON,Batangas,Batangas,Lipa City,Lipa City,Private Non-Sectarian,13.94069,121.1618,valid,False,v2,04,04010,0401014,0401014047
04526,Lyceum Technological College,Region IV-A,04 - CALABARZON,Quezon,Quezon,Tiaong,Tiaong,Private Non-Sectarian,13.95189,121.3464,valid,False,v2,04,04056,0405648,0405648017
04484,Lyceum de San Pablo,Region IV-A,04 - CALABARZON,Laguna,Laguna,San Pablo City,San Pablo City,Private Non-Sectarian,14.05786,121.324,valid,False,v2,04,04034,0403424,0403424047
04509,Lyceum of Southern Luzon,Region IV-A,04 - CALABARZON,Batangas,Batangas,Balayan,Balayan,Private Non-Sectarian,13.95406,120.7292,valid,False,v2,04,04010,0401003,0401003031
04054,Lyceum of the Philippines University-Batangas,Region IV-A,04 - CALABARZON,Batangas,Batangas,Batangas City,Batangas City,Private Non-Sectarian,13.76419,121.0652,valid,False,v2,04,04010,0401005,0401005034
04382,Lyceum of the Philippines-Cavite,Region IV-A,04 - CALABARZON,Cavite,Cavite,General Trias,General Trias,Private Non-Sectarian,14.29114,120.9155,valid,False,v2,04,04021,0402108,0402108015
04252,Lyceum of the Philippines-Laguna,Region IV-A,04 - CALABARZON,Laguna,Laguna,Calamba City,Calamba City,Private Non-Sectarian,14.21825,121.1356,valid,False,v2,04,04034,0403405,0403405033
04485,MOL Magsaysay Maritime Academy,Region IV-A,04 - CALABARZON,Cavite,Cavite,Dasmariñas City,Dasmariñas City,Private Non-Sectarian,14.34059,120.9585,valid,False,v2,04,04021,0402106,0402106060
04284,Mabini College of Batangas,Region IV-A,04 - CALABARZON,Batangas,Batangas,Mabini,Mabini,Private Non-Sectarian,13.74849,120.9413,valid,False,v2,04,04010,0401016,0401016018
04503,Magna Anima Teachers College,Region IV-A,04 - CALABARZON,Laguna,Laguna,Santa Rosa City,Santa Rosa City,Private Non-Sectarian,14.24038,121.0602,valid,False,v2,04,04034,0403428,0403428020
04372,Malayan Colleges of Laguna,Region IV-A,04 - CALABARZON,Laguna,Laguna,Cabuyao City,Cabuyao City,Private Non-Sectarian,14.2484,121.112,valid,False,v2,04,04034,0403428,0403428006
04339,Manuel S. Enverga Institute Foundation-San Antonio,Region IV-A,04 - CALABARZON,Quezon,Quezon,San Antonio,San Antonio,Private Non-Sectarian,13.89461,121.2927,valid,False,v2,04,04056,0405641,0405641014
04515,Manuel S. Enverga University Foundation-Calauag,Region IV-A,04 - CALABARZON,Quezon,Quezon,Calauag,Calauag,Private Non-Sectarian,13.95331,122.2965,valid,False,v2,04,04056,0405607,0405607073
04064,Manuel S. Enverga University Foundation-Candelaria,Region IV-A,04 - CALABARZON,Quezon,Quezon,Candelaria,Candelaria,Private Non-Sectarian,13.93058,121.4287,valid,False,v2,04,04056,0405608,0405608001
04065,Manuel S. Enverga University Foundation-Catanauan,Region IV-A,04 - CALABARZON,Quezon,Quezon,Catanauan,Catanauan,Private Non-Sectarian,13.595,122.324,valid,False,v2,04,04056,0405610,0405610011
04056,Manuel S. Enverga University Foundation-Lucena,Region IV-A,04 - CALABARZON,Quezon,Quezon,Lucena City,Lucena City,Private Non-Sectarian,13.94946,121.6204,valid,False,v2,04,04312,0431200,0431200020
04471,Marasigan Institute of Science and Technology (M.I.S.T.),Region IV-A,04 - CALABARZON,Cavite,Cavite,Dasmariñas City,Dasmariñas City,Private Non-Sectarian,14.35084,120.9376,valid,False,v2,04,04021,0402106,0402106012
04057,Marcelino Fule Memorial College,Region IV-A,04 - CALABARZON,Laguna,Laguna,Alaminos,Alaminos,Private Non-Sectarian,14.06211,121.2666,valid,False,v2,04,04034,0403401,0403401007
04422,"Mary Help of Christian College, Salesian Sisters",Region IV-A,04 - CALABARZON,Laguna,Laguna,Calamba City,Calamba City,Private Sectarian,14.20868,121.1116,valid,False,v2,04,04034,0403405,0403405011
04162,Maryhill College,Region IV-A,04 - CALABARZON,Quezon,Quezon,Lucena City,Lucena City,Private Sectarian,13.9361,121.612,valid,False,v2,04,04312,0431200,0431200008
04443,Mater Redemptoris Collegium,Region IV-A,04 - CALABARZON,Laguna,Laguna,Calauan,Calauan,Private Sectarian,14.12238,121.2972,valid,False,v2,04,04034,0403406,0403406011
04444,Mind and Integrity College,Region IV-A,04 - CALABARZON,Laguna,Laguna,Calamba City,Calamba City,Private Non-Sectarian,14.22684,121.1374,valid,False,v2,04,04034,0403404,0403404003
04159,Mt. St. Aloysius Seminary,Region IV-A,04 - CALABARZON,Quezon,Quezon,Gumaca,Gumaca,Private Sectarian,13.92676,122.0932,valid,False,v2,04,04056,0405619,0405619039
04510,NU Dasmariñas,Region IV-A,04 - CALABARZON,Cavite,Cavite,Dasmariñas,Dasmariñas,Private Non-Sectarian,14.30173,120.955,valid,False,v2,04,04021,0402106,0402106013
04519,NU Lipa,Region IV-A,04 - CALABARZON,Batangas,Batangas,Lipa City,Lipa City,Private Non-Sectarian,13.95581,121.1598,valid,False,v2,04,04010,0401014,0401014030
04491,NU Sports Academy,Region IV-A,04 - CALABARZON,Laguna,Laguna,Calamba City,Calamba City,Private Non-Sectarian,14.17843,121.1362,valid,False,v2,04,04034,0403405,0403405057
04376,NYK-TDG Maritime Academy,Region IV-A,04 - CALABARZON,Laguna,Laguna,Calamba City,Calamba City,Private Non-Sectarian,14.20619,121.08,valid,False,v2,04,04034,0403405,0403405011
04082,National Aviation Academy of the Philippines-Fernando Air Base,Region IV-A,04 - CALABARZON,Batangas,Batangas,Lipa City,Lipa City,SUC Satellite,13.9527422811982,121.133778298045,valid,False,v2,04,04010,0401014,0401014071
04067,National College of Business and Arts-Taytay,Region IV-A,04 - CALABARZON,Rizal,Rizal,Taytay,Taytay,Private Non-Sectarian,14.55278,121.1385,valid,False,v2,04,04058,0405813,0405813004
04205,National College of Science and Technology (NCST),Region IV-A,04 - CALABARZON,Cavite,Cavite,Dasmariñas City,Dasmariñas City,Private Non-Sectarian,14.32749,120.9382,valid,False,v2,04,04021,0402106,0402106019
04464,New Era University - Lipa Campus,Region IV-A,04 - CALABARZON,Batangas,Batangas,Lipa City,Lipa City,Private Non-Sectarian,13.97304,121.1734,valid,False,v2,04,04010,0401014,0401014030
04490,New Era University-Baras Campus,Region IV-A,04 - CALABARZON,Rizal,Rizal,Baras,Baras,Private Sectarian,14.60362,121.264,valid,False,v2,04,04058,0405803,0405803010
04433,New Sinai School and Colleges-Sta. Rosa,Region IV-A,04 - CALABARZON,Laguna,Laguna,Sta. Rosa City,Sta. Rosa City,Private Non-Sectarian,14.31707,121.0985,valid,False,v2,04,04034,0403428,0403428023
04068,Northern Quezon College,Region IV-A,04 - CALABARZON,Quezon,Quezon,Infanta,Infanta,Private Non-Sectarian,14.7383,121.643,valid,False,v2,04,04056,0405620,0405620018
04459,Nova Schola Tanauan,Region IV-A,04 - CALABARZON,Batangas,Batangas,Tanauan City,Tanauan City,Private Non-Sectarian,14.08501,121.1375,valid,False,v2,04,04010,0401031,0401031040
04180,Oblates of Saint Joseph College of Philosophy,Region IV-A,04 - CALABARZON,Batangas,Batangas,Lipa City,Lipa City,Private Sectarian,13.9399,121.1571,valid,False,v2,04,04010,0401014,0401014040
04492,Olinsterg College,Region IV-A,04 - CALABARZON,Quezon,Quezon,Tiaong,Tiaong,Private Non-Sectarian,13.95776,121.3276,valid,False,v2,04,04056,0405648,0405648016
04295,Olivarez College-Tagaytay,Region IV-A,04 - CALABARZON,Cavite,Cavite,Tagaytay City,Tagaytay City,Private Non-Sectarian,14.11123,120.9605,valid,False,v2,04,04021,0402119,0402119035
04487,One Cainta College,Region IV-A,04 - CALABARZON,Rizal,Rizal,Cainta,Cainta,LUC with Institutional Recognition,14.57838,121.1194,valid,False,v2,04,04058,0405805,0405805016
04235,Our Lady of Assumption College of Laguna,Region IV-A,04 - CALABARZON,Laguna,Laguna,San Pedro City,San Pedro City,Private Non-Sectarian,14.34331,121.0397,valid,False,v2,04,04034,0403425,0403425016
04351,Our Lady of Assumption College-Cabuyao,Region IV-A,04 - CALABARZON,Laguna,Laguna,Cabuyao City,Cabuyao City,Private Non-Sectarian,14.23994,121.1487,valid,False,v2,04,04034,0403404,0403404009
04380,Our Lady of Fatima University-Antipolo,Region IV-A,04 - CALABARZON,Rizal,Rizal,Antipolo City,Antipolo City,Private Non-Sectarian,14.61931,121.1519,valid,False,v2,04,04058,0405802,0405802017
04493,Our Lady of Fatima University-Laguna,Region IV-A,04 - CALABARZON,Laguna,Laguna,Sta. Rosa City,Sta. Rosa City,Private Sectarian,14.304,121.103,valid,False,v2,04,04034,0403428,0403428009
04469,Our Lady of La Sallete College Seminary,Region IV-A,04 - CALABARZON,Cavite,Cavite,Silang,Silang,Private Sectarian,14.25066,120.9731,valid,False,v2,04,04021,0402118,0402118056
04070,Our Lady of Lourdes Seminary,Region IV-A,04 - CALABARZON,Batangas,Batangas,Lipa City,Lipa City,Private Sectarian,13.94119,121.1629,valid,False,v2,04,04010,0401014,0401014042
04307,Our Lady of the Most Holy Rosary Seminary,Region IV-A,04 - CALABARZON,Quezon,Quezon,Lucban,Lucban,Private Sectarian,14.07779,121.576,valid,False,v2,04,04056,0405623,0405623023
04354,Oxfordian Colleges,Region IV-A,04 - CALABARZON,Cavite,Cavite,Dasmariñas City,Dasmariñas City,Private Non-Sectarian,14.27773,120.9436,valid,False,v2,04,04021,0402106,0402106005
04333,PNTC Colleges,Region IV-A,04 - CALABARZON,Cavite,Cavite,Dasmariñas City,Dasmariñas City,Private Non-Sectarian,14.32169,120.936,valid,False,v2,04,04021,0402106,0402106018
04081,PTS College and Advanced Studies,Region IV-A,04 - CALABARZON,Cavite,Cavite,Dasmariñas City,Dasmariñas City,Private Sectarian,14.34219,120.9617,valid,False,v2,04,04021,0402106,0402106060
04299,PVVU CDCEC Calamba,Region IV-A,04 - CALABARZON,Laguna,Laguna,Calamba City,Calamba City,Private Non-Sectarian,14.20553,121.1566,valid,False,v2,04,04034,0403405,0403405038
04028,Paete Science and Business College,Region IV-A,04 - CALABARZON,Laguna,Laguna,Paete,Paete,Private Non-Sectarian,14.36294,121.4846,valid,False,v2,04,04034,0403418,0403418007
04305,Pamantasan ng Cabuyao,Region IV-A,04 - CALABARZON,Laguna,Laguna,Cabuyao City,Cabuyao City,LUC with Institutional Recognition,14.25952,121.1313,valid,False,v2,04,04034,0403404,0403404002
04348,Pambayang Kolehiyo ng Mauban,Region IV-A,04 - CALABARZON,Quezon,Quezon,Mauban,Mauban,LUC with Institutional Recognition,14.17352,121.7169,valid,False,v2,04,04056,0405627,0405627024
04448,Paul College of Leadership,Region IV-A,04 - CALABARZON,Rizal,Rizal,Cainta,Cainta,Private Non-Sectarian,14.7556,121.173,valid,False,v2,04,04058,0405808,0405808006
04388,Philippine Best Training Systems Colleges,Region IV-A,04 - CALABARZON,Rizal,Rizal,Binangonan,Binangonan,Private Non-Sectarian,14.48221,121.1937,valid,False,v2,04,04058,0405804,0405804024
04527,Philippine Christian University-Cavite,Region IV-A,04 - CALABARZON,Cavite,Cavite,Dasmariñas,Dasmariñas,Private Sectarian,14.29269,120.9624,valid,False,v2,04,04021,0402106,0402106013
04342,Philippine International College,Region IV-A,04 - CALABARZON,Rizal,Rizal,Antipolo City,Antipolo City,Private Non-Sectarian,14.59878,121.1795,valid,False,v2,04,04058,0405802,0405802007
04170,Philippine Missionary Institute,Region IV-A,04 - CALABARZON,Cavite,Cavite,Silang,Silang,Private Sectarian,14.24614,120.9745,valid,False,v2,04,04021,0402118,0402118007
04189,Philippine National Police Academy,Region IV-A,04 - CALABARZON,Cavite,Cavite,Silang,Silang,Special HEI,14.1986,121.0232,valid,False,v2,04,04021,0402118,0402118045
04080,Philippine Normal University-Lopez,Region IV-A,04 - CALABARZON,Quezon,Quezon,Lopez,Lopez,SUC Satellite,13.8821542752252,122.264242165098,valid,False,v2,04,04056,0405622,0405622007
04511,Philippine Technological Institute of Science Arts and Trade-Central,Region IV-A,04 - CALABARZON,Cavite,Cavite,General Mariano Alvarez,General Mariano Alvarez,Private Non-Sectarian,14.28373,120.9965,valid,False,v2,04,04021,0402118,0402118011
04338,Philippine Women's University-Career Development and Continuing Education Center-Sta. Cruz,Region IV-A,04 - CALABARZON,Laguna,Laguna,Sta. Cruz,Sta. Cruz,Private Non-Sectarian,14.16889,121.2495,valid,False,v2,04,04034,0403411,0403411012
13155q,Polytechnic University of the Philippines-Alfonso,Region IV-A,04 - CALABARZON,Cavite,Cavite,Alfonso,Alfonso,SUC Satellite,14.1100103794757,120.872877723213,valid,False,v2,04,04021,0402101,0402101030
13155k,Polytechnic University of the Philippines-Biñan,Region IV-A,04 - CALABARZON,Laguna,Laguna,Biñan City,Biñan City,SUC Satellite,14.3135531686413,121.078335091,valid,False,v2,04,04034,0403403,0403403026
13155j,Polytechnic University of the Philippines-Calauan,Region IV-A,04 - CALABARZON,Laguna,Laguna,Calauan,Calauan,SUC Satellite,14.1482378815331,121.311860635438,valid,False,v2,04,04034,0403406,0403406010
13155l,"Polytechnic University of the Philippines-General Luna, Quezon",Region IV-A,04 - CALABARZON,Quezon,Quezon,General Luna,General Luna,SUC Satellite,13.6904627258497,122.171461120174,valid,False,v2,04,04056,0405616,0405616009
04084,Polytechnic University of the Philippines-Lopez,Region IV-A,04 - CALABARZON,Quezon,Quezon,Lopez,Lopez,SUC Satellite,13.880877344783,122.259880431577,valid,False,v2,04,04056,0405622,0405622005
04085,Polytechnic University of the Philippines-Maragondon,Region IV-A,04 - CALABARZON,Cavite,Cavite,Maragondon,Maragondon,SUC Satellite,14.2757582782924,120.734037670039,valid,False,v2,04,04021,0402113,0402113024
04165,Polytechnic University of the Philippines-Mulanay,Region IV-A,04 - CALABARZON,Quezon,Quezon,Mulanay,Mulanay,SUC Satellite,13.529730944402,122.392629987432,valid,False,v2,04,04056,0405628,0405628031
13155b,Polytechnic University of the Philippines-San Pedro,Region IV-A,04 - CALABARZON,Laguna,Laguna,San Pedro City,San Pedro City,SUC Satellite,14.3344466259907,121.029319291356,valid,False,v2,04,04034,0403425,0403425018
13155f,Polytechnic University of the Philippines-Sta. Rosa,Region IV-A,04 - CALABARZON,Laguna,Laguna,Sta. Rosa City,Sta. Rosa City,SUC Satellite,14.3135120830974,121.106695735448,valid,False,v2,04,04034,0403428,0403428023
04164,Polytechnic University of the Philippines-Sto. Tomas,Region IV-A,04 - CALABARZON,Batangas,Batangas,Sto. Tomas,Sto. Tomas,SUC Satellite,14.1088262332517,121.143584420016,valid,False,v2,04,04010,0401028,0401028002
04086,Polytechnic University of the Philippines-Unisan,Region IV-A,04 - CALABARZON,Quezon,Quezon,Unisan,Unisan,SUC Satellite,13.8458000826842,121.969176235434,valid,False,v2,04,04056,0405649,0405649011
04297,Power School of Technology,Region IV-A,04 - CALABARZON,Cavite,Cavite,Tanza,Tanza,Private Non-Sectarian,14.38851,120.8453,valid,False,v2,04,04021,0402120,0402120001
04329,QCRS College,Region IV-A,04 - CALABARZON,Quezon,Quezon,Lucena City,Lucena City,Private Non-Sectarian,13.93366,121.6115,valid,False,v2,04,04312,0431200,0431200010
04087,Quezonian Educational College,Region IV-A,04 - CALABARZON,Quezon,Quezon,Atimonan,Atimonan,Private Non-Sectarian,13.9986,121.9235,valid,False,v2,04,04056,0405603,0405603005
04494,Red Link Institute of Science & Technology,Region IV-A,04 - CALABARZON,Laguna,Laguna,CAlamba,CAlamba,Private Non-Sectarian,14.2256,121.136,valid,False,v2,04,04034,0403404,0403404003
04473,Renaissance School of Science and Technology,Region IV-A,04 - CALABARZON,Rizal,Rizal,Morong,Morong,Private Non-Sectarian,14.502,121.233,valid,False,v2,04,04058,0405809,0405809008
04090,Rizal College of Laguna,Region IV-A,04 - CALABARZON,Laguna,Laguna,Calamba City,Calamba City,Private Non-Sectarian,14.21061,121.1541,valid,False,v2,04,04034,0403405,0403405037
04088,Rizal College of Taal,Region IV-A,04 - CALABARZON,Batangas,Batangas,Taal,Taal,Private Non-Sectarian,13.88036,120.9241,valid,False,v2,04,04010,0401029,0401029022
04223,Rogationist College,Region IV-A,04 - CALABARZON,Cavite,Cavite,Silang,Silang,Private Sectarian,14.14901,120.9567,valid,False,v2,04,04021,0402118,0402118020
04477,Royal British College,Region IV-A,04 - CALABARZON,Batangas,Batangas,Lipa City,Lipa City,Private Non-Sectarian,13.96237,121.1697,valid,False,v2,04,04010,0401014,0401014030
04138,STI College Calamba,Region IV-A,04 - CALABARZON,Laguna,Laguna,Calamba City,Calamba City,Private Non-Sectarian,14.20264,121.1587,valid,False,v2,04,04034,0403405,0403405038
04153,STI College Carmona,Region IV-A,04 - CALABARZON,Cavite,Cavite,Carmona,Carmona,Private Non-Sectarian,14.32344,121.063,valid,False,v2,04,04021,0402104,0402104010
04161,STI College Ortigas-Cainta,Region IV-A,04 - CALABARZON,Rizal,Rizal,Cainta,Cainta,Private Non-Sectarian,14.58227,121.1234,valid,False,v2,04,04058,0405805,0405805019
04286,STI College Santa Rosa,Region IV-A,04 - CALABARZON,Laguna,Laguna,Sta. Rosa City,Sta. Rosa City,Private Non-Sectarian,14.29511,121.1012,valid,False,v2,04,04034,0403428,0403428002
04146,STI College-Bacoor,Region IV-A,04 - CALABARZON,Cavite,Cavite,Bacoor City,Bacoor City,Private Non-Sectarian,14.44565,120.9497,valid,False,v2,04,04021,0402103,0402103034
04285,STI College-Balayan,Region IV-A,04 - CALABARZON,Batangas,Batangas,Balayan,Balayan,Private Non-Sectarian,13.94546,120.7305,valid,False,v2,04,04010,0401003,0401003018
04147,STI College-Batangas,Region IV-A,04 - CALABARZON,Batangas,Batangas,Batangas City,Batangas City,Private Non-Sectarian,13.77094,121.0647,valid,False,v2,04,04010,0401005,0401005035
04326,STI College-Dasmariñas,Region IV-A,04 - CALABARZON,Cavite,Cavite,Dasmariñas City,Dasmariñas City,Private Non-Sectarian,14.3308,120.939,valid,False,v2,04,04021,0402106,0402106016
04149,STI College-Lipa,Region IV-A,04 - CALABARZON,Batangas,Batangas,Lipa City,Lipa City,Private Sectarian,13.9418,121.164,valid,False,v2,04,04010,0401014,0401014050
04135,STI College-Lucena,Region IV-A,04 - CALABARZON,Quezon,Quezon,Lucena City,Lucena City,Private Non-Sectarian,13.9298,121.6102,valid,False,v2,04,04312,0431200,0431200011
04278,STI College-Rosario,Region IV-A,04 - CALABARZON,Cavite,Cavite,Rosario,Rosario,Private Non-Sectarian,14.40811,120.859,valid,False,v2,04,04021,0402117,0402117010
04137,STI College-San Pablo,Region IV-A,04 - CALABARZON,Laguna,Laguna,San Pablo City,San Pablo City,Private Non-Sectarian,14.0694,121.323,valid,False,v2,04,04034,0403424,0403424030
04148,STI College-Sta. Cruz,Region IV-A,04 - CALABARZON,Laguna,Laguna,Sta. Cruz,Sta. Cruz,Private Non-Sectarian,14.27846,121.4159,valid,False,v2,04,04034,0403426,0403426015
04397,STI College-Tagaytay,Region IV-A,04 - CALABARZON,Cavite,Cavite,Tagaytay City,Tagaytay City,Private Non-Sectarian,14.11616,120.962,valid,False,v2,04,04021,0402119,0402119018
04336,STI College-Tanauan,Region IV-A,04 - CALABARZON,Batangas,Batangas,Tanauan City,Tanauan City,Private Sectarian,14.08385,121.145,valid,False,v2,04,04010,0401031,0401031037
04381,STI College-Tanay,Region IV-A,04 - CALABARZON,Rizal,Rizal,Tanay,Tanay,Private Non-Sectarian,14.5038,121.292,valid,False,v2,04,04058,0405812,0405812018
04097,Sacred Heart College,Region IV-A,04 - CALABARZON,Quezon,Quezon,Lucena City,Lucena City,Private Sectarian,13.93992,121.6125,valid,False,v2,04,04312,0431200,0431200002
04498,Saint Benilde International School-Calamba,Region IV-A,04 - CALABARZON,Laguna,Laguna,City of Calamba,City of Calamba,Private Non-Sectarian,14.19863,121.1496,valid,False,v2,04,04034,0403405,0403405049
04257,Saint Francis Institute of Computer Studies,Region IV-A,04 - CALABARZON,Laguna,Laguna,San Pedro City,San Pedro City,Private Non-Sectarian,14.36025,121.0582,valid,False,v2,04,04034,0403425,0403425010
04294,Saint Francis of Assisi College-Cavite,Region IV-A,04 - CALABARZON,Cavite,Cavite,Bacoor City,Bacoor City,Private Non-Sectarian,14.4257,120.977,valid,False,v2,04,04021,0402103,0402103065
04466,Saint Joseph College of Rosario Batangas,Region IV-A,04 - CALABARZON,Batangas,Batangas,Rosario,Rosario,Private Non-Sectarian,13.84166,121.2038,valid,False,v2,04,04010,0401021,0401021035
04106,Saint Michael's College of Laguna,Region IV-A,04 - CALABARZON,Laguna,Laguna,Biñan City,Biñan City,Private Non-Sectarian,14.32707,121.0872,valid,False,v2,04,04034,0403403,0403403019
04107,Saint Paul Seminary,Region IV-A,04 - CALABARZON,Cavite,Cavite,Silang,Silang,Private Sectarian,14.19144,120.9658,valid,False,v2,04,04021,0402118,0402118019
04495,Saint Peter's School (Calauag),Region IV-A,04 - CALABARZON,Quezon,Quezon,Calauag,Calauag,Private Sectarian,13.95708,122.2854,valid,False,v2,04,04056,0405607,0405607013
04143,Saints John and Paul Educational Foundation,Region IV-A,04 - CALABARZON,Laguna,Laguna,Calamba City,Calamba City,Private Non-Sectarian,14.19806,121.1621,valid,False,v2,04,04034,0403405,0403405020
04512,Samuel Christian College of General Trias,Region IV-A,04 - CALABARZON,Cavite,Cavite,General Trias City,General Trias City,Private Non-Sectarian,14.38009,120.8888,valid,False,v2,04,04021,0402108,0402108016
04109,San Antonio de Padua College,Region IV-A,04 - CALABARZON,Laguna,Laguna,Pila,Pila,Private Non-Sectarian,14.22491,121.3616,valid,False,v2,04,04034,0403422,0403422017
04533,San Francisco Municipal College,Region IV-A,04 - CALABARZON,Quezon,Quezon,San Francisco,San Francisco,LUC,13.34702,122.5181,valid,False,v2,04,04056,0405642,0405642012
04111,San Ildefonso College,Region IV-A,04 - CALABARZON,Rizal,Rizal,Tanay,Tanay,Private Sectarian,14.49887,121.2826,valid,False,v2,04,04058,0405812,0405812005
04387,San Mateo Municipal College,Region IV-A,04 - CALABARZON,Rizal,Rizal,San Mateo,San Mateo,LUC with Institutional Recognition,14.69682,121.1183,valid,False,v2,04,04058,0405811,0405811005
04114,San Pablo Colleges,Region IV-A,04 - CALABARZON,Laguna,Laguna,San Pablo City,San Pablo City,Private Non-Sectarian,14.0677,121.319,valid,False,v2,04,04034,0403424,0403424001
04115,San Pedro College of Business Administration,Region IV-A,04 - CALABARZON,Laguna,Laguna,San Pedro City,San Pedro City,Private Non-Sectarian,14.35438,121.0616,valid,False,v2,04,04034,0403425,0403425010
04357,San Sebastian College Recoletos-Canlubang,Region IV-A,04 - CALABARZON,Laguna,Laguna,Calamba City,Calamba City,Private Sectarian,14.20661,121.044,valid,False,v2,04,04034,0403404,0403404006
04116,San Sebastian College-Recoletos de Cavite,Region IV-A,04 - CALABARZON,Cavite,Cavite,Cavite City,Cavite City,Private Sectarian,14.47154,120.8879,valid,False,v2,04,04021,0402105,0402105005
04478,Sapphire International Aviation Academy,Region IV-A,04 - CALABARZON,Batangas,Batangas,Tanauan City,Tanauan City,Private Non-Sectarian,14.0961,121.1147,valid,False,v2,04,04010,0401031,0401031043
04119,Siena College of Taytay,Region IV-A,04 - CALABARZON,Rizal,Rizal,Taytay,Taytay,Private Sectarian,14.57774,121.1324,valid,False,v2,04,04058,0405813,0405813003
04352,Skill Power Institute,Region IV-A,04 - CALABARZON,Rizal,Rizal,Antipolo City,Antipolo City,Private Non-Sectarian,14.5749,121.174,valid,False,v2,04,04058,0405802,0405802009
04424,South Forbes City College,Region IV-A,04 - CALABARZON,Cavite,Cavite,Silang,Silang,Private Non-Sectarian,14.24196,121.0436,valid,False,v2,04,04021,0402118,0402118016
04479,Southbay Montessori School and Colleges,Region IV-A,04 - CALABARZON,Laguna,Laguna,Sta. Cruz,Sta. Cruz,Private Non-Sectarian,14.2645,121.4253,valid,False,v2,04,04034,0403426,0403426011
04324,"Southdale International School of Science, Arts and Techology",Region IV-A,04 - CALABARZON,Cavite,Cavite,Imus City,Imus City,Private Non-Sectarian,14.42276,120.9234,valid,False,v2,04,04021,0402109,0402109054
04120,Southeast Asia Interdisciplinary Development Institute,Region IV-A,04 - CALABARZON,Rizal,Rizal,Antipolo City,Antipolo City,Private Non-Sectarian,14.59639,121.1538,valid,False,v2,04,04058,0405802,0405802003
04486,"Southern Luzon College of Business, Maritime, Science and Technology",Region IV-A,04 - CALABARZON,Cavite,Cavite,Dasmariñas City,Dasmariñas City,Private Non-Sectarian,14.32786,120.9501,valid,False,v2,04,04021,0402106,0402106003
04121,Southern Luzon State University,Region IV-A,04 - CALABARZON,Quezon,Quezon,Lucban,Lucban,SUC Main,14.1126629800357,121.561162961824,valid,False,v2,04,04056,0405623,0405623020
04228,Southern Luzon State University-Alabat,Region IV-A,04 - CALABARZON,Quezon,Quezon,Alabat,Alabat,SUC Satellite,14.0996330999481,122.012781082833,valid,False,v2,04,04056,0405602,0405602013
04430,Southern Luzon State University-Catanauan,Region IV-A,04 - CALABARZON,Quezon,Quezon,Catanauan,Catanauan,SUC Satellite,13.5681731490213,122.342930334559,valid,False,v2,04,04056,0405610,0405610032
04391,Southern Luzon State University-Gumaca Campus,Region IV-A,04 - CALABARZON,Quezon,Quezon,Gumaca,Gumaca,SUC Satellite,13.9229742750465,122.101093724823,valid,False,v2,04,04056,0405619,0405619047
04224,Southern Luzon State University-Infanta,Region IV-A,04 - CALABARZON,Quezon,Quezon,Infanta,Infanta,SUC Satellite,14.7135023688965,121.621087857738,valid,False,v2,04,04056,0405620,0405620035
04229,Southern Luzon State University-Lucena,Region IV-A,04 - CALABARZON,Quezon,Quezon,Lucena City,Lucena City,SUC Satellite,13.9489022656524,121.628937694267,valid,False,v2,04,04312,0431200,0431200020
04230,Southern Luzon State University-Polilio,Region IV-A,04 - CALABARZON,Quezon,Quezon,Polillo,Polillo,SUC Satellite,14.7216688753099,121.938255424271,valid,False,v2,04,04056,0405636,0405636018
04198,Southern Luzon State University-Tagkawayan,Region IV-A,04 - CALABARZON,Quezon,Quezon,Tagkawayan,Tagkawayan,SUC Satellite,13.9572175135789,122.543502130441,valid,False,v2,04,04056,0405646,0405646030
04518,Southern Luzon State University-Tayabas,Region IV-A,04 - CALABARZON,Quezon,Quezon,Tayabas City,Tayabas City,SUC Satellite,14.0449648457511,121.664938317509,valid,False,v2,04,04056,0405647,0405647023
04371,Southern Luzon State University-Tiaong Campus,Region IV-A,04 - CALABARZON,Quezon,Quezon,Tiaong,Tiaong,SUC Satellite,13.9467522577218,121.369093457182,valid,False,v2,04,04056,0405648,0405648028
04237,Southern Philippines Institute of Science and Technology,Region IV-A,04 - CALABARZON,Cavite,Cavite,Imus City,Imus City,Private Non-Sectarian,14.3875,120.939,valid,False,v2,04,04021,0402109,0402109004
04186,St. Alphonsus School of Theology,Region IV-A,04 - CALABARZON,Quezon,Quezon,Lucena City,Lucena City,Private Sectarian,13.94494,121.5893,valid,False,v2,04,04312,0431200,0431200026
04099,St. Anne College Lucena,Region IV-A,04 - CALABARZON,Quezon,Quezon,Lucena City,Lucena City,Private Non-Sectarian,13.9622,121.613,valid,False,v2,04,04312,0431200,0431200017
04458,St. Augustine School of Nursing - Lucena,Region IV-A,04 - CALABARZON,Quezon,Quezon,Lucena City,Lucena City,Private Non-Sectarian,13.9366,121.6113,valid,False,v2,04,04312,0431200,0431200008
04447,St. Augustine School of Nursing-Lipa,Region IV-A,04 - CALABARZON,Batangas,Batangas,Lipa City,Lipa City,Private Non-Sectarian,13.75721,121.0555,valid,False,v2,04,04010,0401005,0401005069
04101,St. Bridget College,Region IV-A,04 - CALABARZON,Batangas,Batangas,Batangas City,Batangas City,Private Sectarian,13.74472,121.058,valid,False,v2,04,04010,0401005,0401005044
04296,St. Dominic College of Asia,Region IV-A,04 - CALABARZON,Cavite,Cavite,Bacoor City,Bacoor City,Private Non-Sectarian,14.45874,120.9577,valid,False,v2,04,04021,0402103,0402103090
04102,St. Francis de Sales Major Seminary,Region IV-A,04 - CALABARZON,Batangas,Batangas,Lipa City,Lipa City,Private Sectarian,13.97281,121.1657,valid,False,v2,04,04010,0401014,0401014030
04331,St. Francis de Sales Theological Seminary,Region IV-A,04 - CALABARZON,Batangas,Batangas,Lipa City,Lipa City,Private Sectarian,13.97246,121.1614,valid,False,v2,04,04010,0401014,0401014030
04480,St. Ignatius Technical Institute of Business and Arts,Region IV-A,04 - CALABARZON,Laguna,Laguna,Sta. Rosa City,Sta. Rosa City,Private Non-Sectarian,14.29631,121.1055,valid,False,v2,04,04034,0403428,0403428002
04520,St. Ignatius Technical Institute of Business and Arts-Biñan,Region IV-A,04 - CALABARZON,Laguna,Laguna,Biñan City,Biñan City,Private Non-Sectarian,14.24997,121.1294,valid,False,v2,04,04034,0403404,0403404002
04499,St. Ignatius Technical Institute of Business and Arts-Cabuyao,Region IV-A,04 - CALABARZON,Laguna,Laguna,Cabuyao,Cabuyao,Private Non-Sectarian,14.24997,121.1294,valid,False,v2,04,04034,0403404,0403404002
04504,St. John Bosco College of Tayabas,Region IV-A,04 - CALABARZON,Quezon,Quezon,Tayabas City,Tayabas City,Private Non-Sectarian,14.01483,121.6075,valid,False,v2,04,04056,0405647,0405647066
04225,St. John Colleges,Region IV-A,04 - CALABARZON,Laguna,Laguna,Calamba City,Calamba City,Private Non-Sectarian,14.1942,121.148,valid,False,v2,04,04034,0403405,0403405049
04104,St. Joseph College of Cavite,Region IV-A,04 - CALABARZON,Cavite,Cavite,Cavite City,Cavite City,Private Sectarian,14.47979,120.8987,valid,False,v2,04,04021,0402105,0402105053
04389,St. Joseph's College of Rodriguez,Region IV-A,04 - CALABARZON,Rizal,Rizal,Rodriguez,Rodriguez,Private Sectarian,14.73442,121.1591,valid,False,v2,04,04058,0405808,0405808011
04254,St. Jude College Dasmarifias Cavite,Region IV-A,04 - CALABARZON,Cavite,Cavite,Dasmariñas City,Dasmariñas City,Private Non-Sectarian,14.34267,120.9626,valid,False,v2,04,04021,0402106,0402106060
04105,St. Louis Anne Colleges of San Pedro,Region IV-A,04 - CALABARZON,Laguna,Laguna,San Pedro City,San Pedro City,Private Non-Sectarian,14.35468,121.0612,valid,False,v2,04,04034,0403425,0403425010
04435,St. Mary Magdalene Colleges of Laguna,Region IV-A,04 - CALABARZON,Laguna,Laguna,Calamba City,Calamba City,Private Non-Sectarian,14.23144,121.1716,valid,False,v2,04,04034,0403405,0403405060
04239,St. Matthew College,Region IV-A,04 - CALABARZON,Rizal,Rizal,San Mateo,San Mateo,Private Non-Sectarian,14.68794,121.1163,valid,False,v2,04,04058,0405811,0405811010
04513,St. Peregrine Institute,Region IV-A,04 - CALABARZON,Cavite,Cavite,Bacoor,Bacoor,Private Non-Sectarian,14.45476,120.9298,valid,False,v2,04,04021,0402103,0402103089
04108,St. Peter's College Seminary,Region IV-A,04 - CALABARZON,Laguna,Laguna,San Pablo City,San Pablo City,Private Sectarian,14.07384,121.332,valid,False,v2,,,,
04500,St. Therese College of Arts and Sciences,Region IV-A,04 - CALABARZON,Laguna,Laguna,PILA,PILA,Private Non-Sectarian,14.23293,121.3649,valid,False,v2,04,04034,0403422,0403422005
04379,St. Vincent College of Cabuyao,Region IV-A,04 - CALABARZON,Laguna,Laguna,Cabuyao City,Cabuyao City,Private Non-Sectarian,14.23291,121.1485,valid,False,v2,04,04034,0403404,0403404009
04144,Sta. Teresa College,Region IV-A,04 - CALABARZON,Batangas,Batangas,Bauan,Bauan,Private Sectarian,13.78955,121.0049,valid,False,v2,04,04010,0401006,0401006008
04378,Sumulong College of Arts & Sciences (SCAS),Region IV-A,04 - CALABARZON,Rizal,Rizal,Antipolo City,Antipolo City,Private Non-Sectarian,14.57556,121.1777,valid,False,v2,04,04058,0405802,0405802013
04475,Tanauan City College,Region IV-A,04 - CALABARZON,Batangas,Batangas,Tanauan City,Tanauan City,LUC with Institutional Recognition,14.08774,121.1425,valid,False,v2,04,04010,0401031,0401031048
04123,Tanauan Institute,Region IV-A,04 - CALABARZON,Batangas,Batangas,Tanauan City,Tanauan City,Private Non-Sectarian,14.0909,121.142,valid,False,v2,04,04010,0401031,0401031017
04124,Tayabas Western Academy,Region IV-A,04 - CALABARZON,Quezon,Quezon,Candelaria,Candelaria,Private Non-Sectarian,13.92972,121.4144,valid,False,v2,04,04056,0405608,0405608016
04126,Technological University of the Philippines-Cavite,Region IV-A,04 - CALABARZON,Cavite,Cavite,Dasmariñas City,Dasmariñas City,SUC Satellite,14.3450664389036,120.966101213982,valid,False,v2,04,04021,0402106,0402106011
04344,Teodoro M. Luansing College of Rosario,Region IV-A,04 - CALABARZON,Batangas,Batangas,Rosario,Rosario,Private Non-Sectarian,13.84461,121.2002,valid,False,v2,04,04010,0401021,0401021026
04425,The Bearer of Light and Wisdom Colleges,Region IV-A,04 - CALABARZON,Cavite,Cavite,Bacoor City,Bacoor City,Private Non-Sectarian,14.41884,120.9749,valid,False,v2,04,04021,0402103,0402103014
04125,Tomas Claudio Colleges,Region IV-A,04 - CALABARZON,Rizal,Rizal,Morong,Morong,Private Non-Sectarian,14.2521,121.236,valid,False,v2,,,,
04150,Trace College,Region IV-A,04 - CALABARZON,Laguna,Laguna,Los Baños,Los Baños,Private Non-Sectarian,14.17721,121.2373,valid,False,v2,04,04034,0403411,0403411001
04390,Trece Martires City College,Region IV-A,04 - CALABARZON,Cavite,Cavite,Trece Martires City,Trece Martires City,LUC with Institutional Recognition,14.2742,120.872,valid,False,v2,04,04021,0402122,0402122015
04521,Trent Information First Technical Career Insitute,Region IV-A,04 - CALABARZON,Rizal,Rizal,Taytay,Taytay,Private Non-Sectarian,14.55138,121.14,valid,False,v2,04,04058,0405813,0405813004
04405,Trimex Colleges,Region IV-A,04 - CALABARZON,Laguna,Laguna,Biñan City,Biñan City,Private Non-Sectarian,14.3388,121.078,valid,False,v2,04,04034,0403403,0403403004
04127,Unciano Colleges,Region IV-A,04 - CALABARZON,Rizal,Rizal,Antipolo City,Antipolo City,Private Non-Sectarian,14.57991,121.1695,valid,False,v2,04,04058,0405802,0405802009
04279,Unida Christian Colleges,Region IV-A,04 - CALABARZON,Cavite,Cavite,Imus City,Imus City,Private Non-Sectarian,14.38851,120.9387,valid,False,v2,04,04021,0402109,0402109031
04128,Union College of Laguna,Region IV-A,04 - CALABARZON,Laguna,Laguna,Sta. Cruz,Sta. Cruz,Private Non-Sectarian,14.2846,121.415,valid,False,v2,04,04034,0403426,0403426017
04131,University of Batangas,Region IV-A,04 - CALABARZON,Batangas,Batangas,Batangas City,Batangas City,Private Non-Sectarian,13.7638,121.059,valid,False,v2,04,04010,0401005,0401005034
04426,University of Batangas-Lipa,Region IV-A,04 - CALABARZON,Batangas,Batangas,Lipa City,Lipa City,Private Non-Sectarian,13.96917,121.1568,valid,False,v2,04,04010,0401014,0401014009
04182,University of Perpetual Help System Dalta-Calamba,Region IV-A,04 - CALABARZON,Laguna,Laguna,Calamba City,Calamba City,Private Non-Sectarian,14.216,121.136,valid,False,v2,04,04034,0403405,0403405033
04136,University of Perpetual Help System Dalta-Molino,Region IV-A,04 - CALABARZON,Cavite,Cavite,Bacoor City,Bacoor City,Private Non-Sectarian,14.3956,120.936,valid,False,v2,04,04021,0402109,0402109029
04077,University of Perpetual Help System-Dr. Jose G. Tamayo Medical University,Region IV-A,04 - CALABARZON,Laguna,Laguna,Biñan City,Biñan City,Private Non-Sectarian,14.33061,121.0854,valid,False,v2,04,04034,0403403,0403403018
04169,University of Perpetual Help System-GMA,Region IV-A,04 - CALABARZON,Cavite,Cavite,General Mariano Alvarez,General Mariano Alvarez,Private Non-Sectarian,14.28626,121.0025,valid,False,v2,04,04021,0402123,0402123024
04076,University of Perpetual Help System-Laguna,Region IV-A,04 - CALABARZON,Laguna,Laguna,Biñan City,Biñan City,Private Non-Sectarian,14.33114,121.0854,valid,False,v2,04,04034,0403403,0403403018
04220,University of Rizal System-Angono,Region IV-A,04 - CALABARZON,Rizal,Rizal,Angono,Angono,SUC Satellite,14.5263375995016,121.152266706008,valid,False,v2,04,04058,0405801,0405801009
04289,University of Rizal System-Antipolo,Region IV-A,04 - CALABARZON,Rizal,Rizal,Antipolo City,Antipolo City,SUC Satellite,14.5713985562288,121.171386950913,valid,False,v2,04,04058,0405802,0405802009
04244,University of Rizal System-Binangonan,Region IV-A,04 - CALABARZON,Rizal,Rizal,Binangonan,Binangonan,SUC Satellite,14.4831370300777,121.187570059529,valid,False,v2,04,04058,0405804,0405804007
04287,University of Rizal System-Cainta,Region IV-A,04 - CALABARZON,Rizal,Rizal,Cainta,Cainta,SUC Satellite,14.605921284842,121.106271947746,valid,False,v2,04,04058,0405805,0405805015
04288,University of Rizal System-Cardona,Region IV-A,04 - CALABARZON,Rizal,Rizal,Cardona,Cardona,SUC Satellite,14.4754774241875,121.230454145831,valid,False,v2,04,04058,0405806,0405806014
04091,University of Rizal System-Morong,Region IV-A,04 - CALABARZON,Rizal,Rizal,Morong,Morong,SUC Satellite,14.5175745193708,121.23485876671,valid,False,v2,04,04058,0405809,0405809007
04221,University of Rizal System-Pililia,Region IV-A,04 - CALABARZON,Rizal,Rizal,Pililia,Pililia,SUC Satellite,14.4775859472188,121.31737500683,valid,False,v2,04,04058,0405810,0405810001
04222,University of Rizal System-Rodriguez,Region IV-A,04 - CALABARZON,Rizal,Rizal,Rodriguez,Rodriguez,SUC Satellite,14.7495166736188,121.12740366964,valid,False,v2,04,04058,0405808,0405808010
04089,University of Rizal System-Tanay,Region IV-A,04 - CALABARZON,Rizal,Rizal,Tanay,Tanay,SUC Main,14.5797167131913,121.331001170166,valid,False,v2,04,04058,0405812,0405812002
04370,University of Rizal System-Taytay,Region IV-A,04 - CALABARZON,Rizal,Rizal,Taytay,Taytay,SUC Satellite,14.547743822387,121.12457008236,valid,False,v2,04,04058,0405813,0405813004
04129,University of the Philippines-Los Baños,Region IV-A,04 - CALABARZON,Laguna,Laguna,Los Baños,Los Baños,SUC Satellite,14.1651276204523,121.240150636792,valid,False,v2,04,04034,0403411,0403411004
04134,University of the Philippines-Open University,Region IV-A,04 - CALABARZON,Laguna,Laguna,Los Baños,Los Baños,SUC Satellite,14.1758096375387,121.262073702713,valid,False,v2,04,04034,0403411,0403411008
04501,Victory Elijah Christian College,Region IV-A,04 - CALABARZON,Rizal,Rizal,ANTIPOLO CITY,ANTIPOLO CITY,Private Non-Sectarian,14.61883,121.1058,valid,False,v2,04,04058,0405805,0405805015
04427,West Point College-Magallanes,Region IV-A,04 - CALABARZON,Cavite,Cavite,Magallanes,Magallanes,Private Non-Sectarian,14.13926,120.7907,valid,False,v2,04,04021,0402112,0402112004
04482,Westbridge Institute of Technology,Region IV-A,04 - CALABARZON,Laguna,Laguna,Cabuyao City,Cabuyao City,Private Non-Sectarian,14.237,121.131,valid,False,v2,04,04034,0403404,0403404015
04534,Westbridge Institute of Technology-San Mateo,Region IV-A,04 - CALABARZON,Rizal,Rizal,San Mateo,San Mateo,Private Non-Sectarian,14.695,121.1106,valid,False,v2,13,13813,1381300,1381300010
04130,Western Colleges,Region IV-A,04 - CALABARZON,Cavite,Cavite,Naic,Naic,Private Non-Sectarian,14.31819,121.0,valid,False,v2,04,04021,0402106,0402106056
04360,Westmead International School,Region IV-A,04 - CALABARZON,Batangas,Batangas,Batangas City,Batangas City,Private Non-Sectarian,13.78539,121.0758,valid,False,v2,04,04010,0401005,0401005001
04240,World Citi Colleges-Antipolo City,Region IV-A,04 - CALABARZON,Rizal,Rizal,Antipolo City,Antipolo City,Private Non-Sectarian,14.58275,121.1758,valid,False,v2,04,04058,0405802,0405802009
04428,Young Ji College,Region IV-A,04 - CALABARZON,Cavite,Cavite,General Trias,General Trias,Private Non-Sectarian,14.30891,120.92,valid,False,v2,04,04021,0402108,0402108023
09076,Aim High College,Region IX,09 - Zamboanga Peninsula,Zamboanga Sibugay,Zamboanga Sibugay,Ipil,Ipil,Private Non-Sectarian,7.71012489376544,122.522522461096,valid,False,v2,09,09083,0908305,0908305003
09089,Alhadeetha Mindanao College,Region IX,09 - Zamboanga Peninsula,Zamboanga Del Sur,Zamboanga Del Sur,Labangan,Labangan,Private Non-Sectarian,7.85933160691771,123.498401709855,valid,False,v2,09,09073,0907312,0907312009
09001,Andres Bonifacio College,Region IX,09 - Zamboanga Peninsula,Zamboanga Del Norte,Zamboanga Del Norte,Dipolog City,Dipolog City,Private Non-Sectarian,8.58140766428817,123.340500024994,valid,False,v2,09,09072,0907202,0907202013
09002,Ateneo de Zamboanga University,Region IX,09 - Zamboanga Peninsula,Zamboanga Del Sur,Zamboanga Del Sur,Zamboanga City,Zamboanga City,Private Sectarian,6.91020632663075,122.075172376364,valid,False,v2,09,09317,0931700,0931700064
09046,Aurora Pioneers Memorial College,Region IX,09 - Zamboanga Peninsula,Zamboanga Del Sur,Zamboanga Del Sur,Aurora,Aurora,Private Non-Sectarian,7.94611725318322,123.586205636875,valid,False,v2,09,09073,0907302,0907302042
09077,Ave Maria College,Region IX,09 - Zamboanga Peninsula,Zamboanga Del Norte,Zamboanga Del Norte,Liloy,Liloy,Private Non-Sectarian,8.11057023514218,122.667093096758,valid,False,v2,09,09072,0907206,0907206010
09003,Basilan State College,Region IX,09 - Zamboanga Peninsula,Basilan,Basilan,Isabela City,Isabela City,SUC Main,6.692746595,121.9607018,valid,False,v2,09,09901,0990101,0990101047
09016,Blancia College Foundation,Region IX,09 - Zamboanga Peninsula,Zamboanga Del Sur,Zamboanga Del Sur,Molave,Molave,Private Non-Sectarian,8.09408032218103,123.492381768344,valid,False,v2,09,09073,0907319,0907319029
09004,Brent Hospital and Colleges,Region IX,09 - Zamboanga Peninsula,Zamboanga Del Sur,Zamboanga Del Sur,Zamboanga City,Zamboanga City,Private Sectarian,6.90845552107592,122.06830198702,valid,False,v2,09,09317,0931700,0931700077
09005,Claret College of Isabela,Region IX,09 - Zamboanga Peninsula,Basilan,Basilan,Isabela City,Isabela City,Private Non-Sectarian,6.70604816062178,121.974833053796,valid,False,v2,09,09901,0990101,0990101044
09098,Colegio de La Ciudad de Zamboanga,Region IX,09 - Zamboanga Peninsula,Zamboanga Del Sur,Zamboanga Del Sur,Zamboanga City,Zamboanga City,LUC with Institutional Recognition,6.96350850954706,121.947116759174,valid,False,v2,09,09317,0931700,0931700002
09056,Colegio de San Francisco Javier of Rizal Zamboanga del Norte,Region IX,09 - Zamboanga Peninsula,Zamboanga Del Norte,Zamboanga Del Norte,Rizal,Rizal,Private Non-Sectarian,8.52582777318148,123.552031740714,valid,False,v2,09,09072,0907212,0907212014
09058,Computer Technologies Institute of Zamboanga City,Region IX,09 - Zamboanga Peninsula,Zamboanga Del Sur,Zamboanga Del Sur,Zamboanga City,Zamboanga City,Private Non-Sectarian,6.93393,122.075,valid,False,v2,09,09317,0931700,0931700094
09006,DMC College Foundation,Region IX,09 - Zamboanga Peninsula,Zamboanga Del Norte,Zamboanga Del Norte,Dipolog City,Dipolog City,Private Non-Sectarian,8.57217183474623,123.346256172422,valid,False,v2,09,09072,0907202,0907202017
09047,Dipolog City Institute of Technology,Region IX,09 - Zamboanga Peninsula,Zamboanga Del Norte,Zamboanga Del Norte,Dipolog City,Dipolog City,Private Non-Sectarian,8.59291388253623,123.34941386407,valid,False,v2,09,09072,0907202,0907202007
09008,Dr. Aurelio Mendoza Memorial Colleges,Region IX,09 - Zamboanga Peninsula,Zamboanga Sibugay,Zamboanga Sibugay,Ipil,Ipil,Private Non-Sectarian,7.77909589753799,122.587867605471,valid,False,v2,09,09083,0908305,0908305023
09061,Eastern Mindanao College of Technology,Region IX,09 - Zamboanga Peninsula,Zamboanga Del Sur,Zamboanga Del Sur,Pagadian City,Pagadian City,Private Non-Sectarian,7.83005756196699,123.433881120297,valid,False,v2,09,09073,0907322,0907322040
09049,Ebenezer Bible College and Seminary,Region IX,09 - Zamboanga Peninsula,Zamboanga Del Sur,Zamboanga Del Sur,Zamboanga City,Zamboanga City,Private Sectarian,6.92390396075173,122.024528245162,valid,False,v2,09,09317,0931700,0931700019
09102,Emmauss College of Theology Foundation,Region IX,09 - Zamboanga Peninsula,Zamboanga Del Sur,Zamboanga Del Sur,Zamboanga City,Zamboanga City,Private Sectarian,6.94123210847632,121.994768835283,valid,False,v2,09,09317,0931700,0931700080
09100,Ferndale College – Zamboanga Peninsula,Region IX,09 - Zamboanga Peninsula,Zamboanga Del Sur,Zamboanga Del Sur,Poblacion,Poblacion,Private Non-Sectarian,6.91613794257993,122.080234810811,valid,False,v2,09,09317,0931700,0931700087
09059,HMIJ Foundation Philippine Islamic College,Region IX,09 - Zamboanga Peninsula,Zamboanga Del Sur,Zamboanga Del Sur,Zamboanga City,Zamboanga City,Private Non-Sectarian,6.91158580431671,122.067401032656,valid,False,v2,09,09317,0931700,0931700077
09106,Helping Hands College and Wellness Center,Region IX,09 - Zamboanga Peninsula,Zamboanga Del Norte,Zamboanga Del Norte,Leon B. Postigo,Leon B. Postigo,Private Sectarian,8.05022150661077,122.996535936927,valid,False,v2,09,09072,0907218,0907218029
09079,Hyrons College Philippines,Region IX,09 - Zamboanga Peninsula,Zamboanga Del Sur,Zamboanga Del Sur,Tukuran,Tukuran,Private Non-Sectarian,7.85025231019874,123.580176198074,valid,False,v2,09,09073,0907330,0907330023
09009,Immaculate Conception Archdiocesan School,Region IX,09 - Zamboanga Peninsula,Zamboanga Del Sur,Zamboanga Del Sur,Zamboanga City,Zamboanga City,Private Sectarian,6.91830648965465,122.092106760674,valid,False,v2,09,09317,0931700,0931700087
09048,Jose Rizal Memorial State University - Main,Region IX,09 - Zamboanga Peninsula,Zamboanga Del Norte,Zamboanga Del Norte,Dapitan City,Dapitan City,SUC Main,8.656055455,123.4226,valid,False,v2,09,09072,0907201,0907201055
09053,Jose Rizal Memorial State University-Dipolog,Region IX,09 - Zamboanga Peninsula,Zamboanga Del Norte,Zamboanga Del Norte,Dipolog City,Dipolog City,SUC Satellite,8.583304041,123.35,valid,False,v2,09,09072,0907202,0907202020
09012,Jose Rizal Memorial State University-Katipunan Campus,Region IX,09 - Zamboanga Peninsula,Zamboanga Del Norte,Zamboanga Del Norte,Dapitan City,Dapitan City,SUC Satellite,8.509270506,123.2861,valid,False,v2,09,09072,0907203,0907203017
09054,Jose Rizal Memorial State University-Siocon,Region IX,09 - Zamboanga Peninsula,Zamboanga Del Norte,Zamboanga Del Norte,Siocon,Siocon,SUC Satellite,7.705556416,122.1414,valid,False,v2,09,09072,0907219,0907219028
09081,Jose Rizal Memorial State University-Tampilisan,Region IX,09 - Zamboanga Peninsula,Zamboanga Del Norte,Zamboanga Del Norte,Dapitan City,Dapitan City,SUC Satellite,7.947826167,122.6532,valid,False,v2,09,09072,0907221,0907221020
09036,Josefina H. Cerilles State College,Region IX,09 - Zamboanga Peninsula,Zamboanga Del Sur,Zamboanga Del Sur,San Miguel,San Miguel,SUC Main,7.708627965,123.2924,valid,False,v2,09,09073,0907324,0907324017
09036q,Josefina H. Cerilles State College - Dumingag,Region IX,09 - Zamboanga Peninsula,Zamboanga Del Sur,Zamboanga Del Sur,Dumingag,Dumingag,SUC Satellite,8.154466381,123.3527,valid,False,v2,09,09073,0907308,0907308005
09051,Josefina H. Cerilles State College-Canuto M.S. Enerio College of Arts and Trades,Region IX,09 - Zamboanga Peninsula,Zamboanga Del Sur,Zamboanga Del Sur,Lakewood,Lakewood,SUC Satellite,7.850366769,123.1856,valid,False,v2,09,09073,0907333,0907333003
09010,Juan S. Alano Memorial School,Region IX,09 - Zamboanga Peninsula,Basilan,Basilan,Isabela City,Isabela City,Private Non-Sectarian,6.70010172115125,121.970019545655,valid,False,v2,09,09901,0990101,0990101016
09071,Lucan Central Colleges,Region IX,09 - Zamboanga Peninsula,Zamboanga Del Sur,Zamboanga Del Sur,Pagadian City,Pagadian City,Private Non-Sectarian,7.82535527815831,123.439564696257,valid,False,v2,09,09073,0907322,0907322039
09014,Marian College,Region IX,09 - Zamboanga Peninsula,Zamboanga Sibugay,Zamboanga Sibugay,Ipil,Ipil,Private Sectarian,7.78382261782079,122.584313315596,valid,False,v2,09,09083,0908305,0908305023
09065,Medina College-Ipil,Region IX,09 - Zamboanga Peninsula,Zamboanga Sibugay,Zamboanga Sibugay,Ipil,Ipil,Private Sectarian,7.76819232577663,122.572111674902,valid,False,v2,09,09083,0908305,0908305006
09041,Medina College-Pagadian,Region IX,09 - Zamboanga Peninsula,Zamboanga Del Sur,Zamboanga Del Sur,Pagadian City,Pagadian City,Private Non-Sectarian,7.83956404925819,123.450486540408,valid,False,v2,09,09073,0907322,0907322011
09101,Metro Zampen College,Region IX,09 - Zamboanga Peninsula,Zamboanga Del Sur,Zamboanga Del Sur,Zamboanga City,Zamboanga City,Private Non-Sectarian,6.91494453949278,122.072573835293,valid,False,v2,09,09317,0931700,0931700021
09060,Mindanao State University-Buug College,Region IX,09 - Zamboanga Peninsula,Zamboanga Sibugay,Zamboanga Sibugay,Buug,Buug,SUC Satellite,7.724271263,123.0589841,valid,False,v2,09,09083,0908302,0908302029
09083,Nuevo Zamboanga College,Region IX,09 - Zamboanga Peninsula,Zamboanga Del Sur,Zamboanga Del Sur,Zamboanga City,Zamboanga City,Private Non-Sectarian,6.92573400761523,122.074340936178,valid,False,v2,09,09317,0931700,0931700076
09096,Our Lady of Triumph Institute of Technology,Region IX,09 - Zamboanga Peninsula,Zamboanga Del Sur,Zamboanga Del Sur,Pagadian City,Pagadian City,Private Non-Sectarian,8.14928421164582,123.825479424458,valid,False,v2,10,10042,1004210,1004210002
09043,Pagadian Capitol College,Region IX,09 - Zamboanga Peninsula,Zamboanga Del Sur,Zamboanga Del Sur,Pagadian City,Pagadian City,Private Non-Sectarian,7.83414962223621,123.44900795247,valid,False,v2,09,09073,0907322,0907322046
09103,Pagadian City International College,Region IX,09 - Zamboanga Peninsula,Zamboanga Del Sur,Zamboanga Del Sur,Pagadian City,Pagadian City,LUC,7.83361469218789,123.431272824236,valid,False,v2,09,09073,0907322,0907322040
09017,Philippine Advent College,Region IX,09 - Zamboanga Peninsula,Zamboanga Del Norte,Zamboanga Del Norte,Sindangan,Sindangan,Private Sectarian,8.2453921135672,123.001914589666,valid,False,v2,09,09072,0907218,0907218063
09104,Philippine Advent College - Leon B. Postigo Campus,Region IX,09 - Zamboanga Peninsula,Zamboanga Del Norte,Zamboanga Del Norte,Leon B. Postigo,Leon B. Postigo,Private Non-Sectarian,8.15022975797039,122.924449042374,valid,False,v2,09,09072,0907226,0907226001
09085,Philippine Advent College-Salug,Region IX,09 - Zamboanga Peninsula,Zamboanga Del Norte,Zamboanga Del Norte,Salug,Salug,Private Non-Sectarian,8.1082861541269,122.759963571068,valid,False,v2,09,09072,0907213,0907213038
09068,Philippine Technological and Marine Sciences-Zamboanga del Sur,Region IX,09 - Zamboanga Peninsula,Zamboanga Del Sur,Zamboanga Del Sur,Pagadian City,Pagadian City,Private Non-Sectarian,7.86565310919195,123.418456754937,valid,False,v2,09,09073,0907322,0907322021
09018,Pilar Colege of Zamboanga City,Region IX,09 - Zamboanga Peninsula,Zamboanga Del Sur,Zamboanga Del Sur,Zamboanga City,Zamboanga City,Private Sectarian,6.90853485246757,122.065801122485,valid,False,v2,09,09317,0931700,0931700070
09019,Rizal Memorial Institute of Dapitan City,Region IX,09 - Zamboanga Peninsula,Zamboanga Del Norte,Zamboanga Del Norte,Dapitan City,Dapitan City,Private Sectarian,8.65500017133336,123.426114222561,valid,False,v2,09,09072,0907201,0907201054
09020,Saint Columban College,Region IX,09 - Zamboanga Peninsula,Zamboanga Del Sur,Zamboanga Del Sur,Pagadian City,Pagadian City,Private Sectarian,7.82655359446603,123.439851424408,valid,False,v2,09,09073,0907322,0907322039
09024,Saint Estanislao Kostka College,Region IX,09 - Zamboanga Peninsula,Zamboanga Del Norte,Zamboanga Del Norte,Manukan,Manukan,Private Sectarian,8.51760796503902,123.094484469106,valid,False,v2,09,09072,0907207,0907207011
09022,Saint Joseph College of Sindangan,Region IX,09 - Zamboanga Peninsula,Zamboanga Del Norte,Zamboanga Del Norte,Sindangan,Sindangan,Private Sectarian,8.23809423573201,123.001167178885,valid,False,v2,09,09072,0907218,0907218025
09023,Saint Vincent's College,Region IX,09 - Zamboanga Peninsula,Zamboanga Del Norte,Zamboanga Del Norte,Dipolog City,Dipolog City,Private Sectarian,8.58247031754929,123.345568180743,valid,False,v2,09,09072,0907202,0907202009
09072,Sibugay Technical Institute,Region IX,09 - Zamboanga Peninsula,Zamboanga Sibugay,Zamboanga Sibugay,Ipil,Ipil,Private Non-Sectarian,7.79416686165553,122.591822168453,valid,False,v2,09,09083,0908305,0908305015
09027,Southern City Colleges,Region IX,09 - Zamboanga Peninsula,Zamboanga Del Sur,Zamboanga Del Sur,Zamboanga City,Zamboanga City,Private Non-Sectarian,6.90466825233411,122.080425473311,valid,False,v2,09,09317,0931700,0931700063
09094,Southern City Colleges-West Campus,Region IX,09 - Zamboanga Peninsula,Zamboanga Del Sur,Zamboanga Del Sur,Zamboanga City,Zamboanga City,Private Non-Sectarian,6.91953326041851,122.053679856111,valid,False,v2,09,09317,0931700,0931700071
09026,Southern Mindanao College-Agro Tech,Region IX,09 - Zamboanga Peninsula,Zamboanga Del Sur,Zamboanga Del Sur,Dumalinao,Dumalinao,Private Non-Sectarian,7.82704802767225,123.367632801645,valid,False,v2,09,09073,0907307,0907307049
09028,Southern Mindanao Colleges,Region IX,09 - Zamboanga Peninsula,Zamboanga Del Sur,Zamboanga Del Sur,Pagadian City,Pagadian City,Private Non-Sectarian,7.82704802767225,123.367632801645,valid,False,v2,09,09073,0907307,0907307049
09070,Southern Peninsula College,Region IX,09 - Zamboanga Peninsula,Zamboanga Del Norte,Zamboanga Del Norte,Labason,Labason,Private Non-Sectarian,8.06870461822755,122.524626326775,valid,False,v2,09,09072,0907205,0907205036
09029,Southern Philippine College,Region IX,09 - Zamboanga Peninsula,Zamboanga Del Norte,Zamboanga Del Norte,Labason,Labason,Private Non-Sectarian,8.06971300671376,122.524236121466,valid,False,v2,09,09072,0907205,0907205036
09021,St. John College of Buug Foundation,Region IX,09 - Zamboanga Peninsula,Zamboanga Sibugay,Zamboanga Sibugay,Buug,Buug,Private Non-Sectarian,7.72821052008396,123.058643196081,valid,False,v2,09,09083,0908302,0908302017
09050,St. Mary's College of Labason,Region IX,09 - Zamboanga Peninsula,Zamboanga Del Norte,Zamboanga Del Norte,Labason,Labason,Private Sectarian,8.06441623306658,122.523634991865,valid,False,v2,09,09072,0907205,0907205037
09031,Universidad de Zamboanga,Region IX,09 - Zamboanga Peninsula,Zamboanga Del Sur,Zamboanga Del Sur,Zamboanga City,Zamboanga City,Private Non-Sectarian,6.91962991158792,122.088772002339,valid,False,v2,09,09317,0931700,0931700087
09074,Universidad de Zamboanga - Pagadian,Region IX,09 - Zamboanga Peninsula,Zamboanga Del Sur,Zamboanga Del Sur,Pagadian City,Pagadian City,Private Non-Sectarian,7.837247535298,123.467885299791,valid,False,v2,09,09073,0907322,0907322045
09062,Universidad de Zamboanga-Ipil,Region IX,09 - Zamboanga Peninsula,Zamboanga Sibugay,Zamboanga Sibugay,Ipil,Ipil,Private Non-Sectarian,7.78288323228925,122.588421076354,valid,False,v2,09,09083,0908305,0908305023
09097,West Prime Horizon Institute,Region IX,09 - Zamboanga Peninsula,Zamboanga Del Sur,Zamboanga Del Sur,Pagadian City,Pagadian City,Private Non-Sectarian,7.8275223378654,123.441202740263,valid,False,v2,09,09073,0907322,0907322039
09030,Western Mindanao State University,Region IX,09 - Zamboanga Peninsula,Zamboanga Del Sur,Zamboanga Del Sur,Zamboanga City,Zamboanga City,SUC Main,6.91381786,122.0613404,valid,False,v2,09,09317,0931700,0931700004
09030a,Western Mindanao State University-Alicia,Region IX,09 - Zamboanga Peninsula,Zamboanga Sibugay,Zamboanga Sibugay,Alicia,Alicia,SUC Satellite,7.506098828,122.9465735,valid,False,v2,09,09083,0908301,0908301019
09030o,Western Mindanao State University-Curuan,Region IX,09 - Zamboanga Peninsula,Zamboanga Del Sur,Zamboanga Del Sur,Zamboanga City,Zamboanga City,SUC Satellite,7.209894161,122.2313699,valid,False,v2,09,09317,0931700,0931700024
09030c,Western Mindanao State University-Diplahan,Region IX,09 - Zamboanga Peninsula,Zamboanga Sibugay,Zamboanga Sibugay,Diplahan,Diplahan,SUC Satellite,7.683752686,122.9870013,valid,False,v2,09,09083,0908303,0908303004
09030d,Western Mindanao State University-Imelda,Region IX,09 - Zamboanga Peninsula,Zamboanga Sibugay,Zamboanga Sibugay,Imelda,Imelda,SUC Satellite,7.650159493,122.9470466,valid,False,v2,09,09083,0908304,0908304015
09030e,Western Mindanao State University-Ipil,Region IX,09 - Zamboanga Peninsula,Zamboanga Sibugay,Zamboanga Sibugay,Ipil,Ipil,SUC Satellite,7.788037905,122.5787901,valid,False,v2,09,09083,0908305,0908305009
09030f,Western Mindanao State University-Mabuhay,Region IX,09 - Zamboanga Peninsula,Zamboanga Sibugay,Zamboanga Sibugay,Mabuhay,Mabuhay,SUC Satellite,7.411853798,122.8372035,valid,False,v2,09,09083,0908307,0908307019
09030g,Western Mindanao State University-Malangas,Region IX,09 - Zamboanga Peninsula,Zamboanga Sibugay,Zamboanga Sibugay,Malangas,Malangas,SUC Satellite,7.631403839,123.0352719,valid,False,v2,09,09083,0908308,0908308028
09030i,Western Mindanao State University-Olutanga,Region IX,09 - Zamboanga Peninsula,Zamboanga Sibugay,Zamboanga Sibugay,Olutanga,Olutanga,SUC Satellite,7.309900157,122.84518,valid,False,v2,09,09083,0908310,0908310016
09030j,Western Mindanao State University-Pagadian,Region IX,09 - Zamboanga Peninsula,Zamboanga Del Sur,Zamboanga Del Sur,Pagadian City,Pagadian City,SUC Satellite,7.846969604,123.4458128,valid,False,v2,09,09073,0907322,0907322011
09030l,Western Mindanao State University-Siay,Region IX,09 - Zamboanga Peninsula,Zamboanga Sibugay,Zamboanga Sibugay,Siay,Siay,SUC Satellite,7.712197772,122.8653835,valid,False,v2,09,09083,0908313,0908313042
09030m,Western Mindanao State University-Tungawan,Region IX,09 - Zamboanga Peninsula,Zamboanga Sibugay,Zamboanga Sibugay,Tungawan,Tungawan,SUC Satellite,7.601197701,122.4248919,valid,False,v2,09,09083,0908316,0908316005
09087,Yllana Bay View College,Region IX,09 - Zamboanga Peninsula,Zamboanga Del Sur,Zamboanga Del Sur,Pagadian City,Pagadian City,Private Non-Sectarian,7.82456160839387,123.4333320675,valid,False,v2,09,09073,0907322,0907322018
09095,ZAMSULA Everlasting College,Region IX,09 - Zamboanga Peninsula,Zamboanga Del Norte,Zamboanga Del Norte,Salug,Salug,Private Non-Sectarian,8.10772008149545,122.770802323975,valid,False,v2,09,09072,0907213,0907213008
09032,Zamboanga Peninsula Polytechnic State University,Region IX,09 - Zamboanga Peninsula,Zamboanga Del Sur,Zamboanga Del Sur,Zamboanga City,Zamboanga City,SUC Main,6.91299631,122.0589691,valid,False,v2,09,09317,0931700,0931700004
09086,Zamboanga Peninsula Polytechnic State University-Kabasalan,Region IX,09 - Zamboanga Peninsula,Zamboanga Del Sur,Zamboanga Del Sur,Kabasalan,Kabasalan,SUC Satellite,7.794302025,122.7645769,valid,False,v2,09,09083,0908306,0908306023
09108,Zamboanga Peninsula Polytechnic State University-Malangas,Region IX,09 - Zamboanga Peninsula,Zamboanga Sibugay,Zamboanga Sibugay,Malangas,Malangas,SUC Satellite,7.656406272,123.0149059,valid,False,v2,09,09083,0908308,0908308011
09107,Zamboanga Peninsula Polytechnic State University-Siay,Region IX,09 - Zamboanga Peninsula,Zamboanga Sibugay,Zamboanga Sibugay,Siay,Siay,SUC Satellite,7.7172381,122.8640405,valid,False,v2,09,09083,0908313,0908313042
09091,Zamboanga Peninsula Polytechnic State University-Vitali,Region IX,09 - Zamboanga Peninsula,Zamboanga Del Sur,Zamboanga Del Sur,Zamboanga City,Zamboanga City,SUC Satellite,7.22324,122.173,valid,False,v2,09,09317,0931700,0931700024
09035,Zamboanga State College of Marine Sciences and Technology,Region IX,09 - Zamboanga Peninsula,Zamboanga Del Sur,Zamboanga Del Sur,Zamboanga City,Zamboanga City,SUC Main,6.900196313,122.0836458,valid,False,v2,09,09317,0931700,0931700068
09090,Zamboanga del Sur Provincial Government College,Region IX,09 - Zamboanga Peninsula,Zamboanga Del Sur,Zamboanga Del Sur,Aurora,Aurora,LUC with Institutional Recognition,7.94755000410763,123.587487329579,valid,False,v2,09,09073,0907302,0907302042
09099,Zamboanga del Sur Provincial Government College - Pagadian,Region IX,09 - Zamboanga Peninsula,Zamboanga Del Sur,Zamboanga Del Sur,Pagadian City,Pagadian City,LUC,7.82815308558004,123.430848924317,valid,False,v2,09,09073,0907322,0907322055
09105,Zamboanga del Sur Provincial Government College-Dimataling,Region IX,09 - Zamboanga Peninsula,Zamboanga Del Sur,Zamboanga Del Sur,Dimataling,Dimataling,LUC,7.50181411143609,123.347146634025,valid,False,v2,09,09073,0907305,0907305010
05181,ACLC College of Daet,Region V,05 - Bicol Region,Camarines Norte,Camarines Norte,Daet,Daet,Private Non-Sectarian,14.11695917,122.9571286,valid,False,v2,05,05016,0501603,0501603030
05192,ACLC College of Iriga City,Region V,05 - Bicol Region,Camarines Sur,Camarines Sur,Iriga City,Iriga City,Private Non-Sectarian,13.42151768,123.4091318,valid,False,v2,05,05017,0501716,0501716020
05182,ACLC College of Sorsogon,Region V,05 - Bicol Region,Sorsogon,Sorsogon,Sorsogon City,Sorsogon City,Private Non-Sectarian,12.97304708,124.0085686,valid,False,v2,05,05062,0506216,0506216002
05135,AMA Computer College-Legazpi City,Region V,05 - Bicol Region,Albay,Albay,Legazpi City,Legazpi City,Private Non-Sectarian,13.13861019,123.7396695,valid,False,v2,05,05005,0500506,0500506013
05139,AMA Computer College-Naga City,Region V,05 - Bicol Region,Camarines Sur,Camarines Sur,Naga City,Naga City,Private Non-Sectarian,13.62185984,123.1982481,valid,False,v2,05,05017,0501724,0501724010
05001,Aemilianum College,Region V,05 - Bicol Region,Sorsogon,Sorsogon,Sorsogon City,Sorsogon City,Private Non-Sectarian,12.97,123.9917475,valid,False,v2,05,05062,0506216,0506216037
05161,Aeronautical Academy of the Philippines,Region V,05 - Bicol Region,Camarines Sur,Camarines Sur,Canaman,Canaman,Private Non-Sectarian,13.65373025,123.1803148,valid,False,v2,05,05017,0501710,0501710001
05003,Ago Medical and Educational Center,Region V,05 - Bicol Region,Albay,Albay,Legazpi City,Legazpi City,Private Non-Sectarian,13.1399698,123.7299016,valid,False,v2,05,05005,0500506,0500506040
05045,Alfelor Sr. Memorial College,Region V,05 - Bicol Region,Camarines Sur,Camarines Sur,Del Gallego,Del Gallego,Private Non-Sectarian,13.92047,122.5933828,valid,False,v2,05,05017,0501712,0501712019
05163,Amando Cope College,Region V,05 - Bicol Region,Albay,Albay,Tabaco City,Tabaco City,Private Non-Sectarian,13.35556066,123.7266487,valid,False,v2,05,05005,0500517,0500517005
05007,Annunciation College of Bacon Sorsogon Unit,Region V,05 - Bicol Region,Sorsogon,Sorsogon,Sorsogon City,Sorsogon City,Private Non-Sectarian,12.9779855,124.0074396,valid,False,v2,05,05062,0506216,0506216006
05196,Aroroy Municipal College,Region V,05 - Bicol Region,Masbate,Masbate,Aroroy,Aroroy,LUC with Institutional Recognition,12.50004433,123.4003786,valid,False,v2,05,05041,0504101,0504101001
05224,Asia Pacific International College,Region V,05 - Bicol Region,Albay,Albay,Pioduran,Pioduran,Private Non-Sectarian,13.0341794,123.440671,valid,False,v2,05,05005,0500513,0500513005
05009,Ateneo de Naga University,Region V,05 - Bicol Region,Camarines Sur,Camarines Sur,Naga City,Naga City,Private Sectarian,13.6303282,123.1829597,valid,False,v2,05,05017,0501724,0501724003
05210,BST Grace College,Region V,05 - Bicol Region,Camarines Sur,Camarines Sur,San Fernando,San Fernando,Private Non-Sectarian,13.5561046,123.1162075,valid,False,v2,05,05017,0501732,0501732015
05150,Baao Community College,Region V,05 - Bicol Region,Camarines Sur,Camarines Sur,Baao,Baao,LUC with Institutional Recognition,13.44957545,123.3903034,valid,False,v2,05,05017,0501701,0501701018
05214,Bacacay Community College,Region V,05 - Bicol Region,Albay,Albay,Bacacay,Bacacay,LUC,13.28,123.8020161,valid,False,v2,05,05005,0500501,0500501050
05169,Balud Municipal College,Region V,05 - Bicol Region,Masbate,Masbate,Balud,Balud,LUC,12.04531504,123.2076629,valid,False,v2,05,05041,0504103,0504103016
05190,Belen B. Francisco Foundation-Albay,Region V,05 - Bicol Region,Albay,Albay,Daraga,Daraga,Private Non-Sectarian,13.14847749,123.715849,valid,False,v2,05,05005,0500503,0500503022
05003a,Bicol Christian College of Medicine,Region V,05 - Bicol Region,Albay,Albay,Legazpi City,Legazpi City,Private Non-Sectarian,13.1396889,123.728692,valid,False,v2,05,05005,0500506,0500506040
05011,Bicol College,Region V,05 - Bicol Region,Albay,Albay,Daraga,Daraga,Private Non-Sectarian,13.14815716,123.7196041,valid,False,v2,05,05005,0500503,0500503044
05014,Bicol Merchant Marine College,Region V,05 - Bicol Region,Sorsogon,Sorsogon,Sorsogon City,Sorsogon City,Private Non-Sectarian,12.98106701,123.9839219,valid,False,v2,05,05062,0506216,0506216022
05012,Bicol State College of Applied Sciences and Technology,Region V,05 - Bicol Region,Camarines Sur,Camarines Sur,Naga City,Naga City,SUC Main,13.6322913190594,123.191950353258,valid,False,v2,05,05017,0501724,0501724024
05205,Bicol Training and Technological College,Region V,05 - Bicol Region,Albay,Albay,Bacacay,Bacacay,Private Non-Sectarian,13.29992618,123.7793917,valid,False,v2,05,05005,0500501,0500501017
05179,Bicol University Gubat Campus,Region V,05 - Bicol Region,Sorsogon,Sorsogon,Gubat,Gubat,SUC Satellite,12.9201450281453,124.126884689204,valid,False,v2,,,,
05017,Bicol University-College of Agriculture and Forestry,Region V,05 - Bicol Region,Albay,Albay,Guinobatan,Guinobatan,SUC Satellite,13.1954566,123.5881983,valid,False,v2,05,05005,0500504,0500504032
05016,Bicol University-Daraga Campus,Region V,05 - Bicol Region,Albay,Albay,Daraga,Daraga,SUC Satellite,13.14793248,123.7184063,valid,False,v2,05,05005,0500503,0500503044
05015,Bicol University-Main,Region V,05 - Bicol Region,Albay,Albay,Legazpi City,Legazpi City,SUC Main,13.14443925,123.7233658,valid,False,v2,05,05005,0500506,0500506016
05082,Bicol University-Polangui Campus,Region V,05 - Bicol Region,Albay,Albay,Polangui,Polangui,SUC Satellite,13.2962222,123.4846927,valid,False,v2,05,05005,0500514,0500514013
05018,Bicol University-Tabaco Campus,Region V,05 - Bicol Region,Albay,Albay,Tabaco City,Tabaco City,SUC Satellite,13.3637712,123.7317418,valid,False,v2,05,05005,0500517,0500517049
05229,Blessed Name of Mary College,Region V,05 - Bicol Region,Camarines Sur,Camarines Sur,Pili,Pili,Private Non-Sectarian,13.55968,123.2694,valid,False,v2,05,05017,0501728,0501728019
05219,Buhi St. Joseph Academy,Region V,05 - Bicol Region,Camarines Sur,Camarines Sur,Buhi,Buhi,Private Non-Sectarian,13.4340531,123.5153993,valid,False,v2,05,05017,0501705,0501705037
05155,Calabanga Community College,Region V,05 - Bicol Region,Camarines Sur,Camarines Sur,Calabanga,Calabanga,LUC with Institutional Recognition,13.71818721,123.234284,valid,False,v2,05,05017,0501708,0501708024
05020,Camarines Norte College,Region V,05 - Bicol Region,Camarines Norte,Camarines Norte,Labo,Labo,Private Non-Sectarian,14.1534422,122.836102,valid,False,v2,05,05016,0501606,0501606036
05191,Camarines Norte College of Arts and Business,Region V,05 - Bicol Region,Camarines Norte,Camarines Norte,Labo,Labo,Private Non-Sectarian,14.25551244,122.5547238,valid,False,v2,05,05016,0501602,0501602013
05142,"Camarines Norte School of Law, Arts and Sciences",Region V,05 - Bicol Region,Camarines Norte,Camarines Norte,Talisay,Talisay,Private Non-Sectarian,14.12879638,122.9349878,valid,False,v2,05,05016,0501611,0501611001
05204,Camarines Norte State College-Abaño Campus,Region V,05 - Bicol Region,Camarines Norte,Camarines Norte,Daet,Daet,SUC Satellite,13.5218012239055,123.044271517588,valid,False,v2,05,05017,0501727,0501727016
05170,Camarines Norte State College-Entienza Campus,Region V,05 - Bicol Region,Camarines Norte,Camarines Norte,Sta. Elena,Sta. Elena,SUC Satellite,14.1988309847025,122.385824188969,valid,False,v2,05,05016,0501610,0501610009
05099,Camarines Norte State College-Labo Campus,Region V,05 - Bicol Region,Camarines Norte,Camarines Norte,Labo,Labo,SUC Satellite,14.1849951,122.7866914,valid,False,v2,05,05016,0501606,0501606051
05021,Camarines Norte State College-Main,Region V,05 - Bicol Region,Camarines Norte,Camarines Norte,Daet,Daet,SUC Main,14.1091236,122.9549914,valid,False,v2,05,05016,0501603,0501603026
05100,Camarines Norte State College-Mercedes Campus,Region V,05 - Bicol Region,Camarines Norte,Camarines Norte,Mercedes,Mercedes,SUC Satellite,14.11708443,122.9929974,valid,False,v2,05,05016,0501607,0501607025
05101,Camarines Norte State College-Panganiban Campus,Region V,05 - Bicol Region,Camarines Norte,Camarines Norte,Jose Panganiban,Jose Panganiban,SUC Satellite,14.2884092590071,122.696323304564,valid,False,v2,05,05016,0501605,0501605015
05023,Camarines Sur Polytechnic Colleges,Region V,05 - Bicol Region,Camarines Sur,Camarines Sur,Nabua,Nabua,SUC Main,13.40616492,123.3751598,valid,False,v2,05,05017,0501723,0501723030
05225,Camarines Sur Polytechnic Colleges-Buhi Campus,Region V,05 - Bicol Region,Camarines Sur,Camarines Sur,Buhi,Buhi,SUC Satellite,13.4103773499372,123.511226994261,valid,False,v2,05,05017,0501705,0501705040
05223,Camo Integrated School,Region V,05 - Bicol Region,Camarines Sur,Camarines Sur,Pili,Pili,Private Non-Sectarian,13.5682327,123.2631906,valid,False,v2,05,05017,0501728,0501728015
05156,Capalonga College,Region V,05 - Bicol Region,Camarines Norte,Camarines Norte,Capalonga,Capalonga,Private Non-Sectarian,14.27328,122.564723,valid,False,v2,05,05016,0501602,0501602001
05025,Caramoan Community College,Region V,05 - Bicol Region,Camarines Sur,Camarines Sur,Caramoan,Caramoan,LUC with Institutional Recognition,13.78224947,123.8615933,valid,False,v2,05,05017,0501711,0501711048
05230,Castilla Colleges,Region V,05 - Bicol Region,Sorsogon,Sorsogon,Castilla,Castilla,LUC,12.9713,123.8164,valid,False,v2,05,05062,0506206,0506206032
05026,Cataingan Municipal College,Region V,05 - Bicol Region,Masbate,Masbate,Cataingan,Cataingan,LUC,11.99922274,123.9992212,valid,False,v2,05,05041,0504105,0504105027
05199,Cataingan Polytechnic Institute,Region V,05 - Bicol Region,Masbate,Masbate,Cataingan,Cataingan,Private Sectarian,11.99957194,123.9991918,valid,False,v2,05,05041,0504105,0504105027
05028,Catanduanes Colleges,Region V,05 - Bicol Region,Catanduanes,Catanduanes,Virac,Virac,Private Non-Sectarian,13.5823902,124.2288063,valid,False,v2,05,05020,0502011,0502011051
05029,Catanduanes State University-Main,Region V,05 - Bicol Region,Catanduanes,Catanduanes,Virac,Virac,SUC Main,13.58384,124.2056466,valid,False,v2,05,05020,0502011,0502011015
05027,Catanduanes State University-Panganiban,Region V,05 - Bicol Region,Catanduanes,Catanduanes,Panganiban,Panganiban,SUC Satellite,13.9058762,124.304787,valid,False,v2,05,05020,0502007,0502007022
05226,Cawayan Community College,Region V,05 - Bicol Region,Masbate,Masbate,Cawayan,Cawayan,LUC,11.9351188,123.7735122,valid,False,v2,05,05041,0504106,0504106008
05030,Ceguera Technological Colleges,Region V,05 - Bicol Region,Camarines Sur,Camarines Sur,Iriga City,Iriga City,Private Non-Sectarian,13.41789507,123.4017344,valid,False,v2,05,05017,0501716,0501716004
05103,Central Bicol State University of Agriculture-Calabanga,Region V,05 - Bicol Region,Camarines Sur,Camarines Sur,Calabanga,Calabanga,SUC Satellite,13.718509535327,123.231117041226,valid,False,v2,05,05017,0501708,0501708041
05024,Central Bicol State University of Agriculture-Main,Region V,05 - Bicol Region,Camarines Sur,Camarines Sur,Pili,Pili,SUC Main,13.7247071,123.2114015,valid,False,v2,05,05017,0501708,0501708028
05189,Central Bicol State University of Agriculture-Pasacao,Region V,05 - Bicol Region,Camarines Sur,Camarines Sur,Pasacao,Pasacao,SUC Satellite,13.5216238893,123.044625569172,valid,False,v2,05,05017,0501727,0501727016
05013,Central Bicol State University of Agriculture-Sipocot,Region V,05 - Bicol Region,Camarines Sur,Camarines Sur,Sipocot,Sipocot,SUC Satellite,13.7845939804442,122.980338294232,valid,False,v2,05,05017,0501734,0501734020
05177,Christian Polytechnic Institute of Catanduanes,Region V,05 - Bicol Region,Catanduanes,Catanduanes,Virac,Virac,Private Non-Sectarian,13.1055925,123.361984,valid,False,v2,05,05005,0500512,0500512043
05022,City College of Naga,Region V,05 - Bicol Region,Camarines Sur,Camarines Sur,Naga City,Naga City,LUC with Institutional Recognition,13.61161342,123.2115643,valid,False,v2,05,05017,0501724,0501724010
05128,Colegio De Sta. Monica of Polangui,Region V,05 - Bicol Region,Albay,Albay,Polangui,Polangui,Private Non-Sectarian,13.29741323,123.4806789,valid,False,v2,05,05005,0500514,0500514013
05231,Colegio de San Rafael Arcangel,Region V,05 - Bicol Region,Camarines Sur,Camarines Sur,Pili,Pili,Private Sectarian,13.557970159858,123.27240174129,valid,False,v2,05,05017,0501728,0501728018
05177a,Community College of Manito,Region V,05 - Bicol Region,Albay,Albay,Manito,Manito,LUC,13.1263163,123.867999,valid,False,v2,05,05005,0500511,0500511010
05034,Computer Arts and Technological College,Region V,05 - Bicol Region,Albay,Albay,Legazpi City,Legazpi City,Private Non-Sectarian,13.16613963,123.7417748,valid,False,v2,05,05005,0500506,0500506069
05194,Computer Arts and Technological College-Ligao City,Region V,05 - Bicol Region,Albay,Albay,Ligao City,Ligao City,Private Non-Sectarian,13.24368992,123.5351301,valid,False,v2,05,05005,0500508,0500508025
05193,Computer Arts and Technological College-Polangui Campus,Region V,05 - Bicol Region,Albay,Albay,Polangui,Polangui,Private Non-Sectarian,13.28913578,123.4874083,valid,False,v2,05,05005,0500514,0500514046
05129,Computer Communication Development Institute-Legazpi City,Region V,05 - Bicol Region,Albay,Albay,Legazpi City,Legazpi City,Private Non-Sectarian,13.13808519,123.7367344,valid,False,v2,05,05005,0500506,0500506010
05035,Computer Communication Development Institute-Naga,Region V,05 - Bicol Region,Camarines Sur,Camarines Sur,Naga City,Naga City,Private Non-Sectarian,13.62003655,123.1848998,valid,False,v2,05,05017,0501724,0501724030
05162,Computer Communication Development Institute-Sorsogon,Region V,05 - Bicol Region,Sorsogon,Sorsogon,Sorsogon City,Sorsogon City,Private Non-Sectarian,13.00866725,123.997519,valid,False,v2,05,05062,0506216,0506216032
05197,Computer Systems Institute,Region V,05 - Bicol Region,Albay,Albay,Legazpi City,Legazpi City,Private Non-Sectarian,13.14663426,123.7503717,valid,False,v2,05,05005,0500506,0500506028
05039,Daniel B. Peña Memorial College Foundation,Region V,05 - Bicol Region,Albay,Albay,Tabaco City,Tabaco City,Private Non-Sectarian,13.37813233,123.7191162,valid,False,v2,05,05005,0500517,0500517037
05159,Daraga Community College,Region V,05 - Bicol Region,Albay,Albay,Daraga,Daraga,LUC with Institutional Recognition,13.17776269,123.6787698,valid,False,v2,05,05005,0500503,0500503045
05005,De Vera Institute of Technology,Region V,05 - Bicol Region,Albay,Albay,Legazpi City,Legazpi City,Private Non-Sectarian,13.1407273,123.729257,valid,False,v2,05,05005,0500506,0500506040
05040,Divine Word College of Legazpi,Region V,05 - Bicol Region,Albay,Albay,Legazpi City,Legazpi City,Private Sectarian,13.13873383,123.7364079,valid,False,v2,05,05005,0500506,0500506013
05201,Donsol Community College,Region V,05 - Bicol Region,Sorsogon,Sorsogon,Donsol,Donsol,LUC with Institutional Recognition,12.92008269,123.6059557,valid,False,v2,05,05062,0506207,0506207048
05136,Dr. Carlos S. Lanting College-Dr. Ruby Lanting Casaul Educational Foundation,Region V,05 - Bicol Region,Albay,Albay,Tabaco City,Tabaco City,Private Non-Sectarian,13.35747602,123.7282205,valid,False,v2,05,05005,0500517,0500517038
05041,"Dr. Emilio B. Espinosa, Sr. Memorial State College of Agriculture and Technology",Region V,05 - Bicol Region,Masbate,Masbate,Mandaon,Mandaon,SUC Main,12.28141,123.3578558,valid,False,v2,05,05041,0504110,0504110006
05227,"Dr. Emilio B. Espinosa, Sr. Memorial State College of Agriculture and Technology-Cawayan Campus",Region V,05 - Bicol Region,Masbate,Masbate,Cawayan,Cawayan,SUC Satellite,11.9379923479498,123.766814022539,valid,False,v2,05,05041,0504106,0504106022
05174,Estenias Science Foundation School,Region V,05 - Bicol Region,Sorsogon,Sorsogon,Casiguran,Casiguran,Private Non-Sectarian,12.87068428,124.0075675,valid,False,v2,05,05062,0506205,0506205026
05046,Fatima School of Science and Technology,Region V,05 - Bicol Region,Camarines Sur,Camarines Sur,Goa,Goa,Private Non-Sectarian,13.69602,123.4824,valid,False,v2,05,05017,0501715,0501715028
05044,Felix O. Alfelor Sr. Foundation College,Region V,05 - Bicol Region,Camarines Sur,Camarines Sur,Sipocot,Sipocot,Private Non-Sectarian,13.6251338,123.1937581,valid,False,v2,05,05017,0501724,0501724031
05178,Forbes College,Region V,05 - Bicol Region,Albay,Albay,Legazpi City,Legazpi City,Private Non-Sectarian,13.14849297,123.7557905,valid,False,v2,05,05005,0500506,0500506030
05228,Genesis Colleges,Region V,05 - Bicol Region,Camarines Sur,Camarines Sur,Pili,Pili,Private Sectarian,13.55864263,123.2726097,valid,False,v2,05,05017,0501728,0501728018
05220,Goa Community College,Region V,05 - Bicol Region,Camarines Sur,Camarines Sur,Goa,Goa,LUC,13.7078685,123.4861611,valid,False,v2,05,05017,0501715,0501715011
05207,Governor Mariano E. Villafuerte Community College-Garchitorena,Region V,05 - Bicol Region,Camarines Sur,Camarines Sur,Garchitorena,Garchitorena,LUC with Institutional Recognition,13.8855242,123.7020629,valid,False,v2,05,05017,0501714,0501714013
05208,Governor Mariano E. Villafuerte Community College-Libmanan,Region V,05 - Bicol Region,Camarines Sur,Camarines Sur,Libmanan,Libmanan,LUC with Institutional Recognition,13.685136,123.0383482,valid,False,v2,05,05017,0501718,0501718055
05209,Governor Mariano E. Villafuerte Community College-Siruma,Region V,05 - Bicol Region,Camarines Sur,Camarines Sur,Siruma,Siruma,LUC with Institutional Recognition,14.0204999,123.2610597,valid,False,v2,05,05017,0501735,0501735015
05211,Governor Mariano E. Villafuerte Community College-Tinambac,Region V,05 - Bicol Region,Camarines Sur,Camarines Sur,Tinambac,Tinambac,LUC,13.8087626,123.333237,valid,False,v2,05,05017,0501737,0501737039
05048,Holy Rosary Major Seminary,Region V,05 - Bicol Region,Camarines Sur,Camarines Sur,Naga City,Naga City,Private Sectarian,13.6201,123.2106439,valid,False,v2,05,05017,0501724,0501724010
05138,Holy Trinity College Seminary,Region V,05 - Bicol Region,Camarines Norte,Camarines Norte,Labo,Labo,Private Non-Sectarian,14.16157865,122.8257455,valid,False,v2,05,05016,0501606,0501606016
05049,Holy Trinity College of Camarines Sur,Region V,05 - Bicol Region,Camarines Sur,Camarines Sur,Bato,Bato,Private Non-Sectarian,13.35908788,123.3685003,valid,False,v2,05,05017,0501703,0501703030
05050,Immaculate Conception College-Albay,Region V,05 - Bicol Region,Albay,Albay,Daraga,Daraga,Private Non-Sectarian,13.1483465,123.7162493,valid,False,v2,05,05005,0500503,0500503022
05184,Infotech Development Systems Colleges,Region V,05 - Bicol Region,Albay,Albay,Ligao City,Ligao City,Private Non-Sectarian,13.23986617,123.5404634,valid,False,v2,05,05005,0500508,0500508019
05218,King Thomas Learning Academy,Region V,05 - Bicol Region,Camarines Sur,Camarines Sur,SIPOCOT,SIPOCOT,Private Non-Sectarian,13.7690867,122.9846541,valid,False,v2,05,05017,0501734,0501734025
05054,La Consolacion College-Daet,Region V,05 - Bicol Region,Camarines Norte,Camarines Norte,Daet,Daet,Private Sectarian,14.1118271,122.9566203,valid,False,v2,05,05016,0501603,0501603024
05053,La Consolacion College-Iriga City,Region V,05 - Bicol Region,Camarines Sur,Camarines Sur,Iriga City,Iriga City,Private Sectarian,13.4152548,123.3674189,valid,False,v2,05,05017,0501723,0501723019
05148,Libon Community College,Region V,05 - Bicol Region,Albay,Albay,Libon,Libon,LUC with Institutional Recognition,13.30010096,123.4361275,valid,False,v2,05,05005,0500507,0500507007
05056,Liceo de Masbate,Region V,05 - Bicol Region,Masbate,Masbate,Masbate City,Masbate City,Private Sectarian,12.36913233,123.6194076,valid,False,v2,05,05041,0504111,0504111006
05057,Liceo de San Jacinto Foundation,Region V,05 - Bicol Region,Masbate,Masbate,San Jacinto,San Jacinto,Private Non-Sectarian,12.56981181,123.736369,valid,False,v2,05,05041,0504119,0504119017
05058,Ligao Community College,Region V,05 - Bicol Region,Albay,Albay,Ligao City,Ligao City,LUC with Institutional Recognition,13.24316254,123.5345446,valid,False,v2,05,05005,0500508,0500508025
05113,Lower Isarog Foundation Exponent,Region V,05 - Bicol Region,Camarines Sur,Camarines Sur,Tigaon,Tigaon,Private Non-Sectarian,13.60794848,123.4802921,valid,False,v2,05,05017,0501736,0501736008
05164,Luis H. Dilanco Sr. Foundation College,Region V,05 - Bicol Region,Camarines Sur,Camarines Sur,Libmanan,Libmanan,Private Non-Sectarian,13.67238394,123.0371439,valid,False,v2,05,05017,0501718,0501718008
05216,Lyceum of St. Dominic,Region V,05 - Bicol Region,Camarines Norte,Camarines Norte,STA ELENA,STA ELENA,Private Non-Sectarian,14.1815514,122.3892327,valid,False,v2,05,05016,0501610,0501610009
05221,MRDA Academic Center,Region V,05 - Bicol Region,Camarines Sur,Camarines Sur,Calabanga,Calabanga,Private Non-Sectarian,13.7063577,123.2161977,valid,False,v2,05,05017,0501708,0501708034
05059,Mabini Colleges,Region V,05 - Bicol Region,Camarines Norte,Camarines Norte,Daet,Daet,Private Non-Sectarian,14.11600178,122.9590587,valid,False,v2,05,05016,0501603,0501603030
05060,Mariners' Polytechnic Colleges Foundation of Canaman,Region V,05 - Bicol Region,Camarines Sur,Camarines Sur,Canaman,Canaman,Private Non-Sectarian,13.6527,123.1764849,valid,False,v2,05,05017,0501710,0501710001
05062,Mariners' Polytechnic Colleges Foundation of Legazpi City,Region V,05 - Bicol Region,Albay,Albay,Legazpi City,Legazpi City,Private Non-Sectarian,13.16992,123.7514,valid,False,v2,05,05005,0500506,0500506064
05061,Mariners' Polytechnic Colleges Foundation of Naga City,Region V,05 - Bicol Region,Camarines Sur,Camarines Sur,Naga City,Naga City,Private Non-Sectarian,13.62552914,123.1922777,valid,False,v2,05,05017,0501724,0501724031
05203,Masbate Central Technical Institute,Region V,05 - Bicol Region,Masbate,Masbate,Masbate City,Masbate City,Private Non-Sectarian,12.37025527,123.6275922,valid,False,v2,05,05041,0504111,0504111017
05063,Masbate Colleges,Region V,05 - Bicol Region,Masbate,Masbate,Masbate City,Masbate City,Private Non-Sectarian,12.36793584,123.6237104,valid,False,v2,05,05041,0504111,0504111014
05200,Masbate Polytechnic and Development College,Region V,05 - Bicol Region,Masbate,Masbate,Baleno,Baleno,Private Non-Sectarian,12.3634172,123.6208047,valid,False,v2,,,,
05064,Mater Salutis College Seminary,Region V,05 - Bicol Region,Albay,Albay,Daraga,Daraga,Private Non-Sectarian,13.13932,123.7141073,valid,False,v2,05,05005,0500503,0500503051
05195,Mountview College,Region V,05 - Bicol Region,Camarines Sur,Camarines Sur,Naga City,Naga City,Private Non-Sectarian,13.61594214,123.1910516,valid,False,v2,05,05017,0501724,0501724032
05065,Naga College Foundation,Region V,05 - Bicol Region,Camarines Sur,Camarines Sur,Naga City,Naga City,Private Non-Sectarian,13.6331,123.1929,valid,False,v2,05,05017,0501724,0501724024
05077,Naga View Adventist College,Region V,05 - Bicol Region,Camarines Sur,Camarines Sur,Naga City,Naga City,Private Sectarian,13.65811682,123.3143722,valid,False,v2,05,05017,0501724,0501724023
05222,Nazareth Institute of Alfonso,Region V,05 - Bicol Region,Masbate,Masbate,Batuan,Batuan,Private Non-Sectarian,12.3894989,123.7472742,valid,False,v2,05,05041,0504104,0504104001
05217,Northills College of Asia (NCA),Region V,05 - Bicol Region,Camarines Norte,Camarines Norte,Labo,Labo,Private Non-Sectarian,14.15605541,122.8677972,valid,False,v2,05,05016,0501606,0501606026
05147,Oas Community College,Region V,05 - Bicol Region,Albay,Albay,Oas,Oas,LUC with Institutional Recognition,13.24984651,123.5165406,valid,False,v2,05,05005,0500512,0500512017
05066,Osmeña Colleges,Region V,05 - Bicol Region,Masbate,Masbate,Masbate City,Masbate City,Private Non-Sectarian,12.3724107,123.6212117,valid,False,v2,05,05041,0504111,0504111015
05067,Our Lady of Lourdes College Foundation,Region V,05 - Bicol Region,Camarines Norte,Camarines Norte,Daet,Daet,Private Non-Sectarian,14.12413612,122.9438554,valid,False,v2,05,05016,0501603,0501603013
05068,Our Lady of Peñafrancia Seminary,Region V,05 - Bicol Region,Sorsogon,Sorsogon,Sorsogon City,Sorsogon City,Private Sectarian,12.99077413,124.0144826,valid,False,v2,05,05062,0506216,0506216006
05158,Our Lady of Salvation College,Region V,05 - Bicol Region,Albay,Albay,Tiwi,Tiwi,Private Non-Sectarian,13.46219816,123.6423834,valid,False,v2,05,05005,0500518,0500518007
05175,Our Lady of the Most Holy Trinity College Seminary,Region V,05 - Bicol Region,Camarines Sur,Camarines Sur,Naga City,Naga City,Private Non-Sectarian,13.62506153,123.2514041,valid,False,v2,05,05017,0501724,0501724028
05137,PLT College of Guinobatan,Region V,05 - Bicol Region,Albay,Albay,Guinobatan,Guinobatan,Private Non-Sectarian,13.18927596,123.606924,valid,False,v2,05,05005,0500504,0500504043
05070,Partido College,Region V,05 - Bicol Region,Camarines Sur,Camarines Sur,Goa,Goa,Private Non-Sectarian,13.69341402,123.489183,valid,False,v2,05,05017,0501715,0501715003
05153,Partido State University-Caramoan Campus,Region V,05 - Bicol Region,Camarines Sur,Camarines Sur,Caramoan,Caramoan,SUC Satellite,13.78223,123.8579428,valid,False,v2,05,05017,0501711,0501711008
05154,Partido State University-Lagonoy Campus,Region V,05 - Bicol Region,Camarines Sur,Camarines Sur,Lagonoy,Lagonoy,SUC Satellite,13.7362190525484,123.527326028163,valid,False,v2,05,05017,0501717,0501717034
05071,Partido State University-Main,Region V,05 - Bicol Region,Camarines Sur,Camarines Sur,Goa,Goa,SUC Main,13.6967739,123.482015,valid,False,v2,05,05017,0501715,0501715028
05109,Partido State University-Sagñay Campus,Region V,05 - Bicol Region,Camarines Sur,Camarines Sur,Sagnay,Sagnay,SUC Satellite,13.6059093260073,123.533640372094,valid,False,v2,05,05017,0501731,0501731012
05152,Partido State University-Salogon Campus,Region V,05 - Bicol Region,Camarines Sur,Camarines Sur,San Jose,San Jose,SUC Satellite,13.6556009337601,123.521453563366,valid,False,v2,05,05017,0501733,0501733020
05118,Partido State University-San Jose Campus,Region V,05 - Bicol Region,Camarines Sur,Camarines Sur,San Jose,San Jose,SUC Satellite,13.7008021753537,123.522074938135,valid,False,v2,05,05017,0501733,0501733010
05124,Partido State University-Tinambac Campus,Region V,05 - Bicol Region,Camarines Sur,Camarines Sur,Tinambac,Tinambac,SUC Satellite,13.8144078331623,123.341986345119,valid,False,v2,05,05017,0501737,0501737008
05072,Perpetual Help Paramedical School,Region V,05 - Bicol Region,Albay,Albay,Tabaco City,Tabaco City,Private Non-Sectarian,13.32563135,123.6509834,valid,False,v2,05,05005,0500517,0500517046
05215,Pilar Community College,Region V,05 - Bicol Region,Sorsogon,Sorsogon,Pilar,Pilar,LUC,13.5682327,123.2631906,valid,False,v2,05,05017,0501728,0501728015
05074,Pili Capital College,Region V,05 - Bicol Region,Camarines Sur,Camarines Sur,Pili,Pili,Private Non-Sectarian,13.55761006,123.2703404,valid,False,v2,05,05017,0501728,0501728019
05075,Polangui Community College,Region V,05 - Bicol Region,Albay,Albay,Polangui,Polangui,LUC with Institutional Recognition,13.2888,123.5026905,valid,False,v2,05,05005,0500514,0500514002
05076,Polytechnic Institute of Tabaco,Region V,05 - Bicol Region,Albay,Albay,Tabaco City,Tabaco City,Private Non-Sectarian,13.35583,123.7244,valid,False,v2,05,05005,0500517,0500517027
13155e,Polytechnic University of the Philippines-Ragay,Region V,05 - Bicol Region,Camarines Sur,Camarines Sur,Ragay,Ragay,SUC Satellite,13.8185176469007,122.797466066444,valid,False,v2,05,05017,0501730,0501730024
05078,R.G. de Castro Colleges,Region V,05 - Bicol Region,Sorsogon,Sorsogon,Bulan,Bulan,Private Non-Sectarian,12.66596,123.8759,valid,False,v2,05,05062,0506203,0506203007
05131,Rapu-Rapu Community College,Region V,05 - Bicol Region,Albay,Albay,Rapu-Rapu,Rapu-Rapu,LUC,13.24109231,124.0426006,valid,False,v2,05,05005,0500515,0500515004
05166,Regina Mondi College,Region V,05 - Bicol Region,Camarines Sur,Camarines Sur,Iriga City,Iriga City,Private Non-Sectarian,13.41774556,123.3985066,valid,False,v2,05,05017,0501716,0501716018
05079,Republic Colleges of Guinobatan,Region V,05 - Bicol Region,Albay,Albay,Guinobatan,Guinobatan,Private Non-Sectarian,13.18922,123.6047,valid,False,v2,05,05005,0500504,0500504017
05198,SPJ International Technology Institute,Region V,05 - Bicol Region,Camarines Sur,Camarines Sur,Tinambac,Tinambac,Private Non-Sectarian,13.81719462,123.3288772,valid,False,v2,05,05017,0501737,0501737033
05107,STI College-Legazpi,Region V,05 - Bicol Region,Albay,Albay,Legazpi City,Legazpi City,Private Non-Sectarian,13.14162705,123.7502608,valid,False,v2,05,05005,0500506,0500506018
05183,STI College-Naga City,Region V,05 - Bicol Region,Camarines Sur,Camarines Sur,Naga City,Naga City,Private Non-Sectarian,13.6179311,123.1915194,valid,False,v2,05,05017,0501724,0501724032
05081,San Jose Community College,Region V,05 - Bicol Region,Albay,Albay,Malilipot,Malilipot,LUC with Institutional Recognition,13.30242206,123.75212,valid,False,v2,05,05005,0500509,0500509015
05202,San Pascual Polytechnic College,Region V,05 - Bicol Region,Masbate,Masbate,San Pascual,San Pascual,LUC with Institutional Recognition,13.12796676,122.978311,valid,False,v2,05,05041,0504120,0504120002
05180,Shepherdville College,Region V,05 - Bicol Region,Camarines Sur,Camarines Sur,Tigaon,Tigaon,Private Non-Sectarian,13.62651236,123.4948676,valid,False,v2,05,05017,0501736,0501736022
05168,Siena College-Tigaon,Region V,05 - Bicol Region,Camarines Sur,Camarines Sur,Tigaon,Tigaon,Private Sectarian,13.63535,123.498076,valid,False,v2,05,05017,0501736,0501736019
05143,Solis Institute of Technology,Region V,05 - Bicol Region,Sorsogon,Sorsogon,Bulan,Bulan,Private Non-Sectarian,12.66996171,123.8769983,valid,False,v2,05,05062,0506203,0506203032
05132,Sorsogon College of Criminology,Region V,05 - Bicol Region,Sorsogon,Sorsogon,Sorsogon City,Sorsogon City,Private Non-Sectarian,12.97139217,123.9949608,valid,False,v2,05,05062,0506216,0506216025
05119,Sorsogon State University-Bulan Campus,Region V,05 - Bicol Region,Sorsogon,Sorsogon,Bulan,Bulan,SUC Satellite,12.6662858072176,123.881382320964,valid,False,v2,05,05062,0506203,0506203065
05121,Sorsogon State University-Castilla Campus,Region V,05 - Bicol Region,Sorsogon,Sorsogon,Castilla,Castilla,SUC Satellite,12.8230004348462,123.842702519428,valid,False,v2,05,05062,0506211,0506211001
05120,Sorsogon State University-Magallanes Campus,Region V,05 - Bicol Region,Sorsogon,Sorsogon,Magallanes,Magallanes,SUC Satellite,12.82411984,123.8429171,valid,False,v2,05,05062,0506211,0506211001
05084,Sorsogon State University-Main,Region V,05 - Bicol Region,Sorsogon,Sorsogon,Sorsogon City,Sorsogon City,SUC Main,12.9574529,123.7942601,valid,False,v2,05,05062,0506206,0506206018
05085,Southern Bicol Colleges,Region V,05 - Bicol Region,Masbate,Masbate,Masbate City,Masbate City,Private Non-Sectarian,12.36851815,123.6227572,valid,False,v2,05,05041,0504111,0504111019
05086,Southern Luzon Institute,Region V,05 - Bicol Region,Sorsogon,Sorsogon,Bulan,Bulan,Private Non-Sectarian,12.67311647,123.8755592,valid,False,v2,05,05062,0506203,0506203009
05157,Southern Luzon Technological College Foundation-Legazpi,Region V,05 - Bicol Region,Albay,Albay,Legazpi City,Legazpi City,Private Non-Sectarian,13.15068396,123.7547381,valid,False,v2,05,05005,0500506,0500506067
05185,Southern Luzon Technological College Foundation-Pilar,Region V,05 - Bicol Region,Sorsogon,Sorsogon,Pilar,Pilar,Private Non-Sectarian,12.93731608,123.6555508,valid,False,v2,05,05062,0506213,0506213030
05186,Southern Luzon Technological College Foundation-Pioduran,Region V,05 - Bicol Region,Albay,Albay,Pioduran,Pioduran,Private Non-Sectarian,13.02939563,123.4465115,valid,False,v2,05,05005,0500513,0500513024
05088,Southern Masbate Roosevelt College,Region V,05 - Bicol Region,Masbate,Masbate,Placer,Placer,Private Non-Sectarian,11.86916808,123.9129152,valid,False,v2,05,05041,0504117,0504117013
05122,Speed Computer College,Region V,05 - Bicol Region,Sorsogon,Sorsogon,Sorsogon City,Sorsogon City,Private Non-Sectarian,12.98,124.008885,valid,False,v2,05,05062,0506216,0506216006
05206,St. Francis Carraciolo Culinary Academy,Region V,05 - Bicol Region,Camarines Norte,Camarines Norte,Vinzons,Vinzons,Private Non-Sectarian,14.14082746,122.8946089,valid,False,v2,05,05016,0501611,0501611010
05032,St. Louise De Marillac College of Sorsogon,Region V,05 - Bicol Region,Sorsogon,Sorsogon,Sorsogon City,Sorsogon City,Private Sectarian,12.96814734,124.0032491,valid,False,v2,05,05062,0506216,0506216035
05133,St. Peter Baptist College Foundation,Region V,05 - Bicol Region,Camarines Sur,Camarines Sur,Lupi,Lupi,Private Non-Sectarian,13.79160338,122.9144573,valid,False,v2,05,05017,0501719,0501719027
05149,Sta. Elena (Camarines Norte) College,Region V,05 - Bicol Region,Camarines Norte,Camarines Norte,Sta. Elena,Sta. Elena,Private Non-Sectarian,14.18492923,122.392102,valid,False,v2,05,05016,0501610,0501610009
05233,Sto. Domingo Community College,Region V,05 - Bicol Region,Albay,Albay,Sto. Domingo,Sto. Domingo,LUC,13.261677,123.785216,valid,False,v2,05,05005,0500516,0500516019
05089,Tabaco College,Region V,05 - Bicol Region,Albay,Albay,Tabaco City,Tabaco City,Private Non-Sectarian,13.3569072,123.7260605,valid,False,v2,05,05005,0500517,0500517038
05090,Tanchuling College,Region V,05 - Bicol Region,Albay,Albay,Legazpi City,Legazpi City,Private Non-Sectarian,13.14408938,123.7533998,valid,False,v2,05,05005,0500506,0500506022
05144,The Lewis College,Region V,05 - Bicol Region,Sorsogon,Sorsogon,Sorsogon City,Sorsogon City,Private Non-Sectarian,12.97642589,124.0095047,valid,False,v2,05,05062,0506216,0506216003
05126,Tiwi Community College,Region V,05 - Bicol Region,Albay,Albay,Tiwi,Tiwi,LUC with Institutional Recognition,13.45357058,123.6759174,valid,False,v2,05,05005,0500518,0500518014
05033,Universidad de Sta. Isabel,Region V,05 - Bicol Region,Camarines Sur,Camarines Sur,Naga City,Naga City,Private Sectarian,13.62829,123.1878897,valid,False,v2,05,05017,0501724,0501724024
05091,University of Northeastern Philippines,Region V,05 - Bicol Region,Camarines Sur,Camarines Sur,Iriga City,Iriga City,Private Non-Sectarian,13.42214,123.41059,valid,False,v2,05,05017,0501716,0501716025
05092,University of Nueva Caceres,Region V,05 - Bicol Region,Camarines Sur,Camarines Sur,Naga City,Naga City,Private Non-Sectarian,13.62471257,123.1831395,valid,False,v2,05,05017,0501724,0501724029
05093,University of Saint Anthony,Region V,05 - Bicol Region,Camarines Sur,Camarines Sur,Iriga City,Iriga City,Private Non-Sectarian,13.42384065,123.4070099,valid,False,v2,05,05017,0501716,0501716020
05008,University of Santo Tomas-Legazpi,Region V,05 - Bicol Region,Albay,Albay,Legazpi City,Legazpi City,Private Non-Sectarian,13.1637381,123.7490771,valid,False,v2,05,05005,0500506,0500506064
05096,Veritas College of Irosin,Region V,05 - Bicol Region,Sorsogon,Sorsogon,Irosin,Irosin,Private Non-Sectarian,12.70304398,124.0333378,valid,False,v2,05,05062,0506209,0506209024
05145,West Coast College,Region V,05 - Bicol Region,Albay,Albay,Pioduran,Pioduran,Private Non-Sectarian,13.03776974,123.4513311,valid,False,v2,05,05005,0500513,0500513009
05098,Worldtech Resources Foundation-Iriga City,Region V,05 - Bicol Region,Camarines Sur,Camarines Sur,Iriga City,Iriga City,Private Non-Sectarian,13.42079501,123.4196601,valid,False,v2,05,05017,0501716,0501716019
05097,Worldtech Resources Foundation-Naga City,Region V,05 - Bicol Region,Camarines Sur,Camarines Sur,Naga City,Naga City,Private Non-Sectarian,13.66309423,123.2459813,valid,False,v2,05,05017,0501720,0501720003
05127,Zamora Memorial College,Region V,05 - Bicol Region,Albay,Albay,Bacacay,Bacacay,Private Non-Sectarian,13.29216058,123.7950657,valid,False,v2,05,05005,0500501,0500501045
05232,"iConnect Global Institute, Inc.",Region V,05 - Bicol Region,Camarines Sur,Camarines Sur,Ocampo,Ocampo,Private Non-Sectarian,13.55968,123.4099,valid,False,v2,05,05017,0501725,0501725013
06140,ABE International Business College-Iloilo,Region VI,06 - Western Visayas,Iloilo,Iloilo,Iloilo City,Iloilo City,Private Non-Sectarian,10.6984,122.564,valid,False,v2,06,06310,0631000,0631000148
06171,ACLC College of Iloilo,Region VI,06 - Western Visayas,Iloilo,Iloilo,Iloilo City,Iloilo City,Private Non-Sectarian,10.6984060283325,122.566529522295,valid,False,v2,06,06310,0631000,0631000146
06009,ACSI College Iloilo,Region VI,06 - Western Visayas,Iloilo,Iloilo,Iloilo City,Iloilo City,Private Non-Sectarian,10.6957538505477,122.570062288974,valid,False,v2,06,06310,0631000,0631000007
06116,AMA Computer College-Iloilo,Region VI,06 - Western Visayas,Iloilo,Iloilo,Iloilo City,Iloilo City,Private Non-Sectarian,10.7248894938633,122.561278516878,valid,False,v2,06,06310,0631000,0631000175
06166,Advance Central College,Region VI,06 - Western Visayas,Antique,Antique,San Jose de Buenavista,San Jose de Buenavista,Private Non-Sectarian,10.7466472505533,121.942412627304,valid,False,v2,06,06006,0600613,0600613003
06002,Aklan Catholic College,Region VI,06 - Western Visayas,Aklan,Aklan,Kalibo,Kalibo,Private Sectarian,11.7104882632921,122.363271834212,valid,False,v2,06,06004,0600407,0600407013
06004,Aklan Polytechnic College,Region VI,06 - Western Visayas,Aklan,Aklan,Kalibo,Kalibo,Private Non-Sectarian,11.7016037764624,122.368470688986,valid,False,v2,06,06004,0600407,0600407001
06005,Aklan State University-Banga Campus,Region VI,06 - Western Visayas,Aklan,Aklan,Banga,Banga,SUC Main,11.6333351828677,122.329550305348,valid,False,v2,06,06004,0600403,0600403002
06106,Aklan State University-Ibajay Campus,Region VI,06 - Western Visayas,Aklan,Aklan,Ibajay,Ibajay,SUC Satellite,11.8187438220606,122.173808143906,valid,False,v2,06,06004,0600406,0600406013
06073,Aklan State University-Kalibo Campus,Region VI,06 - Western Visayas,Aklan,Aklan,Kalibo,Kalibo,SUC Satellite,11.7034567814562,122.375765162729,valid,False,v2,06,06004,0600407,0600407001
06107,Aklan State University-Makato,Region VI,06 - Western Visayas,Aklan,Aklan,Makato,Makato,SUC Satellite,11.7043352250925,122.300735060233,valid,False,v2,06,06004,0600411,0600411008
06003,Aklan State University-New Washington,Region VI,06 - Western Visayas,Aklan,Aklan,New Washington,New Washington,SUC Satellite,11.6465207191418,122.43697659795,valid,False,v2,06,06004,0600415,0600415013
06149,Altavas College,Region VI,06 - Western Visayas,Aklan,Aklan,Altavas,Altavas,LUC,11.5361938428175,122.479291679737,valid,False,v2,06,06004,0600401,0600401011
06151,Balete Community College,Region VI,06 - Western Visayas,Aklan,Aklan,Balete,Balete,LUC,11.5566034040524,122.379435039258,valid,False,v2,06,06004,0600402,0600402001
06110,Batan Integrated College of Technology,Region VI,06 - Western Visayas,Aklan,Aklan,Batan,Batan,LUC,11.6171957355392,122.50001288275,valid,False,v2,,,,
06013,Cabalum Western College,Region VI,06 - Western Visayas,Iloilo,Iloilo,Iloilo City,Iloilo City,Private Non-Sectarian,10.7014845033133,122.56857785274,valid,False,v2,06,06310,0631000,0631000042
06066,Capiz State University-Burias Campus,Region VI,06 - Western Visayas,Capiz,Capiz,Roxas City,Roxas City,SUC Satellite,11.4460852067328,122.549916300806,valid,False,v2,06,06019,0601908,0601908012
06154,Capiz State University-Dayao,Region VI,06 - Western Visayas,Capiz,Capiz,Roxas City,Roxas City,SUC Satellite,11.5907188557588,122.730336145882,valid,False,v2,06,06019,0601914,0601914027
06141,Capiz State University-Dumarao Campus,Region VI,06 - Western Visayas,Capiz,Capiz,Dumarao,Dumarao,SUC Satellite,11.2451025288478,122.679673937395,valid,False,v2,06,06019,0601904,0601904016
06017,Capiz State University-Main,Region VI,06 - Western Visayas,Capiz,Capiz,Roxas City,Roxas City,SUC Main,11.5781984885835,122.75625398548,valid,False,v2,06,06019,0601914,0601914015
06135,Capiz State University-Pilar Campus,Region VI,06 - Western Visayas,Capiz,Capiz,Pilar,Pilar,SUC Satellite,11.484761430695,123.007287422084,valid,False,v2,06,06019,0601911,0601911011
06153,Capiz State University-Poblacion Mambusao,Region VI,06 - Western Visayas,Capiz,Capiz,Mambusao,Mambusao,SUC Satellite,11.4313996102693,122.598071682961,valid,False,v2,06,06019,0601908,0601908023
06071,Capiz State University-Pontevedra Campus,Region VI,06 - Western Visayas,Capiz,Capiz,Pontevedra,Pontevedra,SUC Satellite,11.4484971516232,122.829180712691,valid,False,v2,06,06019,0601912,0601912004
06105,Capiz State University-Sigma Campus,Region VI,06 - Western Visayas,Capiz,Capiz,Sigma,Sigma,SUC Satellite,11.4236581910623,122.661367392381,valid,False,v2,06,06019,0601916,0601916020
06137,Capiz State University-Tapaz Campus,Region VI,06 - Western Visayas,Capiz,Capiz,Tapaz,Tapaz,SUC Satellite,11.2891859392909,122.539111336902,valid,False,v2,06,06019,0601917,0601917042
06022,Central Philippine University,Region VI,06 - Western Visayas,Iloilo,Iloilo,Iloilo City,Iloilo City,Private Sectarian,10.731539941442,122.547143434298,valid,False,v2,06,06310,0631000,0631000151
06025,Colegio de San Jose-Jaro,Region VI,06 - Western Visayas,Iloilo,Iloilo,Iloilo City,Iloilo City,Private Sectarian,10.7219188245084,122.562979869682,valid,False,v2,06,06310,0631000,0631000106
06023,Colegio de la Purisima Concepcion,Region VI,06 - Western Visayas,Capiz,Capiz,Roxas City,Roxas City,Private Sectarian,11.5856514576355,122.784900175058,valid,False,v2,06,06019,0601914,0601914048
06027,Colegio del Sagrado Corazon de Jesus,Region VI,06 - Western Visayas,Iloilo,Iloilo,Iloilo City,Iloilo City,Private Sectarian,10.6907600877593,122.575924200071,valid,False,v2,06,06310,0631000,0631000169
06119,College of St. John-Roxas,Region VI,06 - Western Visayas,Capiz,Capiz,Roxas City,Roxas City,Private Sectarian,11.5814719903717,122.766235137409,valid,False,v2,06,06019,0601914,0601914004
06036,Filamer Christian University,Region VI,06 - Western Visayas,Capiz,Capiz,Roxas City,Roxas City,Private Sectarian,11.5759424220843,122.753225787135,valid,False,v2,06,06019,0601914,0601914007
06167,GSEF College,Region VI,06 - Western Visayas,Iloilo,Iloilo,Cabatuan,Cabatuan,Private Non-Sectarian,10.8959021684864,122.489458762999,valid,False,v2,06,06030,0603012,0603012061
06038,Garcia College of Technology,Region VI,06 - Western Visayas,Aklan,Aklan,Kalibo,Kalibo,Private Non-Sectarian,11.6926555312237,122.367013754055,valid,False,v2,06,06004,0600407,0600407008
06190,Green International Technological College,Region VI,06 - Western Visayas,Iloilo,Iloilo,Iloilo City,Iloilo City,Private Non-Sectarian,10.7091969869706,122.56458819322,valid,False,v2,06,06310,0631000,0631000015
06177,Guimaras State University-Baterna Campus,Region VI,06 - Western Visayas,Guimaras,Guimaras,San Lorenzo,San Lorenzo,SUC Satellite,10.5844233231653,122.67402105215,valid,False,v2,06,06079,0607904,0607904002
06040,Guimaras State University-Main,Region VI,06 - Western Visayas,Guimaras,Guimaras,Buenavista,Buenavista,SUC Main,10.7011893520775,122.658643833949,valid,False,v2,06,06079,0607901,0607901016
06040a,Guimaras State University-Mosqueda,Region VI,06 - Western Visayas,Guimaras,Guimaras,Jordan,Jordan,SUC Satellite,10.6231776190944,122.594361452785,valid,False,v2,06,06079,0607902,0607902002
06147,Hercor College,Region VI,06 - Western Visayas,Capiz,Capiz,Roxas City,Roxas City,Private Non-Sectarian,11.5704739663273,122.754333137644,valid,False,v2,06,06019,0601914,0601914033
06175,Hua Siong College of Iloilo,Region VI,06 - Western Visayas,Iloilo,Iloilo,Iloilo City,Iloilo City,Private Non-Sectarian,10.6988125408683,122.568839172637,valid,False,v2,06,06310,0631000,0631000042
06182,Iloilo City Community College,Region VI,06 - Western Visayas,Iloilo,Iloilo,Iloilo City,Iloilo City,LUC with Institutional Recognition,10.6991932935906,122.549121639247,valid,False,v2,06,06310,0631000,0631000158
06042,Iloilo Doctors' College,Region VI,06 - Western Visayas,Iloilo,Iloilo,Iloilo City,Iloilo City,Private Non-Sectarian,10.6959430108622,122.554406714111,valid,False,v2,06,06310,0631000,0631000192
06043,Iloilo Doctors' College of Medicine,Region VI,06 - Western Visayas,Iloilo,Iloilo,Iloilo City,Iloilo City,Private Non-Sectarian,10.6967653194764,122.554428171782,valid,False,v2,06,06310,0631000,0631000053
06184,Iloilo Merchant Marine School,Region VI,06 - Western Visayas,Iloilo,Iloilo,Pavia,Pavia,Private Non-Sectarian,10.7943988473484,122.535167511715,valid,False,v2,06,06030,0603036,0603036010
06126,Iloilo Science and Technology University-Barotac Nuevo Campus,Region VI,06 - Western Visayas,Iloilo,Iloilo,Barotac Nuevo,Barotac Nuevo,SUC Satellite,10.898116273384,122.751245172032,valid,False,v2,06,06030,0603007,0603007013
06125,Iloilo Science and Technology University-Dumangas Campus,Region VI,06 - Western Visayas,Iloilo,Iloilo,Dumangas,Dumangas,SUC Satellite,10.8642156259026,122.726738516441,valid,False,v2,06,06030,0603018,0603018028
06055,Iloilo Science and Technology University-Leon Campus,Region VI,06 - Western Visayas,Iloilo,Iloilo,Leon,Leon,SUC Satellite,10.8085331656822,122.439288436206,valid,False,v2,06,06030,0603002,0603002045
06099,Iloilo Science and Technology University-Main,Region VI,06 - Western Visayas,Iloilo,Iloilo,Iloilo City,Iloilo City,SUC Main,10.7161335701955,122.569135836822,valid,False,v2,06,06310,0631000,0631000077
06083,Iloilo Science and Technology University-Miagao Campus,Region VI,06 - Western Visayas,Iloilo,Iloilo,Miagao,Miagao,SUC Satellite,10.6460328831869,122.243826237312,valid,False,v2,06,06030,0603030,0603030059
06103,Iloilo State University of Fisheries-Barotac Nuevo Campus,Region VI,06 - Western Visayas,Iloilo,Iloilo,Barotac Nuevo,Barotac Nuevo,SUC Satellite,10.8988290795589,122.702349559616,valid,False,v2,06,06030,0603007,0603007006
06032,Iloilo State University of Fisheries-Dingle Campus,Region VI,06 - Western Visayas,Iloilo,Iloilo,Dingle,Dingle,SUC Satellite,11.0023928725085,122.663310354704,valid,False,v2,06,06030,0603016,0603016027
06034,Iloilo State University of Fisheries-Dumangas Campus,Region VI,06 - Western Visayas,Iloilo,Iloilo,Dumangas,Dumangas,SUC Satellite,10.9004425733577,122.708020869363,valid,False,v2,06,06030,0603007,0603007006
06044,Iloilo State University of Fisheries-Main,Region VI,06 - Western Visayas,Iloilo,Iloilo,Barotac Nuevo,Barotac Nuevo,SUC Main,10.9009482653201,122.699437800121,valid,False,v2,06,06030,0603007,0603007025
06080,Iloilo State University of Fisheries-San Enrique Campus,Region VI,06 - Western Visayas,Iloilo,Iloilo,San Enrique,San Enrique,SUC Satellite,11.077293016132,122.661669421525,valid,False,v2,06,06030,0603039,0603039006
06130,Integrated Midwives Association of the Philippines Foundation School of Midwifery,Region VI,06 - Western Visayas,Iloilo,Iloilo,Iloilo City,Iloilo City,Private Non-Sectarian,10.7343086881191,122.548860246099,valid,False,v2,06,06310,0631000,0631000151
06118,Interface Computer College-Iloilo,Region VI,06 - Western Visayas,Iloilo,Iloilo,Iloilo City,Iloilo City,Private Sectarian,10.7010806487392,122.554240239965,valid,False,v2,06,06310,0631000,0631000174
06048,John B. Lacson Foundation Maritime University-Arevalo,Region VI,06 - Western Visayas,Iloilo,Iloilo,Iloilo City,Iloilo City,Private Non-Sectarian,10.6814332579279,122.508822496911,valid,False,v2,06,06310,0631000,0631000168
06047,John B. Lacson Foundation Maritime University-Molo,Region VI,06 - Western Visayas,Iloilo,Iloilo,Iloilo City,Iloilo City,Private Non-Sectarian,10.6993720627561,122.552562168083,valid,False,v2,06,06310,0631000,0631000174
06186,Malay College,Region VI,06 - Western Visayas,Aklan,Aklan,Malay,Malay,LUC,11.9013892204976,121.9186796,valid,False,v2,06,06004,0600412,0600412003
06104,Northern Iloilo State University-Ajuy Campus,Region VI,06 - Western Visayas,Iloilo,Iloilo,Ajuy,Ajuy,SUC Satellite,11.1700350712681,123.018136355227,valid,False,v2,06,06030,0603001,0603001027
06061,Northern Iloilo State University-Barotac Viejo Campus,Region VI,06 - Western Visayas,Iloilo,Iloilo,Barotac Viejo,Barotac Viejo,SUC Satellite,11.0413914468729,122.88584693144,valid,False,v2,06,06030,0603008,0603008016
06011,Northern Iloilo State University-Batad Campus,Region VI,06 - Western Visayas,Iloilo,Iloilo,Batad,Batad,SUC Satellite,11.4244497841591,123.114125662687,valid,False,v2,06,06030,0603009,0603009004
06029,Northern Iloilo State University-Concepcion Campus,Region VI,06 - Western Visayas,Iloilo,Iloilo,Concepcion,Concepcion,SUC Satellite,11.2159873145147,123.113201916119,valid,False,v2,,,,
06063,"Northern Iloilo State University-Estancia, Iloilo",Region VI,06 - Western Visayas,Iloilo,Iloilo,Estancia,Estancia,SUC Main,11.4550018962895,123.149451798844,valid,False,v2,06,06030,0603019,0603019024
06101,Northern Iloilo State University-Lemery Campus,Region VI,06 - Western Visayas,Iloilo,Iloilo,Lemery,Lemery,SUC Satellite,11.2239087002932,122.933476790854,valid,False,v2,06,06030,0603027,0603027021
06093,Northern Iloilo State University-Sara Campus,Region VI,06 - Western Visayas,Iloilo,Iloilo,Sara,Sara,SUC Satellite,11.2585753874116,123.021211497783,valid,False,v2,06,06030,0603044,0603044004
06064,Northwestern Visayan Colleges,Region VI,06 - Western Visayas,Aklan,Aklan,Kalibo,Kalibo,Private Non-Sectarian,11.6967960645135,122.369730608349,valid,False,v2,06,06004,0600407,0600407008
06109,Pandan Bay Institute,Region VI,06 - Western Visayas,Antique,Antique,Pandan,Pandan,Private Non-Sectarian,11.7210751807222,122.096192820974,valid,False,v2,06,06006,0600611,0600611026
06152,Passi City College,Region VI,06 - Western Visayas,Iloilo,Iloilo,Passi City,Passi City,LUC with Institutional Recognition,11.1331687546706,122.647224764389,valid,False,v2,06,06030,0603035,0603035009
06180,Philippine College of Business and Accountancy,Region VI,06 - Western Visayas,Guimaras,Guimaras,Nueva Valencia,Nueva Valencia,Private Non-Sectarian,11.7157,122.3753086,valid,False,v2,06,06004,0600407,0600407006
06193,Pius XII College Iloilo,Region VI,06 - Western Visayas,Iloilo,Iloilo,Iloilo City,Iloilo City,Private Non-Sectarian,10.7241426454158,122.556734869386,valid,False,v2,06,06310,0631000,0631000018
06144,STI College-Kalibo,Region VI,06 - Western Visayas,Aklan,Aklan,Kalibo,Kalibo,Private Non-Sectarian,10.7917,122.009,valid,False,v2,06,06006,0600616,0600616061
06075,Saint Anthony's College-Antique,Region VI,06 - Western Visayas,Antique,Antique,San Jose de Buenavista,San Jose de Buenavista,Private Sectarian,10.7392114489377,121.950924517263,valid,False,v2,06,06006,0600613,0600613027
06076,Saint Gabriel College,Region VI,06 - Western Visayas,Aklan,Aklan,Kalibo,Kalibo,Private Non-Sectarian,11.8221924918481,122.115091953991,valid,False,v2,06,06004,0600406,0600406005
06081,Sancta Maria Mater et Regina Seminarium,Region VI,06 - Western Visayas,Capiz,Capiz,Roxas City,Roxas City,Private Sectarian,11.571879693143,122.716264201931,valid,False,v2,06,06019,0601914,0601914022
06174,Santa Isabel College of Iloilo City,Region VI,06 - Western Visayas,Iloilo,Iloilo,Iloilo City,Iloilo City,Private Non-Sectarian,10.7189373381327,122.570923546084,valid,False,v2,06,06310,0631000,0631000201
06085,Santo Niño Seminary,Region VI,06 - Western Visayas,Aklan,Aklan,Numancia,Numancia,Private Sectarian,11.7051488687081,122.328977509877,valid,False,v2,06,06004,0600416,0600416016
06074,St. Anthony College of Roxas City,Region VI,06 - Western Visayas,Capiz,Capiz,Roxas City,Roxas City,Private Sectarian,11.5782389780693,122.757212209876,valid,False,v2,06,06019,0601914,0601914015
06191,St. Joseph Regional Seminary Graduate School of Theology,Region VI,06 - Western Visayas,Iloilo,Iloilo,"Jaro, Iloilo City","Jaro, Iloilo City",Private Sectarian,10.7317134016133,122.56766047918,valid,False,v2,06,06310,0631000,0631000041
06077,St. Paul University of Iloilo,Region VI,06 - Western Visayas,Iloilo,Iloilo,Iloilo City,Iloilo City,Private Sectarian,10.7020311072585,122.567435481576,valid,False,v2,06,06310,0631000,0631000042
06122,St. Therese-MTC Colleges-La Fiesta,Region VI,06 - Western Visayas,Iloilo,Iloilo,Iloilo City,Iloilo City,Private Non-Sectarian,10.699,122.552,valid,False,v2,06,06310,0631000,0631000174
06138,St. Therese-MTC Colleges-Magdalo,Region VI,06 - Western Visayas,Iloilo,Iloilo,Iloilo City,Iloilo City,Private Non-Sectarian,10.7114608273715,122.567529521509,valid,False,v2,06,06310,0631000,0631000139
06057,St. Therese-MTC Colleges-Tigbauan,Region VI,06 - Western Visayas,Iloilo,Iloilo,Tigbauan,Tigbauan,Private Non-Sectarian,10.72181,122.5574,valid,False,v2,06,06310,0631000,0631000163
06181,St. Vincent College of Business and Accountancy,Region VI,06 - Western Visayas,Capiz,Capiz,Ivisan,Ivisan,Private Non-Sectarian,11.5145856823335,122.728300650354,valid,False,v2,06,06019,0601905,0601905007
06163,St. Vincent College of Science and Technology,Region VI,06 - Western Visayas,Iloilo,Iloilo,Leganes,Leganes,Private Non-Sectarian,10.7994178881645,122.59448227048,valid,False,v2,06,06030,0603026,0603026004
06079,St. Vincent Ferrer Seminary,Region VI,06 - Western Visayas,Iloilo,Iloilo,Iloilo City,Iloilo City,Private Sectarian,10.7220669691666,122.557767033152,valid,False,v2,06,06310,0631000,0631000163
06006,University of Antique - Hamtic,Region VI,06 - Western Visayas,Antique,Antique,Hamtic,Hamtic,SUC Satellite,10.6655669125607,121.988640554658,valid,False,v2,06,06006,0600608,0600608024
06069,University of Antique - Main,Region VI,06 - Western Visayas,Antique,Antique,Sibalom,Sibalom,SUC Main,10.7916285123686,122.009963721607,valid,False,v2,06,06006,0600616,0600616061
06086,University of Antique - Tario Lim Antique School of Fisheries,Region VI,06 - Western Visayas,Antique,Antique,Tibiao,Tibiao,SUC Satellite,11.2890627297781,122.042373011449,valid,False,v2,06,06006,0600617,0600617012
06197,University of Antique – Caluya,Region VI,06 - Western Visayas,Antique,Antique,Caluya,Caluya,SUC Satellite,11.9372871374193,121.549188467346,valid,False,v2,06,06006,0600605,0600605011
06196,University of Antique – Libertad,Region VI,06 - Western Visayas,Antique,Antique,Libertad,Libertad,SUC Satellite,11.8100015109253,121.907189878476,valid,False,v2,06,06004,0600405,0600405015
06088,University of Iloilo,Region VI,06 - Western Visayas,Iloilo,Iloilo,Iloilo City,Iloilo City,Private Non-Sectarian,10.6921295408335,122.570248254043,valid,False,v2,06,06310,0631000,0631000107
06185,University of Perpetual Help System Laguna Pueblo de Panay Campus,Region VI,06 - Western Visayas,Capiz,Capiz,Roxas,Roxas,Private Non-Sectarian,11.5650361641836,122.746577486588,valid,False,v2,06,06019,0601914,0601914033
06091,University of San Agustin,Region VI,06 - Western Visayas,Iloilo,Iloilo,Iloilo City,Iloilo City,Private Non-Sectarian,10.6996609240436,122.56325951781,valid,False,v2,06,06310,0631000,0631000148
06092,University of The Philippines-Visayas,Region VI,06 - Western Visayas,Iloilo,Iloilo,Miagao,Miagao,SUC Satellite,10.6462770940124,122.239578561935,valid,False,v2,06,06030,0603030,0603030059
06030,Vicente A. Javier Memorial Community College,Region VI,06 - Western Visayas,Antique,Antique,Culasi,Culasi,LUC,11.4321848079399,122.058775621126,valid,False,v2,06,06006,0600606,0600606032
06015,West Visayas State University-Calinog Campus,Region VI,06 - Western Visayas,Iloilo,Iloilo,Calinog,Calinog,SUC Satellite,11.1167328115828,122.539830240484,valid,False,v2,06,06030,0603013,0603013064
06168,"West Visayas State University-College of Agriculture and Forestry, Lambunao",Region VI,06 - Western Visayas,Iloilo,Iloilo,Lambunao,Lambunao,SUC Satellite,11.1038328542265,122.416115861143,valid,False,v2,06,06030,0603025,0603025036
06100,West Visayas State University-Janiuay Campus,Region VI,06 - Western Visayas,Iloilo,Iloilo,Janiuay,Janiuay,SUC Satellite,10.9483826170543,122.504341222506,valid,False,v2,06,06030,0603023,0603023047
06054,West Visayas State University-Lambunao Campus,Region VI,06 - Western Visayas,Iloilo,Iloilo,Lambunao,Lambunao,SUC Satellite,11.0604746651341,122.481838708673,valid,False,v2,06,06030,0603025,0603025057
06097,West Visayas State University-Main,Region VI,06 - Western Visayas,Iloilo,Iloilo,Iloilo City,Iloilo City,SUC Main,10.7144041262188,122.564498168156,valid,False,v2,06,06310,0631000,0631000157
06070,West Visayas State University-Pototan Campus,Region VI,06 - Western Visayas,Iloilo,Iloilo,Pototan,Pototan,SUC Satellite,10.9454366528847,122.643309760621,valid,False,v2,06,06030,0603037,0603037012
06098,Western Institute of Technology,Region VI,06 - Western Visayas,Iloilo,Iloilo,Iloilo City,Iloilo City,Private Non-Sectarian,10.7121611275194,122.575274577463,valid,False,v2,06,06310,0631000,0631000096
07145,ACLC College of Mandaue,Region VII,07 - Central Visayas,Cebu,Cebu,Mandaue City,Mandaue City,Private Non-Sectarian,10.3348816566279,123.938875809566,valid,False,v2,07,07313,0731300,0731300017
07001,AMA Computer College-Cebu City,Region VII,07 - Central Visayas,Cebu,Cebu,Cebu City,Cebu City,Private Non-Sectarian,10.321551,123.9162,valid,False,v2,07,07306,0730600,0730600046
07002,Asian College of Technology,Region VII,07 - Central Visayas,Cebu,Cebu,Talisay City,Talisay City,Private Non-Sectarian,10.2721646646716,123.846912752055,valid,False,v2,07,07022,0702250,0702250001
07192,Asian College of Technology International Educational Foundation,Region VII,07 - Central Visayas,Cebu,Cebu,Cebu City,Cebu City,Private Non-Sectarian,10.2994446283523,123.896137472912,valid,False,v2,07,07306,0730600,0730600064
07114,BIT International College-Carmen,Region VII,07 - Central Visayas,Bohol,Bohol,Carmen,Carmen,Private Non-Sectarian,10.3183452644145,123.899078097914,valid,False,v2,07,07306,0730600,0730600036
07008,BIT International College-Tagbilaran,Region VII,07 - Central Visayas,Bohol,Bohol,Tagbilaran City,Tagbilaran City,Private Non-Sectarian,9.64710709405123,123.853105268858,valid,False,v2,07,07012,0701242,0701242011
07010,BIT International College-Talibon,Region VII,07 - Central Visayas,Bohol,Bohol,Talibon,Talibon,Private Non-Sectarian,10.1356174566732,124.31971916539,valid,False,v2,07,07012,0701243,0701243030
07095,Bantayan Southern Institute,Region VII,07 - Central Visayas,Cebu,Cebu,Bantayan,Bantayan,Private Non-Sectarian,11.1716302465706,123.716618911417,valid,False,v2,07,07022,0702209,0702209004
07004,Baptist Theological College,Region VII,07 - Central Visayas,Cebu,Cebu,Mandaue City,Mandaue City,Private Sectarian,10.3440016425699,123.917680713254,valid,False,v2,07,07313,0731300,0731300003
07088,Batuan Colleges,Region VII,07 - Central Visayas,Bohol,Bohol,Batuan,Batuan,Private Non-Sectarian,9.78051371095533,124.146285669076,valid,False,v2,07,07012,0701207,0701207009
07119,Benedicto College,Region VII,07 - Central Visayas,Cebu,Cebu,Mandaue City,Mandaue City,Private Non-Sectarian,10.3388107139479,123.93067428452,valid,False,v2,07,07313,0731300,0731300002
07200,Benedicto College-Cebu,Region VII,07 - Central Visayas,Cebu,Cebu,CEBU CITY,CEBU CITY,Private Non-Sectarian,10.3057868147189,123.909800904972,valid,False,v2,07,07306,0730600,0730600083
07006,Blessed Trinity College,Region VII,07 - Central Visayas,Bohol,Bohol,Talibon,Talibon,Private Sectarian,10.1480372620604,124.321499932877,valid,False,v2,07,07012,0701243,0701243021
07009,Bohol Institute of Technology-Jagna,Region VII,07 - Central Visayas,Bohol,Bohol,Jagna,Jagna,Private Non-Sectarian,9.65559690705578,124.367754022784,valid,False,v2,07,07012,0701225,0701225031
07185,Bohol International Learning College,Region VII,07 - Central Visayas,Bohol,Bohol,Cortes,Cortes,Private Non-Sectarian,9.69581457771348,123.874933796066,valid,False,v2,07,07012,0701242,0701242015
07101,Bohol Island State University - Bilar,Region VII,07 - Central Visayas,Bohol,Bohol,Bilar,Bilar,SUC Main,9.71810479377963,124.109580879317,valid,False,v2,07,07012,0701208,0701208019
07013,Bohol Island State University - Calape Polytechnic College,Region VII,07 - Central Visayas,Bohol,Bohol,Calape,Calape,SUC Satellite,9.89480395214736,123.882429711518,valid,False,v2,07,07012,0701210,0701210028
07012,Bohol Island State University - Candijay,Region VII,07 - Central Visayas,Bohol,Bohol,Candijay,Candijay,SUC Satellite,9.8352253,124.5302921,valid,False,v2,07,07012,0701211,0701211008
07121,Bohol Island State University - Clarin,Region VII,07 - Central Visayas,Bohol,Bohol,Clarin,Clarin,SUC Satellite,9.96352678790344,124.02442692945,valid,False,v2,07,07012,0701214,0701214019
07011,Bohol Island State University - Tagbilaran,Region VII,07 - Central Visayas,Bohol,Bohol,Tagbilaran City,Tagbilaran City,SUC Satellite,9.64783783169517,123.855655321627,valid,False,v2,07,07012,0701242,0701242011
07172,Bohol Island State University-Balilihan Campus,Region VII,07 - Central Visayas,Bohol,Bohol,Balilihan,Balilihan,SUC Satellite,9.7452063,123.9605373,valid,False,v2,07,07012,0701206,0701206024
07159,Bohol Northern Star College,Region VII,07 - Central Visayas,Bohol,Bohol,Ubay,Ubay,Private Non-Sectarian,10.0543707589028,124.468629155582,valid,False,v2,07,07012,0701246,0701246034
07128,Bohol Northwestern Colleges,Region VII,07 - Central Visayas,Bohol,Bohol,Catigbian,Catigbian,Private Non-Sectarian,9.86509989426674,124.014824740242,valid,False,v2,07,07012,0701213,0701213021
07140,Bohol Wisdom School,Region VII,07 - Central Visayas,Bohol,Bohol,Tagbilaran City,Tagbilaran City,Private Non-Sectarian,9.66087859408687,123.856211996066,valid,False,v2,07,07012,0701242,0701242002
07141,Buenavista Community College,Region VII,07 - Central Visayas,Bohol,Bohol,Buenavista,Buenavista,LUC with Institutional Recognition,10.057578865737,124.115091526986,valid,False,v2,07,07012,0701209,0701209013
07014,CATS Aero College,Region VII,07 - Central Visayas,Cebu,Cebu,Cebu City,Cebu City,Private Non-Sectarian,10.3284898696215,123.902631024905,valid,False,v2,07,07306,0730600,0730600041
07103,CBD College,Region VII,07 - Central Visayas,Cebu,Cebu,Cebu City,Cebu City,Private Non-Sectarian,10.2669375603406,123.856128494226,valid,False,v2,07,07306,0730600,0730600032
07182,Carcar City College,Region VII,07 - Central Visayas,Cebu,Cebu,Carcar City,Carcar City,LUC with Institutional Recognition,10.1078305494255,123.641837126986,valid,False,v2,07,07022,0702214,0702214012
07213,Carmen Municipal College,Region VII,07 - Central Visayas,Bohol,Bohol,Carmen,Carmen,LUC,9.8278835421619,124.205182330689,valid,False,v2,07,07012,0701212,0701212005
07015,Cebu Doctor's University,Region VII,07 - Central Visayas,Cebu,Cebu,Mandaue City,Mandaue City,Private Non-Sectarian,10.320351039795,123.932996367236,valid,False,v2,07,07313,0731300,0731300026
07016,Cebu Doctor's University College of Medicine,Region VII,07 - Central Visayas,Cebu,Cebu,Mandaue City,Mandaue City,Private Non-Sectarian,10.320351039795,123.932996367236,valid,False,v2,07,07313,0731300,0731300026
07017,Cebu Eastern College,Region VII,07 - Central Visayas,Cebu,Cebu,Cebu City,Cebu City,Private Non-Sectarian,10.2945912317055,123.89603835374,valid,False,v2,07,07306,0730600,0730600050
07018,Cebu Institute of Medicine,Region VII,07 - Central Visayas,Cebu,Cebu,Cebu City,Cebu City,Private Non-Sectarian,10.3073223252991,123.896748840244,valid,False,v2,07,07306,0730600,0730600023
07019,Cebu Institute of Technology-University,Region VII,07 - Central Visayas,Cebu,Cebu,Cebu City,Cebu City,Private Non-Sectarian,10.2945916071985,123.881144724905,valid,False,v2,07,07306,0730600,0730600040
07144,Cebu Mary Immaculate College,Region VII,07 - Central Visayas,Cebu,Cebu,Cebu City,Cebu City,Private Non-Sectarian,10.3702948255758,123.91889495374,valid,False,v2,07,07306,0730600,0730600081
07024,Cebu Normal University,Region VII,07 - Central Visayas,Cebu,Cebu,Cebu City,Cebu City,SUC Main,10.3016899,123.8967426,valid,False,v2,07,07306,0730600,0730600066
07024a,Cebu Normal University - Balamban,Region VII,07 - Central Visayas,Cebu,Cebu,Balamban,Balamban,SUC Satellite,10.5324739272602,123.729491475032,valid,False,v2,07,07022,0702208,0702208021
07024b,Cebu Normal University - Medellin,Region VII,07 - Central Visayas,Cebu,Cebu,Medellin,Medellin,SUC Satellite,11.1370451,123.9588422,valid,False,v2,07,07022,0702231,0702231014
07021,Cebu Roosevelt Memorial College,Region VII,07 - Central Visayas,Cebu,Cebu,Bogo City,Bogo City,Private Non-Sectarian,11.0497133579896,124.004913024911,valid,False,v2,07,07022,0702211,0702211016
07130,Cebu Sacred Heart College,Region VII,07 - Central Visayas,Cebu,Cebu,Talisay City,Talisay City,Private Non-Sectarian,10.2591115507153,123.825851409565,valid,False,v2,07,07022,0702250,0702250007
07201,Cebu Sacred Heart College-Carcar City,Region VII,07 - Central Visayas,Cebu,Cebu,CARCAR CITY,CARCAR CITY,Private Non-Sectarian,10.1057910634058,123.657496455583,valid,False,v2,07,07022,0702214,0702214011
07023,Cebu School of Midwifery,Region VII,07 - Central Visayas,Cebu,Cebu,Cebu City,Cebu City,Private Non-Sectarian,10.3089789,123.8925,valid,False,v2,07,07306,0730600,0730600065
07199,Cebu Technological University - Cebu City Mountain Satellite Campus,Region VII,07 - Central Visayas,Cebu,Cebu,Cebu City,Cebu City,SUC Satellite,10.3720098833449,123.845458392718,valid,False,v2,07,07306,0730600,0730600004
07086,Cebu Technological University - College of Fisheries Technology - Carmen,Region VII,07 - Central Visayas,Cebu,Cebu,Carmen,Carmen,SUC Satellite,10.5811249953351,124.019350060337,valid,False,v2,07,07022,0702215,0702215016
07170,Cebu Technological University - Consolacion,Region VII,07 - Central Visayas,Cebu,Cebu,Consolacion,Consolacion,SUC Satellite,10.3683573529938,123.970765582208,valid,False,v2,07,07022,0702219,0702219009
07025,Cebu Technological University - Main,Region VII,07 - Central Visayas,Cebu,Cebu,Cebu City,Cebu City,SUC Main,10.295861,123.906303,valid,False,v2,07,07306,0730600,0730600069
07031,Cebu Technological University-Argao Campus,Region VII,07 - Central Visayas,Cebu,Cebu,Argao,Argao,SUC Satellite,9.88233685794955,123.598707635267,valid,False,v2,07,07022,0702205,0702205025
07034,Cebu Technological University-Barili Campus,Region VII,07 - Central Visayas,Cebu,Cebu,Barili,Barili,SUC Satellite,10.1315814264866,123.543937830981,valid,False,v2,07,07022,0702210,0702210016
07032,Cebu Technological University-Daanbantayan Campus,Region VII,07 - Central Visayas,Cebu,Cebu,Daanbantayan,Daanbantayan,SUC Satellite,11.2677162876246,124.0086594822,valid,False,v2,07,07022,0702221,0702221001
07033,Cebu Technological University-Danao City Campus,Region VII,07 - Central Visayas,Cebu,Cebu,Danao City,Danao City,SUC Satellite,10.5029382,124.0311012,valid,False,v2,07,07022,0702223,0702223033
07035,Cebu Technological University-Moalboal Campus,Region VII,07 - Central Visayas,Cebu,Cebu,Moalboal,Moalboal,SUC Satellite,9.94148059677585,123.394672996386,valid,False,v2,07,07022,0702233,0702233011
07215,Cebu Technological University-Pinamungajan Campus,Region VII,07 - Central Visayas,Cebu,Cebu,Pinamungajan,Pinamungajan,SUC Satellite,10.2810467648294,123.589749626865,valid,False,v2,07,07022,0702237,0702237015
07036,Cebu Technological University-San Francisco Campus,Region VII,07 - Central Visayas,Cebu,Cebu,San Francisco,San Francisco,SUC Satellite,10.6551466346169,124.377292831744,valid,False,v2,07,07022,0702242,0702242008
07037,Cebu Technological University-Tuburan Campus,Region VII,07 - Central Visayas,Cebu,Cebu,Tuburan,Tuburan,SUC Satellite,10.7182322,123.8195335,valid,False,v2,07,07022,0702252,0702252055
07113,Centre for International Education Global Colleges,Region VII,07 - Central Visayas,Cebu,Cebu,Cebu City,Cebu City,Private Non-Sectarian,10.3268326830008,123.915863270683,valid,False,v2,07,07306,0730600,0730600037
07195,Colegio de Getafe,Region VII,07 - Central Visayas,Bohol,Bohol,GETAFE,GETAFE,LUC with Institutional Recognition,10.1498490430504,124.154886826986,valid,False,v2,07,07012,0701226,0701226018
07197,Colegio de Loboc,Region VII,07 - Central Visayas,Bohol,Bohol,Loboc,Loboc,LUC,9.65551865809637,124.030271228839,valid,False,v2,07,07012,0701229,0701229018
07136,Colegio de San Antonio de Padua,Region VII,07 - Central Visayas,Cebu,Cebu,Danao City,Danao City,Private Non-Sectarian,10.5502917728304,124.023243773687,valid,False,v2,07,07022,0702223,0702223016
07026,College of Technological Sciences-Cebu,Region VII,07 - Central Visayas,Cebu,Cebu,Cebu City,Cebu City,Private Non-Sectarian,10.2980518780689,123.890701655584,valid,False,v2,07,07306,0730600,0730600064
07030,Concord Technical Institute,Region VII,07 - Central Visayas,Cebu,Cebu,Cebu City,Cebu City,Private Non-Sectarian,10.28834354752,123.869828184419,valid,False,v2,07,07306,0730600,0730600008
07104,Consolatrix College of Toledo City,Region VII,07 - Central Visayas,Cebu,Cebu,Toledo City,Toledo City,Private Sectarian,10.3739869985469,123.63698261141,valid,False,v2,07,07022,0702251,0702251028
07151,Cordova Public College,Region VII,07 - Central Visayas,Cebu,Cebu,Cordova,Cordova,LUC with Institutional Recognition,10.2627847764364,123.961024913495,valid,False,v2,07,07022,0702220,0702220008
07149,Cristal e-College (Panglao Campus),Region VII,07 - Central Visayas,Bohol,Bohol,Panglao,Panglao,Private Non-Sectarian,9.58868758534541,123.771901711405,valid,False,v2,07,07012,0701233,0701233001
07198,Danao Techological College,Region VII,07 - Central Visayas,Bohol,Bohol,Danao,Danao,LUC,9.94238737040641,124.226364369314,valid,False,v2,07,07012,0701218,0701218009
07094,De La Salle Andres Soriano Memorial College,Region VII,07 - Central Visayas,Cebu,Cebu,Toledo City,Toledo City,Private Non-Sectarian,10.3101791346313,123.71046860956599,valid,False,v2,07,07022,0702251,0702251016
07089,Don Bosco Technology Center,Region VII,07 - Central Visayas,Cebu,Cebu,Cebu City,Cebu City,Private Sectarian,10.2975621061021,123.863584724905,valid,False,v2,07,07306,0730600,0730600062
07106,Evangelical Theological College of the Philippines,Region VII,07 - Central Visayas,Cebu,Cebu,Cebu City,Cebu City,Private Sectarian,10.3117599453649,123.87648981141,valid,False,v2,07,07306,0730600,0730600029
07042,Felipe R. Verallo Memorial Foundation-Bogo,Region VII,07 - Central Visayas,Cebu,Cebu,Bogo City,Bogo City,Private Non-Sectarian,11.0368720971575,124.00275955559,valid,False,v2,07,07022,0702211,0702211001
07211,Flight Dynamics School of Aeronautics,Region VII,07 - Central Visayas,Cebu,Cebu,Lapulapu City,Lapulapu City,Private Non-Sectarian,10.2903792836878,123.965337715098,valid,False,v2,07,07311,0731100,0731100005
07166,Golden 2cess College,Region VII,07 - Central Visayas,Cebu,Cebu,Cebu City,Cebu City,Private Non-Sectarian,10.3245965717161,123.88346745374,valid,False,v2,07,07306,0730600,0730600029
07040,Holy Name University,Region VII,07 - Central Visayas,Bohol,Bohol,Tagbilaran City,Tagbilaran City,Private Sectarian,9.6503783146174,123.868288426745,valid,False,v2,07,07012,0701242,0701242006
07046,Holy Trinity College,Region VII,07 - Central Visayas,Cebu,Cebu,Ginatilan,Ginatilan,Private Sectarian,9.56903612476636,123.312935926744,valid,False,v2,07,07022,0702225,0702225014
07047,Immaculate Heart of Mary Seminary,Region VII,07 - Central Visayas,Bohol,Bohol,Tagbilaran City,Tagbilaran City,Private Sectarian,9.67517671019106,123.85548544024,valid,False,v2,07,07012,0701242,0701242014
07147,Immanuel Bible College,Region VII,07 - Central Visayas,Cebu,Cebu,Cebu City,Cebu City,Private Sectarian,10.3121223562625,123.880668780731,valid,False,v2,07,07306,0730600,0730600029
07212,Inabanga College of Arts and Sciences,Region VII,07 - Central Visayas,Bohol,Bohol,Inabanga,Inabanga,LUC,10.0304629222679,124.066740484659,valid,False,v2,07,07012,0701224,0701224042
07048,Indiana School of Aeronautics,Region VII,07 - Central Visayas,Cebu,Cebu,Lapu-Lapu City,Lapu-Lapu City,Private Non-Sectarian,10.2930764133622,123.976345397914,valid,False,v2,07,07311,0731100,0731100018
07184,Informatics College Cebu,Region VII,07 - Central Visayas,Cebu,Cebu,Cebu City,Cebu City,Private Non-Sectarian,10.3765086093079,123.958925377494,valid,False,v2,07,07022,0702219,0702219013
07209,Information And Communications Technology Academy,Region VII,07 - Central Visayas,Cebu,Cebu,Cebu City,Cebu City,Private Non-Sectarian,10.2100106527523,123.754541157027,valid,False,v2,07,07022,0702234,0702234029
07153,La Consolacion College-Liloan,Region VII,07 - Central Visayas,Cebu,Cebu,Liloan,Liloan,Private Sectarian,10.3999656526289,124.000414980731,valid,False,v2,07,07022,0702227,0702227008
07206,Lapu-Lapu Cebu International College,Region VII,07 - Central Visayas,Cebu,Cebu,Lapulapu,Lapulapu,Private Non-Sectarian,10.304118050149,123.986649240245,valid,False,v2,07,07311,0731100,0731100003
07174,Lapu-lapu City College,Region VII,07 - Central Visayas,Cebu,Cebu,Lapu-Lapu City,Lapu-Lapu City,LUC with Institutional Recognition,10.2929773478261,123.950395857707,valid,False,v2,07,07311,0731100,0731100012
07165,Lyceum of Cebu,Region VII,07 - Central Visayas,Cebu,Cebu,Cebu City,Cebu City,Private Non-Sectarian,10.3322668429844,123.888549714905,valid,False,v2,07,07306,0730600,0730600034
07155,Madridejos Community College,Region VII,07 - Central Visayas,Cebu,Cebu,Madridejos,Madridejos,LUC with Institutional Recognition,11.2638555325534,123.723475967463,valid,False,v2,07,07022,0702228,0702228001
07164,Mandaue City College,Region VII,07 - Central Visayas,Cebu,Cebu,Mandaue City,Mandaue City,LUC,10.3237442309755,123.941496844184,valid,False,v2,07,07313,0731300,0731300010
07176,Mary Our Help Technical Institute for Women,Region VII,07 - Central Visayas,Cebu,Cebu,Minglanilla,Minglanilla,Private Sectarian,10.2407415587166,123.78205618073,valid,False,v2,07,07022,0702232,0702232016
07134,Mary's Children Formation College,Region VII,07 - Central Visayas,Cebu,Cebu,Minglanilla,Minglanilla,Private Sectarian,10.2316426632668,123.779656211409,valid,False,v2,07,07022,0702232,0702232017
07053,Mater Dei College-Bohol,Region VII,07 - Central Visayas,Bohol,Bohol,Tubigon,Tubigon,Private Sectarian,9.94954144223061,123.975981480728,valid,False,v2,07,07012,0701245,0701245008
07205,Mham College,Region VII,07 - Central Visayas,Cebu,Cebu,Cebu City,Cebu City,Private Non-Sectarian,10.3136821507819,123.880760540245,valid,False,v2,07,07306,0730600,0730600029
07156,Microsystem International Institute of Technology,Region VII,07 - Central Visayas,Cebu,Cebu,Naga City,Naga City,Private Non-Sectarian,10.2365872188578,123.774230678886,valid,False,v2,07,07022,0702234,0702234011
07097,Mount Moriah College,Region VII,07 - Central Visayas,Cebu,Cebu,Poro,Poro,Private Non-Sectarian,10.6286174505758,124.418308440247,valid,False,v2,07,07022,0702238,0702238010
07058,National Aviation Academy of the Philippines-Mactan Air Base,Region VII,07 - Central Visayas,Cebu,Cebu,Lapu-Lapu City,Lapu-Lapu City,SUC Satellite,10.3148051612033,123.97163525165,valid,False,v2,07,07311,0731100,0731100024
07210,North Coast Bohol Institute,Region VII,07 - Central Visayas,Bohol,Bohol,Talibon,Talibon,Private Non-Sectarian,10.1537934020348,124.318116267234,valid,False,v2,07,07012,0701243,0701243028
07120,Northeastern Cebu Colleges,Region VII,07 - Central Visayas,Cebu,Cebu,Danao City,Danao City,Private Non-Sectarian,10.5238259700422,124.025344297916,valid,False,v2,07,07022,0702223,0702223031
07055,Northern Cebu College,Region VII,07 - Central Visayas,Cebu,Cebu,Bogo City,Bogo City,Private Non-Sectarian,11.052751266412,124.003792324911,valid,False,v2,07,07022,0702211,0702211024
07056,PMI Colleges-Bohol,Region VII,07 - Central Visayas,Bohol,Bohol,Tagbilaran City,Tagbilaran City,Private Non-Sectarian,9.64433878013848,123.855267324901,valid,False,v2,07,07012,0701242,0701242011
07152,Professional Academy of the Philippines,Region VII,07 - Central Visayas,Cebu,Cebu,Cebu City,Cebu City,Private Non-Sectarian,10.2114590192499,123.757209762157,valid,False,v2,07,07022,0702234,0702234019
07207,Rizwoods College - Bacalso,Region VII,07 - Central Visayas,Cebu,Cebu,Cebu City,Cebu City,Private Non-Sectarian,10.2989894278238,123.893344427954,valid,False,v2,07,07306,0730600,0730600064
07208,Rizwoods College - Liloan,Region VII,07 - Central Visayas,Cebu,Cebu,Cebu City,Cebu City,Private Non-Sectarian,10.3896425485165,123.976724153926,valid,False,v2,07,07022,0702227,0702227014
07190,Rizwoods College-Lapulapu,Region VII,07 - Central Visayas,Cebu,Cebu,Lapu-Lapu City,Lapu-Lapu City,Private Non-Sectarian,10.292496032759,124.004129567236,valid,False,v2,07,07311,0731100,0731100015
07183,Rizwoods Colleges,Region VII,07 - Central Visayas,Cebu,Cebu,Cebu City,Cebu City,Private Non-Sectarian,10.2866294329416,123.874094304778,valid,False,v2,07,07306,0730600,0730600008
07135,Rogationist Seminary College-Cebu,Region VII,07 - Central Visayas,Cebu,Cebu,Cebu City,Cebu City,Private Sectarian,10.2962536916049,123.861516567235,valid,False,v2,07,07306,0730600,0730600062
07178,Rosemont Hills Montessori College,Region VII,07 - Central Visayas,Cebu,Cebu,Danao City,Danao City,Private Non-Sectarian,10.5025157260979,124.027226211411,valid,False,v2,07,07022,0702223,0702223033
07091,Royal Christian College,Region VII,07 - Central Visayas,Cebu,Cebu,Mandaue City,Mandaue City,Private Non-Sectarian,10.3622674268763,123.950453714192,valid,False,v2,07,07313,0731300,0731300014
07107,Saint Louise de Marillac College-Bogo,Region VII,07 - Central Visayas,Cebu,Cebu,Bogo City,Bogo City,Private Sectarian,11.0525794173161,124.004181009571,valid,False,v2,07,07022,0702211,0702211024
07064,Salazar Colleges of Science and Institute of Technology,Region VII,07 - Central Visayas,Cebu,Cebu,Cebu City,Cebu City,Private Non-Sectarian,10.2959694235901,123.883453980731,valid,False,v2,07,07306,0730600,0730600040
07180,Salazar Colleges of Science and Institute of Technology-Madredijos,Region VII,07 - Central Visayas,Cebu,Cebu,Madridejos,Madridejos,Private Non-Sectarian,11.2910152643131,123.730299869087,valid,False,v2,07,07022,0702228,0702228013
07065,San Carlos Seminary College,Region VII,07 - Central Visayas,Cebu,Cebu,Cebu City,Cebu City,Private Sectarian,10.3256385432479,123.909073501293,valid,False,v2,07,07306,0730600,0730600037
07109,Seminaryo Mayor de San Carlos,Region VII,07 - Central Visayas,Cebu,Cebu,Cebu City,Cebu City,Private Sectarian,10.3224925520792,123.90915401141,valid,False,v2,07,07306,0730600,0730600044
07171,Sibonga Community College,Region VII,07 - Central Visayas,Cebu,Cebu,Sibonga,Sibonga,LUC with Institutional Recognition,10.0199713287759,123.615802000003,valid,False,v2,07,07022,0702246,0702246021
07069,Southwestern University,Region VII,07 - Central Visayas,Cebu,Cebu,Cebu City,Cebu City,Private Non-Sectarian,10.3032457966538,123.891292923481,valid,False,v2,07,07306,0730600,0730600065
07071,Southwestern University-Matias H. Aznar Memorial College of Medicine,Region VII,07 - Central Visayas,Cebu,Cebu,Cebu City,Cebu City,Private Non-Sectarian,10.3140071102804,123.880710767235,valid,False,v2,07,07306,0730600,0730600029
07070,St. Catherine'S College,Region VII,07 - Central Visayas,Cebu,Cebu,Carcar City,Carcar City,Private Sectarian,10.1063998254931,123.640639626748,valid,False,v2,07,07022,0702214,0702214012
07168,St. Cecilia's College - Cebu,Region VII,07 - Central Visayas,Cebu,Cebu,Minglanilla,Minglanilla,Private Non-Sectarian,10.2449967655847,123.794335494226,valid,False,v2,07,07022,0702232,0702232013
07191,Sto. Niño Mactan College,Region VII,07 - Central Visayas,Cebu,Cebu,Lapu-Lapu City,Lapu-Lapu City,Private Non-Sectarian,10.2991634413551,123.99959125374,valid,False,v2,07,07311,0731100,0731100015
07154,Sto. Tomas College-Danao City,Region VII,07 - Central Visayas,Cebu,Cebu,Danao City,Danao City,Private Sectarian,10.5202621079573,124.028407697916,valid,False,v2,07,07022,0702223,0702223031
07181,Tabor Hills College,Region VII,07 - Central Visayas,Cebu,Cebu,Cebu City,Cebu City,Private Non-Sectarian,10.3798632690798,123.91260378442,valid,False,v2,07,07306,0730600,0730600067
07193,Tagbilaran City College,Region VII,07 - Central Visayas,Bohol,Bohol,Tagbilaran City,Tagbilaran City,LUC with Institutional Recognition,9.65224399086714,123.872323696296,valid,False,v2,07,07012,0701242,0701242006
07194,Talibon Polytechnic College,Region VII,07 - Central Visayas,Bohol,Bohol,Talibon,Talibon,LUC with Institutional Recognition,10.1349593113665,124.322779582806,valid,False,v2,07,07012,0701243,0701243029
07142,Talisay City College,Region VII,07 - Central Visayas,Cebu,Cebu,Talisay City,Talisay City,LUC with Institutional Recognition,10.2432179516068,123.848287540478,valid,False,v2,07,07022,0702250,0702250012
07074,Trinidad Municipal College,Region VII,07 - Central Visayas,Bohol,Bohol,Trinidad,Trinidad,LUC with Institutional Recognition,10.0810933803688,124.343068655822,valid,False,v2,07,07012,0701244,0701244015
07214,Ubay Community College,Region VII,07 - Central Visayas,Bohol,Bohol,Ubay,Ubay,LUC,10.0560682143013,124.421298580953,valid,False,v2,07,07012,0701246,0701246013
07075,University of Bohol,Region VII,07 - Central Visayas,Bohol,Bohol,Tagbilaran City,Tagbilaran City,Private Non-Sectarian,9.64842482366823,123.854311226745,valid,False,v2,07,07012,0701242,0701242011
07077,University of Cebu,Region VII,07 - Central Visayas,Cebu,Cebu,Cebu City,Cebu City,Private Non-Sectarian,10.2983618985221,123.896588237345,valid,False,v2,07,07306,0730600,0730600033
07187,University of Cebu College of Medicine Foundation,Region VII,07 - Central Visayas,Cebu,Cebu,Mandaue City,Mandaue City,Private Non-Sectarian,10.3209509499041,123.929770707721,valid,False,v2,07,07313,0731300,0731300026
07022,University of Cebu at Pardo and Talisay,Region VII,07 - Central Visayas,Cebu,Cebu,Cebu City,Cebu City,Private Non-Sectarian,10.2720804222873,123.848066375671,valid,False,v2,07,07306,0730600,0730600015
07127,University of Cebu-Banilad,Region VII,07 - Central Visayas,Cebu,Cebu,Cebu City,Cebu City,Private Non-Sectarian,10.3385376642121,123.911621123061,valid,False,v2,07,07306,0730600,0730600037
07092,University of Cebu-Lapulapu and Mandaue,Region VII,07 - Central Visayas,Cebu,Cebu,Mandaue City,Mandaue City,Private Non-Sectarian,10.3252320060731,123.95309019607,valid,False,v2,07,07313,0731300,0731300016
07078,University of San Carlos,Region VII,07 - Central Visayas,Cebu,Cebu,Cebu City,Cebu City,Private Sectarian,10.2994728351832,123.898791241789,valid,False,v2,07,07306,0730600,0730600035
07079,University of San Jose-Recoletos,Region VII,07 - Central Visayas,Cebu,Cebu,Cebu City,Cebu City,Private Sectarian,10.2940814389591,123.89755031141,valid,False,v2,07,07306,0730600,0730600033
07080,University of Southern Philippines Foundation,Region VII,07 - Central Visayas,Cebu,Cebu,Cebu City,Cebu City,Private Non-Sectarian,10.3287547345863,123.900973436425,valid,False,v2,07,07306,0730600,0730600041
07158,University of The Visayas-Dalaguete Campus,Region VII,07 - Central Visayas,Cebu,Cebu,Dalaguete,Dalaguete,Private Non-Sectarian,9.76498546467718,123.535353496067,valid,False,v2,07,07022,0702222,0702222031
07082,University of the Philippines-College of Cebu,Region VII,07 - Central Visayas,Cebu,Cebu,Cebu City,Cebu City,SUC Satellite,10.3225765,123.8986285,valid,False,v2,07,07306,0730600,0730600041
07081,University of the Visayas,Region VII,07 - Central Visayas,Cebu,Cebu,Cebu City,Cebu City,Private Non-Sectarian,10.2985642937467,123.9012675384,valid,False,v2,07,07306,0730600,0730600054
07045,University of the Visayas-Gullas College of Medicine,Region VII,07 - Central Visayas,Cebu,Cebu,Mandaue City,Mandaue City,Private Non-Sectarian,10.3468522856052,123.915503910688,valid,False,v2,07,07313,0731300,0731300003
07072,University of the Visayas-Toledo City Campus,Region VII,07 - Central Visayas,Cebu,Cebu,Toledo City,Toledo City,Private Non-Sectarian,10.376540267458,123.637116570298,valid,False,v2,07,07022,0702251,0702251028
07084,Velez College,Region VII,07 - Central Visayas,Cebu,Cebu,Cebu City,Cebu City,Private Non-Sectarian,10.3093268242897,123.895751923061,valid,False,v2,07,07306,0730600,0730600023
07100,Visayan Nazarene Bible College,Region VII,07 - Central Visayas,Cebu,Cebu,Cebu City,Cebu City,Private Sectarian,10.3398638634977,123.907023238401,valid,False,v2,07,07306,0730600,0730600003
08091,ABE International College of Business and Economics-Tacloban City,Region VIII,08 - Eastern Visayas,Leyte,Leyte,Tacloban City,Tacloban City,Private Non-Sectarian,11.24278,124.9993,valid,False,v2,08,08316,0831600,0831600045
08116,ACLC College-Ormoc,Region VIII,08 - Eastern Visayas,Leyte,Leyte,Ormoc City,Ormoc City,Private Non-Sectarian,11.02369,124.6055,valid,False,v2,08,08037,0803738,0803738016
08108,ACLC College-Tacloban City,Region VIII,08 - Eastern Visayas,Leyte,Leyte,Tacloban City,Tacloban City,Private Non-Sectarian,11.23843,125.0042,valid,False,v2,08,08316,0831600,0831600075
08087,AMA Computer College-Tacloban City,Region VIII,08 - Eastern Visayas,Leyte,Leyte,Tacloban City,Tacloban City,Private Non-Sectarian,11.24399,124.998,valid,False,v2,08,08316,0831600,0831600066
08001,Abuyog Community College,Region VIII,08 - Eastern Visayas,Leyte,Leyte,Abuyog,Abuyog,LUC with Institutional Recognition,10.75789,125.004,valid,False,v2,08,08037,0803701,0803701025
08096,"Asia College of Advance Studies In Arts, Sciences and Technology",Region VIII,08 - Eastern Visayas,Northern Samar,Northern Samar,Bobon,Bobon,Private Non-Sectarian,12.52074,124.5669,valid,False,v2,08,08048,0804803,0804803018
08002,Asian Development Foundation College,Region VIII,08 - Eastern Visayas,Leyte,Leyte,Tacloban City,Tacloban City,Private Non-Sectarian,11.24136,125.0029,valid,False,v2,08,08316,0831600,0831600054
08073,Bato Institute of Science and Technology,Region VIII,08 - Eastern Visayas,Leyte,Leyte,Bato,Bato,Private Non-Sectarian,10.33695,124.786,valid,False,v2,08,08037,0803707,0803707010
08005,Biliran Province State University-Biliran Campus,Region VIII,08 - Eastern Visayas,Biliran,Biliran,Biliran,Biliran,SUC Satellite,11.4742470410344,124.469203477322,valid,False,v2,08,08078,0807802,0807802008
08030,Biliran Province State University-Main,Region VIII,08 - Eastern Visayas,Biliran,Biliran,Naval,Naval,SUC Main,11.5634826744809,124.4012778034,valid,False,v2,08,08078,0807808,0807808009
08147,Burauen Community College,Region VIII,08 - Eastern Visayas,Leyte,Leyte,Burauen,Burauen,LUC with Institutional Recognition,10.97881,124.899,valid,False,v2,08,08037,0803710,0803710026
08112,Calbiga Western Samar College,Region VIII,08 - Eastern Visayas,Samar,Samar,Calbiga,Calbiga,Private Non-Sectarian,11.62779,125.0265,valid,False,v2,08,08060,0806004,0806004035
08008,Christ the King College-Calbayog City,Region VIII,08 - Eastern Visayas,Samar,Samar,Calbayog City,Calbayog City,Private Sectarian,12.06908,124.5968,valid,False,v2,08,08060,0806003,0806003158
08151,City College of Ormoc,Region VIII,08 - Eastern Visayas,Leyte,Leyte,Ormoc City,Ormoc City,LUC with Institutional Recognition,11.01394,124.6028,valid,False,v2,08,08037,0803738,0803738076
08110,Colegio De Las Navas,Region VIII,08 - Eastern Visayas,Northern Samar,Northern Samar,Las Navas,Las Navas,LUC,12.33726,125.0335,valid,False,v2,08,08048,0804810,0804810016
08102,Colegio De Sta. Lourdes of Leyte Foundation,Region VIII,08 - Eastern Visayas,Leyte,Leyte,Tabontabon,Tabontabon,Private Non-Sectarian,11.0418,124.9588,valid,False,v2,08,08037,0803746,0803746013
08101,Colegio de San Juan Samar,Region VIII,08 - Eastern Visayas,Northern Samar,Northern Samar,Lavezares,Lavezares,Private Non-Sectarian,12.53415,124.3888,valid,False,v2,08,08048,0804811,0804811011
08047,Colegio de San Lorenzo Ruiz de Manila of Northern Samar,Region VIII,08 - Eastern Visayas,Northern Samar,Northern Samar,Catarman,Catarman,Private Non-Sectarian,12.49932,124.6355,valid,False,v2,08,08048,0804805,0804805072
08104,Colegio de la Salle Fondation de Tacloban,Region VIII,08 - Eastern Visayas,Leyte,Leyte,Tacloban City,Tacloban City,Private Non-Sectarian,11.21704,125.0071,valid,False,v2,08,08316,0831600,0831600093
08012,Doña Remedios Trinidad-Romualdez Medical Foundation,Region VIII,08 - Eastern Visayas,Leyte,Leyte,Tacloban City,Tacloban City,Private Non-Sectarian,11.21244,124.9997,valid,False,v2,08,08316,0831600,0831600130
08011,Dr. V. Orestes Romualdez Educational Foundation,Region VIII,08 - Eastern Visayas,Leyte,Leyte,Tacloban City,Tacloban City,Private Non-Sectarian,11.21265,124.9988,valid,False,v2,08,08316,0831600,0831600130
08013,Eastern Samar State University,Region VIII,08 - Eastern Visayas,Eastern Samar,Eastern Samar,Borongan City,Borongan City,SUC Main,11.6603702119842,125.442359482472,valid,False,v2,08,08026,0802604,0802604031
08006,Eastern Samar State University-Can-Avid Campus,Region VIII,08 - Eastern Visayas,Eastern Samar,Eastern Samar,Can-Avid,Can-Avid,SUC Satellite,11.9957417016172,125.443842343295,valid,False,v2,08,08026,0802605,0802605019
08014,Eastern Samar State University-Guiuan Campus,Region VIII,08 - Eastern Visayas,Eastern Samar,Eastern Samar,Guiuan,Guiuan,SUC Satellite,11.0281880394293,125.73307166791,valid,False,v2,08,08026,0802609,0802609044
08111,Eastern Samar State University-Maydolong Campus,Region VIII,08 - Eastern Visayas,Eastern Samar,Eastern Samar,Maydolong,Maydolong,SUC Satellite,11.4908922204804,125.508420205472,valid,False,v2,08,08026,0802615,0802615003
08050,Eastern Samar State University-Salcedo Campus,Region VIII,08 - Eastern Visayas,Eastern Samar,Eastern Samar,Salcedo,Salcedo,SUC Satellite,11.1513355035589,125.640164445013,valid,False,v2,08,08026,0802619,0802619037
08086,Eastern Visayas Central Colleges,Region VIII,08 - Eastern Visayas,Northern Samar,Northern Samar,Catarman,Catarman,Private Non-Sectarian,12.49967,124.6355,valid,False,v2,08,08048,0804805,0804805072
08021,Eastern Visayas State University,Region VIII,08 - Eastern Visayas,Leyte,Leyte,Tacloban City,Tacloban City,SUC Main,11.2396586583465,124.997279278831,valid,False,v2,08,08316,0831600,0831600069
08061,Eastern Visayas State University-Burauen Campus,Region VIII,08 - Eastern Visayas,Leyte,Leyte,Burauen,Burauen,SUC Satellite,10.9789116891498,124.902996977667,valid,False,v2,08,08037,0803710,0803710026
08007,Eastern Visayas State University-Carigara Campus,Region VIII,08 - Eastern Visayas,Leyte,Leyte,Carigara,Carigara,SUC Satellite,11.3033341190061,124.706407427803,valid,False,v2,08,08037,0803715,0803715004
08084,Eastern Visayas State University-Dulag Campus,Region VIII,08 - Eastern Visayas,Leyte,Leyte,Dulag,Dulag,SUC Satellite,10.9531239006637,125.019649360423,valid,False,v2,08,08037,0803718,0803718027
08085,Eastern Visayas State University-Ormoc Campus,Region VIII,08 - Eastern Visayas,Leyte,Leyte,Ormoc City,Ormoc City,SUC Satellite,11.0105991257891,124.605364632285,valid,False,v2,08,08037,0803738,0803738051
08024,Eastern Visayas State University-Tanauan Campus,Region VIII,08 - Eastern Visayas,Leyte,Leyte,Tanauan,Tanauan,SUC Satellite,11.109264659123,125.012962086577,valid,False,v2,08,08037,0803748,0803748043
08015,Franciscan College of the Immaculate Conception,Region VIII,08 - Eastern Visayas,Leyte,Leyte,Baybay City,Baybay City,Private Sectarian,10.67657,124.8056,valid,False,v2,08,08037,0803708,0803708068
08145,Global School for Technological Studies,Region VIII,08 - Eastern Visayas,Northern Samar,Northern Samar,Catarman,Catarman,Private Non-Sectarian,12.48757,124.6371,valid,False,v2,08,08048,0804805,0804805033
08074,Holy Cross College of Carigara,Region VIII,08 - Eastern Visayas,Leyte,Leyte,Carigara,Carigara,Private Sectarian,11.30096,124.6857,valid,False,v2,08,08037,0803715,0803715031
08017,Holy Infant College,Region VIII,08 - Eastern Visayas,Leyte,Leyte,Tacloban City,Tacloban City,Private Sectarian,11.22971,124.9983,valid,False,v2,08,08316,0831600,0831600136
08093,Holy Spirit College Foundation of Leyte,Region VIII,08 - Eastern Visayas,Leyte,Leyte,Tacloban City,Tacloban City,Private Non-Sectarian,10.43439,124.7256,valid,False,v2,08,08037,0803720,0803720018
08105,Holy Virgin of Salvacion Foundation College,Region VIII,08 - Eastern Visayas,Leyte,Leyte,Tacloban City,Tacloban City,Private Non-Sectarian,11.21041,125.0136,valid,False,v2,08,08316,0831600,0831600116
08067,JE Mondejar Computer College,Region VIII,08 - Eastern Visayas,Leyte,Leyte,Tacloban City,Tacloban City,Private Non-Sectarian,11.2475,124.9862,valid,False,v2,08,08316,0831600,0831600102
08020,Leyte Colleges,Region VIII,08 - Eastern Visayas,Leyte,Leyte,Tacloban City,Tacloban City,Private Non-Sectarian,11.24096,125.0024,valid,False,v2,08,08316,0831600,0831600054
08023,Leyte Normal University,Region VIII,08 - Eastern Visayas,Leyte,Leyte,Tacloban City,Tacloban City,SUC Main,11.2382145037613,125.001295342302,valid,False,v2,08,08316,0831600,0831600076
08150,Leyte Normal University-San Isidro Campus,Region VIII,08 - Eastern Visayas,Leyte,Leyte,San Isidro,San Isidro,SUC Satellite,11.4022450194567,124.352610266399,valid,False,v2,08,08037,0803742,0803742010
08068,Mater Divinae Gratiae College,Region VIII,08 - Eastern Visayas,Eastern Samar,Eastern Samar,Dolores,Dolores,Private Sectarian,12.03641444,125.489,valid,False,v2,08,08026,0802606,0802606025
08094,Montano Lamberte Go Collegeof Learning,Region VIII,08 - Eastern Visayas,Leyte,Leyte,Hilangos,Hilangos,Private Non-Sectarian,10.63268,124.9537,valid,False,v2,08,08037,0803731,0803731015
08095,Northern Samar Colleges,Region VIII,08 - Eastern Visayas,Northern Samar,Northern Samar,Catarman,Catarman,Private Non-Sectarian,12.50313,124.6367,valid,False,v2,08,08048,0804805,0804805002
08055,Northwest Samar State University,Region VIII,08 - Eastern Visayas,Samar,Samar,Calbayog City,Calbayog City,SUC Main,12.0712890902969,124.596733097279,valid,False,v2,08,08060,0806003,0806003048
08043,Northwest Samar State University-San Jorge Campus,Region VIII,08 - Eastern Visayas,Samar,Samar,San Jorge,San Jorge,SUC Satellite,11.9825962283574,124.817450151178,valid,False,v2,08,08060,0806025,0806025010
08072,Our Lady of Mercy College,Region VIII,08 - Eastern Visayas,Eastern Samar,Eastern Samar,Borongan City,Borongan City,Private Non-Sectarian,11.57174,125.4607,valid,False,v2,08,08026,0802604,0802604029
08032,Palompon Institute of Technology,Region VIII,08 - Eastern Visayas,Leyte,Leyte,Palompon,Palompon,SUC Main,11.0515561036038,124.387308248162,valid,False,v2,08,08037,0803740,0803740017
08069,Palompon Institute of Technology-Tabango Campus,Region VIII,08 - Eastern Visayas,Leyte,Leyte,Tabango,Tabango,SUC Satellite,11.2994239599568,124.378480156387,valid,False,v2,08,08037,0803745,0803745011
08083,STI College-Ormoc,Region VIII,08 - Eastern Visayas,Leyte,Leyte,Ormoc City,Ormoc City,Private Non-Sectarian,11.0052,124.6102,valid,False,v2,08,08037,0803738,0803738116
08036,Sacred Heart Seminary,Region VIII,08 - Eastern Visayas,Leyte,Leyte,Palo,Palo,Private Sectarian,11.15756,124.9971,valid,False,v2,08,08037,0803739,0803739025
08038,Saint Joseph College,Region VIII,08 - Eastern Visayas,Southern Leyte,Southern Leyte,Maasin City,Maasin City,Private Sectarian,10.13195,124.8375,valid,False,v2,08,08064,0806407,0806407064
08092,Saint Michael College of Hindang,Region VIII,08 - Eastern Visayas,Leyte,Leyte,Hindang,Hindang,Private Non-Sectarian,10.43439,124.7256,valid,False,v2,08,08037,0803720,0803720018
08052,Saint Paul School of Professional Studies,Region VIII,08 - Eastern Visayas,Leyte,Leyte,Palo,Palo,Private Non-Sectarian,11.18040169,124.9987,valid,False,v2,08,08037,0803739,0803739019
08088,Saint Scholastica's College-Tacloban,Region VIII,08 - Eastern Visayas,Leyte,Leyte,Palo,Palo,Private Sectarian,11.18878,124.9966,valid,False,v2,08,08037,0803739,0803739008
08053,Saint Thomas Aquinas College,Region VIII,08 - Eastern Visayas,Southern Leyte,Southern Leyte,Sogod,Sogod,Private Sectarian,10.385,124.98,valid,False,v2,08,08064,0806417,0806417027
08041,Saint Vincent De Paul College Seminary,Region VIII,08 - Eastern Visayas,Samar,Samar,Calbayog City,Calbayog City,Private Sectarian,12.07925,124.5915,valid,False,v2,08,08060,0806003,0806003165
08042,Samar Colleges,Region VIII,08 - Eastern Visayas,Samar,Samar,Catbalogan City,Catbalogan City,Private Non-Sectarian,11.77847,124.8827,valid,False,v2,08,08060,0806005,0806005035
08045,Samar State University,Region VIII,08 - Eastern Visayas,Samar,Samar,Catbalogan City,Catbalogan City,SUC Main,11.7711187380209,124.885901931776,valid,False,v2,08,08060,0806005,0806005049
08045b,Samar State University-Basey Campus,Region VIII,08 - Eastern Visayas,Samar,Samar,Basey,Basey,SUC Satellite,11.3350548733058,125.03761715344,valid,False,v2,08,08060,0806002,0806002014
08044,Samar State University-Mercedes Campus,Region VIII,08 - Eastern Visayas,Samar,Samar,Catbalogan City,Catbalogan City,SUC Satellite,11.7837948717069,124.869756949864,valid,False,v2,08,08060,0806005,0806005027
08113,Samar State University-Paranas Campus,Region VIII,08 - Eastern Visayas,Samar,Samar,Paranas,Paranas,SUC Satellite,11.7840188717101,125.017561598104,valid,False,v2,08,08060,0806022,0806022016
08107,San Lorenzo Ruiz College of Ormoc,Region VIII,08 - Eastern Visayas,Leyte,Leyte,Ormoc City,Ormoc City,Private Non-Sectarian,11.03152,124.6036,valid,False,v2,08,08037,0803738,0803738088
08049,Southern Leyte State University,Region VIII,08 - Eastern Visayas,Southern Leyte,Southern Leyte,Sogod,Sogod,SUC Main,10.3920854466325,124.979998351724,valid,False,v2,08,08064,0806417,0806417040
08034,Southern Leyte State University-Bontoc Campus,Region VIII,08 - Eastern Visayas,Southern Leyte,Southern Leyte,Bontoc,Bontoc,SUC Satellite,10.3553153105372,124.966111348604,valid,False,v2,08,08064,0806402,0806402039
08048,Southern Leyte State University-Hinunangan Campus,Region VIII,08 - Eastern Visayas,Southern Leyte,Southern Leyte,Hinunangan,Hinunangan,SUC Satellite,10.4028561061394,125.186336535664,valid,False,v2,08,08064,0806403,0806403003
08117,Southern Leyte State University-Maasin City Campus,Region VIII,08 - Eastern Visayas,Southern Leyte,Southern Leyte,Maasin City,Maasin City,SUC Satellite,10.1321206828405,124.840133166752,valid,False,v2,08,08064,0806407,0806407064
08046,Southern Leyte State University-San Juan Campus,Region VIII,08 - Eastern Visayas,Southern Leyte,Southern Leyte,San Juan,San Juan,SUC Satellite,10.264932655794,125.176039333077,valid,False,v2,08,08064,0806414,0806414009
08056,Southern Leyte State University-Tomas Oppus Campus,Region VIII,08 - Eastern Visayas,Southern Leyte,Southern Leyte,Tomas Oppus,Tomas Oppus,SUC Satellite,10.2506266244072,124.98445094196,valid,False,v2,08,08064,0806418,0806418019
08100,St. John the Evangelist School of Theology,Region VIII,08 - Eastern Visayas,Leyte,Leyte,Palo,Palo,Private Sectarian,11.15523,124.9985,valid,False,v2,08,08037,0803739,0803739025
08039,St. Mary's College of Borongan,Region VIII,08 - Eastern Visayas,Eastern Samar,Eastern Samar,Borongan City,Borongan City,Private Sectarian,11.61097,125.4376,valid,False,v2,08,08026,0802604,0802604035
08035,St. Mary's College of Catbalogan,Region VIII,08 - Eastern Visayas,Samar,Samar,Catbalogan City,Catbalogan City,Private Sectarian,11.77729,124.8807,valid,False,v2,08,08060,0806005,0806005034
08040,St. Peter's College of Ormoc,Region VIII,08 - Eastern Visayas,Leyte,Leyte,Ormoc City,Ormoc City,Private Sectarian,11.00589,124.61,valid,False,v2,08,08037,0803738,0803738116
08054,Sto. Niño College of Ormoc,Region VIII,08 - Eastern Visayas,Leyte,Leyte,Ormoc City,Ormoc City,Private Non-Sectarian,11.0213,124.6001,valid,False,v2,08,08037,0803738,0803738111
08144,Tan Ting Bing Memorial Colleges Foundation,Region VIII,08 - Eastern Visayas,Northern Samar,Northern Samar,San Isidro,San Isidro,Private Non-Sectarian,12.3893,124.3302,valid,False,v2,08,08048,0804818,0804818010
08009,The College of Maasin,Region VIII,08 - Eastern Visayas,Southern Leyte,Southern Leyte,Maasin City,Maasin City,Private Sectarian,10.13481,124.8386,valid,False,v2,08,08064,0806407,0806407064
08057,University of Eastern Philippines,Region VIII,08 - Eastern Visayas,Northern Samar,Northern Samar,Catarman,Catarman,SUC Main,12.509450286272,124.664840155365,valid,False,v2,08,08048,0804805,0804805059
08033,University of Eastern Philippines-Catubig Campus,Region VIII,08 - Eastern Visayas,Northern Samar,Northern Samar,Catubig,Catubig,SUC Satellite,12.4015802985131,125.050262318963,valid,False,v2,08,08048,0804806,0804806045
08019,University of Eastern Philippines-Laoang Campus,Region VIII,08 - Eastern Visayas,Northern Samar,Northern Samar,Laoang,Laoang,SUC Satellite,12.5729277749779,125.019000211942,valid,False,v2,08,08048,0804808,0804808046
13207a,University of the Philippines Manila - School of Health Sciences,Region VIII,08 - Eastern Visayas,Leyte,Leyte,Palo,Palo,SUC Satellite,11.1603443698343,124.991098994962,valid,False,v2,08,08037,0803739,0803739023
08058,University of the Philippines in the Visayas Tacloban College,Region VIII,08 - Eastern Visayas,Leyte,Leyte,Tacloban City,Tacloban City,SUC Satellite,11.2474645877889,125.007986275567,valid,False,v2,08,08316,0831600,0831600006
08059,Visayas State University,Region VIII,08 - Eastern Visayas,Leyte,Leyte,Baybay City,Baybay City,SUC Main,10.7459850122055,124.794586552849,valid,False,v2,08,08037,0803708,0803708054
08025,Visayas State University-Alang-Alang Campus,Region VIII,08 - Eastern Visayas,Leyte,Leyte,Alang-Alang,Alang-Alang,SUC Satellite,11.2166726560123,124.826813022495,valid,False,v2,08,08037,0803702,0803702005
08018,Visayas State University-Isabel Campus,Region VIII,08 - Eastern Visayas,Leyte,Leyte,Isabel,Isabel,SUC Satellite,10.9346634473062,124.433241100943,valid,False,v2,08,08037,0803722,0803722013
08026,Visayas State University-Tolosa Campus,Region VIII,08 - Eastern Visayas,Leyte,Leyte,Tolosa,Tolosa,SUC Satellite,11.0456167732518,125.034636730301,valid,False,v2,08,08037,0803749,0803749012
08022,Visayas State University-Villaba Campus,Region VIII,08 - Eastern Visayas,Leyte,Leyte,Villaba,Villaba,SUC Satellite,11.2612080222967,124.434098180986,valid,False,v2,08,08037,0803751,0803751006
08060,Western Leyte College of Ormoc City,Region VIII,08 - Eastern Visayas,Leyte,Leyte,Ormoc City,Ormoc City,Private Non-Sectarian,11.00747,124.6091,valid,False,v2,08,08037,0803738,0803738115
10115,ACLC College of Bukidnon,Region X,10 - Northern Mindanao,Bukidnon,Bukidnon,Valencia City,Valencia City,Private Non-Sectarian,7.9155574,125.0922782,valid,False,v2,10,10013,1001321,1001321024
10101,AMA Computer College-Cagayan de Oro,Region X,10 - Northern Mindanao,Misamis Oriental,Misamis Oriental,Cagayan De Oro City,Cagayan De Oro City,Private Non-Sectarian,8.47733,124.649,valid,False,v2,10,10305,1030500,1030500030
12039,Adventist Medical Center College,Region X,10 - Northern Mindanao,Lanao Del Norte,Lanao Del Norte,Iligan City,Iligan City,Private Sectarian,8.2415354,124.2474889,valid,False,v2,10,10309,1030900,1030900034
10109,Adventist Technological Institute,Region X,10 - Northern Mindanao,Misamis Occidental,Misamis Occidental,Jimenez,Jimenez,Private Non-Sectarian,8.3479122,123.8296914,valid,False,v2,10,10042,1004207,1004207005
10012,Blessed Mother College,Region X,10 - Northern Mindanao,Misamis Oriental,Misamis Oriental,Cagayan De Oro City,Cagayan De Oro City,Private Non-Sectarian,8.5030301,124.5978225,valid,False,v2,10,10305,1030500,1030500051
10014,Bukidnon State University,Region X,10 - Northern Mindanao,Bukidnon,Bukidnon,Malaybalay City,Malaybalay City,SUC Main,8.1574214,125.1222753,valid,False,v2,10,10013,1001312,1001312046
10147,Bukidnon State University - Lantapan,Region X,10 - Northern Mindanao,Bukidnon,Bukidnon,Lantapan,Lantapan,SUC Satellite,8.0072597,125.041236,valid,False,v2,10,10013,1001310,1001310012
10014a,Bukidnon State University-Alubijid ESC,Region X,10 - Northern Mindanao,Misamis Oriental,Misamis Oriental,Alubijid,Alubijid,SUC Satellite,8.5745045,124.4714439,valid,False,v2,10,10043,1004301,1004301010
10014b,Bukidnon State University-Baungon BSU,Region X,10 - Northern Mindanao,Bukidnon,Bukidnon,Baungon,Baungon,SUC Satellite,8.3229948,124.6766668,valid,False,v2,10,10013,1001301,1001301012
10134,Bukidnon State University-Cabanglasan ESC,Region X,10 - Northern Mindanao,Bukidnon,Bukidnon,Cabanglasan,Cabanglasan,SUC Satellite,8.0832463,125.3195761,valid,False,v2,10,10013,1001322,1001322003
10135,Bukidnon State University-Damulog Satellite ESC,Region X,10 - Northern Mindanao,Bukidnon,Bukidnon,Damulog,Damulog,SUC Satellite,7.4844983,124.9346539,valid,False,v2,10,10013,1001302,1001302015
10139,Bukidnon State University-Impasugong,Region X,10 - Northern Mindanao,Bukidnon,Bukidnon,Impasugong,Impasugong,SUC Satellite,8.2296184,125.0253928,valid,False,v2,10,10013,1001305,1001305008
10014z,Bukidnon State University-Kadingilan,Region X,10 - Northern Mindanao,Bukidnon,Bukidnon,Kadingilan,Kadingilan,SUC Satellite,7.6016022,124.9058241,valid,False,v2,10,10013,1001306,1001306014
10014f,Bukidnon State University-Kalilangan BSU,Region X,10 - Northern Mindanao,Bukidnon,Bukidnon,Kalilangan,Kalilangan,SUC Satellite,7.7623752,124.7554848,valid,False,v2,10,10013,1001307,1001307005
10136,Bukidnon State University-Kitaotao Satellite ESC,Region X,10 - Northern Mindanao,Bukidnon,Bukidnon,Kitaotao,Kitaotao,SUC Satellite,7.6381414,125.0098496,valid,False,v2,10,10013,1001309,1001309026
10014aa,Bukidnon State University-Libona,Region X,10 - Northern Mindanao,Bukidnon,Bukidnon,Libona,Libona,SUC Satellite,8.334797,124.7497035,valid,False,v2,10,10013,1001311,1001311010
10014y,Bukidnon State University-Malitbog,Region X,10 - Northern Mindanao,Bukidnon,Bukidnon,Malitbog,Malitbog,SUC Satellite,8.5338763,124.8850708,valid,False,v2,10,10013,1001313,1001313006
10014l,Bukidnon State University-Medina ESC,Region X,10 - Northern Mindanao,Misamis Oriental,Misamis Oriental,Medina,Medina,SUC Satellite,8.9335132,124.9821362,valid,False,v2,10,10043,1004319,1004319013
10137,Bukidnon State University-Quezon Satellite ESC,Region X,10 - Northern Mindanao,Bukidnon,Bukidnon,Quezon,Quezon,SUC Satellite,7.7185194,125.1034487,valid,False,v2,10,10013,1001317,1001317028
10138,Bukidnon State University-San Fernando Satellite ESC,Region X,10 - Northern Mindanao,Bukidnon,Bukidnon,San Fernando,San Fernando,SUC Satellite,7.9302472,125.3224354,valid,False,v2,10,10013,1001318,1001318022
10014v,Bukidnon State University-Talakag BSU,Region X,10 - Northern Mindanao,Bukidnon,Bukidnon,Talakag,Talakag,SUC Satellite,8.2366651,124.5996159,valid,False,v2,10,10013,1001320,1001320021
10014w,Bukidnon State University-Talisayan ESC,Region X,10 - Northern Mindanao,Misamis Oriental,Misamis Oriental,Talisayan,Talisayan,SUC Satellite,9.0030413,124.8723203,valid,False,v2,10,10043,1004325,1004325008
10018,Cagayan De Oro College,Region X,10 - Northern Mindanao,Misamis Oriental,Misamis Oriental,Cagayan De Oro City,Cagayan De Oro City,Private Non-Sectarian,8.4816325,124.6357577,valid,False,v2,10,10305,1030500,1030500044
10143,Cagayan De Oro College - Iligan Campus,Region X,10 - Northern Mindanao,Lanao Del Norte,Lanao Del Norte,Iligan City,Iligan City,Private Non-Sectarian,8.2354189,124.2492672,valid,False,v2,10,10309,1030900,1030900016
10020,Camiguin Polytechnic State College,Region X,10 - Northern Mindanao,Camiguin,Camiguin,Mambajao,Mambajao,SUC Main,9.1168133,124.6871073,valid,False,v2,10,10018,1001801,1001801014
10017,Capitol University,Region X,10 - Northern Mindanao,Misamis Oriental,Misamis Oriental,Cagayan De Oro City,Cagayan De Oro City,Private Non-Sectarian,8.4884852,124.6513295,valid,False,v2,10,10305,1030500,1030500019
10022,Central Mindanao University,Region X,10 - Northern Mindanao,Bukidnon,Bukidnon,Maramag,Maramag,SUC Main,7.8592934,125.0510701,valid,False,v2,10,10013,1001315,1001315008
12094,Christ The King College De Maranding,Region X,10 - Northern Mindanao,Lanao Del Norte,Lanao Del Norte,Lala,Lala,Private Sectarian,7.9258334,123.7729169,valid,False,v2,10,10035,1003505,1003505033
10023,Christ the King College,Region X,10 - Northern Mindanao,Misamis Oriental,Misamis Oriental,Gingoog City,Gingoog City,Private Sectarian,8.8234453,125.1016442,valid,False,v2,10,10043,1004308,1004308048
10145,City College of Cagayan de Oro,Region X,10 - Northern Mindanao,Misamis Oriental,Misamis Oriental,Cagayan de Oro City,Cagayan de Oro City,LUC,8.4892214,124.7378995,valid,False,v2,10,10305,1030500,1030500001
10126,City College of El Salvador,Region X,10 - Northern Mindanao,Misamis Oriental,Misamis Oriental,El Salvador City,El Salvador City,LUC with Institutional Recognition,8.5592598,124.5232422,valid,False,v2,10,10043,1004307,1004307012
10024,Colegio De Santo Niño De Jasaan,Region X,10 - Northern Mindanao,Misamis Oriental,Misamis Oriental,Jasaan,Jasaan,Private Non-Sectarian,8.6528161,124.7566071,valid,False,v2,10,10043,1004311,1004311014
10146,Colegio de Kapatagan,Region X,10 - Northern Mindanao,Lanao Del Norte,Lanao Del Norte,Kapatagan,Kapatagan,LUC,7.900892097,123.7761381,valid,False,v2,10,10035,1003505,1003505036
10127,Community College of Gingoog City,Region X,10 - Northern Mindanao,Misamis Oriental,Misamis Oriental,Gingoog City,Gingoog City,LUC with Institutional Recognition,8.8224508,125.1045802,valid,False,v2,10,10043,1004308,1004308048
10116,Don Carlos Polytechnic College,Region X,10 - Northern Mindanao,Bukidnon,Bukidnon,Don Carlos,Don Carlos,LUC with Institutional Recognition,7.6880033,124.9985793,valid,False,v2,10,10013,1001304,1001304005
10107,Dr. Solomon U. Molina College,Region X,10 - Northern Mindanao,Misamis Occidental,Misamis Occidental,Oroquieta City,Oroquieta City,Private Non-Sectarian,8.4745213,123.7901868,valid,False,v2,10,10042,1004209,1004209048
10029,Fatima College of Camiguin,Region X,10 - Northern Mindanao,Camiguin,Camiguin,Mambajao,Mambajao,Private Sectarian,9.249712,124.7144528,valid,False,v2,10,10018,1001804,1001804011
10031,Gingoog Christian College,Region X,10 - Northern Mindanao,Misamis Oriental,Misamis Oriental,Gingoog City,Gingoog City,Private Sectarian,8.8225803,125.1002397,valid,False,v2,10,10043,1004308,1004308048
10030,Gingoog City College,Region X,10 - Northern Mindanao,Misamis Oriental,Misamis Oriental,Gingoog City,Gingoog City,Private Non-Sectarian,8.8216666,125.0987339,valid,False,v2,10,10043,1004308,1004308075
10059,Golden Heritage Polytechnic College,Region X,10 - Northern Mindanao,Misamis Oriental,Misamis Oriental,Cagayan De Oro City,Cagayan De Oro City,Private Non-Sectarian,8.4784025,124.6385492,valid,False,v2,10,10305,1030500,1030500044
10032,Gov. Alfonso D. Tan College,Region X,10 - Northern Mindanao,Misamis Occidental,Misamis Occidental,Tangub City,Tangub City,LUC with Institutional Recognition,8.0650122,123.7561468,valid,False,v2,10,10042,1004215,1004215025
10117,IBA College of Mindanao,Region X,10 - Northern Mindanao,Bukidnon,Bukidnon,Valencia City,Valencia City,Private Non-Sectarian,7.9074599,125.0910791,valid,False,v2,10,10013,1001321,1001321024
12018,Iligan Capitol College,Region X,10 - Northern Mindanao,Lanao Del Norte,Lanao Del Norte,Iligan City,Iligan City,Private Non-Sectarian,8.222429,124.2411483,valid,False,v2,10,10309,1030900,1030900012
12020,Iligan Medical Center College,Region X,10 - Northern Mindanao,Lanao Del Norte,Lanao Del Norte,Iligan City,Iligan City,Private Non-Sectarian,8.2313097,124.2497189,valid,False,v2,10,10309,1030900,1030900016
10112,Initao College,Region X,10 - Northern Mindanao,Misamis Oriental,Misamis Oriental,Initao,Initao,LUC with Institutional Recognition,8.513735853,124.3097864,valid,False,v2,10,10043,1004310,1004310006
10144,Juanito K. La Viña Sr. Colleges,Region X,10 - Northern Mindanao,Bukidnon,Bukidnon,Valencia City,Valencia City,Private Non-Sectarian,7.90424,125.09001,valid,False,v2,10,10013,1001321,1001321024
10034,La Salle University,Region X,10 - Northern Mindanao,Misamis Occidental,Misamis Occidental,Ozamis City,Ozamis City,Private Sectarian,8.1489654,123.8453051,valid,False,v2,10,10042,1004210,1004210001
12096,Lanao School of Science and Technology,Region X,10 - Northern Mindanao,Lanao Del Norte,Lanao Del Norte,Lala,Lala,Private Non-Sectarian,7.69997,123.76372,valid,False,v2,,,,
10036,Liceo De Cagayan University,Region X,10 - Northern Mindanao,Misamis Oriental,Misamis Oriental,Cagayan De Oro City,Cagayan De Oro City,Private Non-Sectarian,8.4857534,124.6386898,valid,False,v2,10,10305,1030500,1030500052
10037,Lourdes College,Region X,10 - Northern Mindanao,Misamis Oriental,Misamis Oriental,Cagayan De Oro City,Cagayan De Oro City,Private Sectarian,8.4770201,124.6420748,valid,False,v2,10,10305,1030500,1030500031
12090,Lyceum of Iligan Foundation,Region X,10 - Northern Mindanao,Lanao Del Norte,Lanao Del Norte,Iligan City,Iligan City,Private Non-Sectarian,8.2171307,124.2376361,valid,False,v2,10,10309,1030900,1030900030
10128,Magsaysay College,Region X,10 - Northern Mindanao,Misamis Oriental,Misamis Oriental,Magsaysay,Magsaysay,LUC with Institutional Recognition,9.0181997,125.1801113,valid,False,v2,10,10043,1004317,1004317016
12100,Masters Technological Institute of Mindanao,Region X,10 - Northern Mindanao,Lanao Del Norte,Lanao Del Norte,Iligan City,Iligan City,Private Non-Sectarian,8.28942,124.398,valid,False,v2,10,10309,1030900,1030900013
10039,Medina College,Region X,10 - Northern Mindanao,Misamis Occidental,Misamis Occidental,Ozamis City,Ozamis City,Private Non-Sectarian,8.1662541,123.8585878,valid,False,v2,10,10042,1004210,1004210035
10040,Medina Foundation College,Region X,10 - Northern Mindanao,Misamis Occidental,Misamis Occidental,Sapang Dalaga,Sapang Dalaga,Private Non-Sectarian,8.5415429,123.5679149,valid,False,v2,10,10042,1004213,1004213017
10041,Mindanao Arts and Technological Institute,Region X,10 - Northern Mindanao,Bukidnon,Bukidnon,Malaybalay City,Malaybalay City,Private Non-Sectarian,8.1504196,125.13475,valid,False,v2,10,10013,1001312,1001312052
12042,Mindanao State University - Iligan Institute of Technology,Region X,10 - Northern Mindanao,Lanao Del Norte,Lanao Del Norte,Iligan City,Iligan City,SUC Satellite,8.2397648,124.2442633,valid,False,v2,10,10309,1030900,1030900037
12028,Mindanao State University-Lanao Del Norte Agricultural College,Region X,10 - Northern Mindanao,Lanao Del Norte,Lanao Del Norte,Sultan Naga Dimaporo,Sultan Naga Dimaporo,SUC Satellite,7.7904953,123.7334443,valid,False,v2,10,10035,1003506,1003506029
12033,Mindanao State University-Maigo School of Arts and Trades,Region X,10 - Northern Mindanao,Lanao Del Norte,Lanao Del Norte,Maigo,Maigo,SUC Satellite,8.1618736,123.9600257,valid,False,v2,10,10035,1003512,1003512010
10108,Mindanao State University-Naawan,Region X,10 - Northern Mindanao,Misamis Oriental,Misamis Oriental,Naawan,Naawan,SUC Satellite,8.4286093,124.2875496,valid,False,v2,10,10043,1004320,1004320008
10044,Misamis Institute of Technology,Region X,10 - Northern Mindanao,Misamis Occidental,Misamis Occidental,Ozamiz City,Ozamiz City,Private Non-Sectarian,8.1484504,123.8230058,valid,False,v2,10,10042,1004210,1004210002
10118,Misamis Oriental Institute of Science and Technology,Region X,10 - Northern Mindanao,Misamis Oriental,Misamis Oriental,Balingasag,Balingasag,Private Non-Sectarian,8.7492107,124.7778162,valid,False,v2,10,10043,1004302,1004302010
10046,Misamis University,Region X,10 - Northern Mindanao,Misamis Occidental,Misamis Occidental,Ozamiz City,Ozamiz City,Private Non-Sectarian,8.1500686,123.8405998,valid,False,v2,10,10042,1004210,1004210001
10047,Misamis University-Oroquieta City,Region X,10 - Northern Mindanao,Misamis Occidental,Misamis Occidental,Oroquieta City,Oroquieta City,Private Non-Sectarian,8.4835032,123.8046221,valid,False,v2,10,10042,1004209,1004209030
10049,Mountain View College,Region X,10 - Northern Mindanao,Bukidnon,Bukidnon,Valencia City,Valencia City,Private Sectarian,7.982256,125.0080951,valid,False,v2,10,10013,1001321,1001321017
12003,North Central Mindanao College,Region X,10 - Northern Mindanao,Lanao Del Norte,Lanao Del Norte,Lala,Lala,Private Non-Sectarian,7.922079,123.7766924,valid,False,v2,10,10035,1003505,1003505033
10114,Northern Bukidnon State College,Region X,10 - Northern Mindanao,Bukidnon,Bukidnon,Manolo Fortich,Manolo Fortich,SUC Main,8.3592013,124.8684093,valid,False,v2,10,10013,1001314,1001314017
10063,Northwestern Mindanao Christian Colleges,Region X,10 - Northern Mindanao,Misamis Occidental,Misamis Occidental,Tudela,Tudela,Private Non-Sectarian,8.2462322,123.8435615,valid,False,v2,10,10042,1004216,1004216013
10089,Northwestern Mindanao State College of Science and Technology,Region X,10 - Northern Mindanao,Misamis Occidental,Misamis Occidental,Tangub City,Tangub City,SUC Main,8.0577818,123.7195682,valid,False,v2,10,10042,1004215,1004215021
10113,Opol Community College,Region X,10 - Northern Mindanao,Misamis Oriental,Misamis Oriental,Opol,Opol,LUC with Institutional Recognition,8.521804,124.5724703,valid,False,v2,10,10043,1004321,1004321014
10105,Oro Bible College,Region X,10 - Northern Mindanao,Misamis Oriental,Misamis Oriental,Cagayan De Oro City,Cagayan De Oro City,Private Sectarian,8.4823267,124.6347321,valid,False,v2,10,10305,1030500,1030500044
10122,Our Lady of Triumph Institute of Technology,Region X,10 - Northern Mindanao,Misamis Occidental,Misamis Occidental,Ozamiz City,Ozamiz City,Private Non-Sectarian,8.149109,123.8252219,valid,False,v2,10,10042,1004210,1004210002
10125,Pangantucan Bukidnon Community College,Region X,10 - Northern Mindanao,Bukidnon,Bukidnon,Pangantucan,Pangantucan,LUC with Institutional Recognition,7.8295625,124.8281229,valid,False,v2,10,10013,1001316,1001316018
10066,Philippine College Foundation,Region X,10 - Northern Mindanao,Bukidnon,Bukidnon,Valencia City,Valencia City,Private Non-Sectarian,7.9047342,125.0873697,valid,False,v2,10,10013,1001321,1001321024
10103,Philippine Countryville College,Region X,10 - Northern Mindanao,Bukidnon,Bukidnon,Maramag,Maramag,Private Non-Sectarian,7.7883171,125.0176379,valid,False,v2,10,10013,1001315,1001315012
10067,Pilgrim Christian College,Region X,10 - Northern Mindanao,Misamis Oriental,Misamis Oriental,Cagayan De Oro City,Cagayan De Oro City,Private Sectarian,8.4839818,124.645289,valid,False,v2,10,10305,1030500,1030500012
10069,Quezon Institute of Technology,Region X,10 - Northern Mindanao,Bukidnon,Bukidnon,Quezon,Quezon,Private Non-Sectarian,7.7252684,125.1033056,valid,False,v2,10,10013,1001317,1001317028
10104,Roman C. Villalon Memorial Colleges Foundation,Region X,10 - Northern Mindanao,Bukidnon,Bukidnon,Kibawe,Kibawe,Private Non-Sectarian,7.5659759,124.9856715,valid,False,v2,10,10013,1001308,1001308007
10098,STI College-Cagayan De Oro,Region X,10 - Northern Mindanao,Misamis Oriental,Misamis Oriental,Cagayan De Oro City,Cagayan De Oro City,Private Non-Sectarian,8.477057,124.6487433,valid,False,v2,10,10305,1030500,1030500032
10130,STI College-Iligan,Region X,10 - Northern Mindanao,Lanao Del Norte,Lanao Del Norte,Iligan City,Iligan City,Private Non-Sectarian,8.2294093,124.2373201,valid,False,v2,10,10309,1030900,1030900017
10131,STI College-Malaybalay,Region X,10 - Northern Mindanao,Bukidnon,Bukidnon,Malaybalay,Malaybalay,Private Non-Sectarian,8.1506905,125.1304952,valid,False,v2,10,10013,1001312,1001312052
10132,STI College-Valencia,Region X,10 - Northern Mindanao,Bukidnon,Bukidnon,Valencia City,Valencia City,Private Non-Sectarian,7.9083389,125.0936295,valid,False,v2,10,10013,1001321,1001321024
10070,Sacred Heart College of Calamba,Region X,10 - Northern Mindanao,Misamis Occidental,Misamis Occidental,Calamba,Calamba,Private Sectarian,8.57468,123.644,valid,False,v2,10,10042,1004204,1004204008
10129,Salay Community College,Region X,10 - Northern Mindanao,Misamis Oriental,Misamis Oriental,Salay,Salay,LUC with Institutional Recognition,8.8600911,124.7862332,valid,False,v2,10,10043,1004322,1004322011
10077,San Agustin Institute of Technology,Region X,10 - Northern Mindanao,Bukidnon,Bukidnon,Valencia City,Valencia City,Private Sectarian,7.9060823,125.0909208,valid,False,v2,10,10013,1001321,1001321024
10079,San Isidro College,Region X,10 - Northern Mindanao,Bukidnon,Bukidnon,Malaybalay City,Malaybalay City,Private Sectarian,8.1507847,125.1264053,valid,False,v2,10,10013,1001312,1001312053
12063,Santa Monica Institute of Technology,Region X,10 - Northern Mindanao,Lanao Del Norte,Lanao Del Norte,Iligan City,Iligan City,Private Non-Sectarian,8.2296992,124.2345096,valid,False,v2,10,10309,1030900,1030900017
10081,Southern Bukidnon Foundation Academy,Region X,10 - Northern Mindanao,Bukidnon,Bukidnon,Don Carlos,Don Carlos,Private Non-Sectarian,7.68376,124.998198,valid,False,v2,10,10013,1001304,1001304005
10082,Southern Capital Colleges,Region X,10 - Northern Mindanao,Misamis Occidental,Misamis Occidental,Oroquieta City,Oroquieta City,Private Non-Sectarian,8.4838037,123.8080908,valid,False,v2,10,10042,1004209,1004209031
10083,Southern De Oro Philippines College,Region X,10 - Northern Mindanao,Misamis Oriental,Misamis Oriental,Cagayan De Oro City,Cagayan De Oro City,Private Non-Sectarian,8.488875,124.6497499,valid,False,v2,10,10305,1030500,1030500076
10110,Southern Maramag Colleges,Region X,10 - Northern Mindanao,Bukidnon,Bukidnon,Maramag,Maramag,Private Non-Sectarian,7.75821,125.003,valid,False,v2,10,10013,1001315,1001315015
10072,St. John Vianney Theological Seminary,Region X,10 - Northern Mindanao,Misamis Oriental,Misamis Oriental,Cagayan De Oro City,Cagayan De Oro City,Private Sectarian,8.4715369,124.6658621,valid,False,v2,10,10305,1030500,1030500042
12061,St. Michael's College,Region X,10 - Northern Mindanao,Lanao Del Norte,Lanao Del Norte,Iligan City,Iligan City,Private Sectarian,8.2287783,124.2395598,valid,False,v2,10,10309,1030900,1030900017
12062,St. Peter's College,Region X,10 - Northern Mindanao,Lanao Del Norte,Lanao Del Norte,Iligan City,Iligan City,Private Non-Sectarian,8.2310841,124.2363651,valid,False,v2,10,10309,1030900,1030900026
10075,St. Peter's College of Misamis Oriental,Region X,10 - Northern Mindanao,Misamis Oriental,Misamis Oriental,Balingasag,Balingasag,Private Non-Sectarian,8.7444636,124.7769214,valid,False,v2,10,10043,1004302,1004302024
10076,St. Rita's College of Balingasag,Region X,10 - Northern Mindanao,Misamis Oriental,Misamis Oriental,Balingasag,Balingasag,Private Sectarian,8.7433144,124.7748591,valid,False,v2,10,10043,1004302,1004302022
10111,Tagoloan Community College,Region X,10 - Northern Mindanao,Misamis Oriental,Misamis Oriental,Tagoloan,Tagoloan,LUC with Institutional Recognition,8.5413287,124.7483721,valid,False,v2,10,10043,1004324,1004324001
10120,The New El Salvador Colleges,Region X,10 - Northern Mindanao,Misamis Oriental,Misamis Oriental,El Salvador City,El Salvador City,Private Non-Sectarian,8.5641174,124.521629,valid,False,v2,10,10043,1004307,1004307012
10133,Tubod College,Region X,10 - Northern Mindanao,Lanao Del Norte,Lanao Del Norte,Tubod,Tubod,LUC with Institutional Recognition,8.0409603,123.7955712,valid,False,v2,10,10035,1003522,1003522019
10043,University of Science and Technology of Southern Philippines,Region X,10 - Northern Mindanao,Misamis Oriental,Misamis Oriental,Cagayan De Oro City,Cagayan De Oro City,SUC Main,8.4848717,124.6557251,valid,False,v2,10,10305,1030500,1030500053
10140,University of Science and Technology of Southern Philippines - Alubijid,Region X,10 - Northern Mindanao,Misamis Oriental,Misamis Oriental,Alubijid,Alubijid,SUC Satellite,8.5210377,124.4335704,valid,False,v2,10,10043,1004301,1004301007
10141,University of Science and Technology of Southern Philippines - Balubal,Region X,10 - Northern Mindanao,Misamis Oriental,Misamis Oriental,Balubal,Balubal,SUC Satellite,8.47168251836458,124.764911487084,valid,False,v2,10,10305,1030500,1030500004
10045,University of Science and Technology of Southern Philippines - Claveria,Region X,10 - Northern Mindanao,Misamis Oriental,Misamis Oriental,Claveria,Claveria,SUC Satellite,8.6103679,124.8842438,valid,False,v2,10,10043,1004306,1004306020
10043a,University of Science and Technology of Southern Philippines - Jasaan,Region X,10 - Northern Mindanao,Misamis Oriental,Misamis Oriental,Jasaan,Jasaan,SUC Satellite,8.6546433,124.7508707,valid,False,v2,10,10043,1004311,1004311007
10043b,University of Science and Technology of Southern Philippines - Oroquieta,Region X,10 - Northern Mindanao,Misamis Occidental,Misamis Occidental,Oroquieta City,Oroquieta City,SUC Satellite,8.4978767,123.7867727,valid,False,v2,10,10042,1004209,1004209026
10043c,University of Science and Technology of Southern Philippines - Panaon,Region X,10 - Northern Mindanao,Misamis Occidental,Misamis Occidental,Panaon,Panaon,SUC Satellite,8.3594969,123.8433742,valid,False,v2,10,10042,1004211,1004211010
10142,University of Science and Technology of Southern Philippines - Villanueva,Region X,10 - Northern Mindanao,Misamis Oriental,Misamis Oriental,Villanueva,Villanueva,SUC Satellite,8.5862346,124.7694996,valid,False,v2,10,10043,1004326,1004326007
10091,Valencia Colleges-Bukidnon,Region X,10 - Northern Mindanao,Bukidnon,Bukidnon,Valencia City,Valencia City,Private Non-Sectarian,7.9228968,125.0951047,valid,False,v2,10,10013,1001321,1001321024
10123,Vineyard International Polytechnic College,Region X,10 - Northern Mindanao,Misamis Oriental,Misamis Oriental,Cagayan de Oro City,Cagayan de Oro City,Private Non-Sectarian,8.483093,124.6495329,valid,False,v2,10,10305,1030500,1030500022
10093,Xavier University (Ateneo de Cagayan),Region X,10 - Northern Mindanao,Misamis Oriental,Misamis Oriental,Cagayan De Oro City,Cagayan De Oro City,Private Sectarian,8.4770736,124.6459649,valid,False,v2,10,10305,1030500,1030500024
11155,ACES Polytechnic College,Region XI,11 - Davao Region,Davao Del Norte,Davao Del Norte,Panabo City,Panabo City,Private Non-Sectarian,7.31,125.68,valid,False,v2,11,11023,1102315,1102315029
11162,ACQ College of Ministries,Region XI,11 - Davao Region,Davao Del Sur,Davao Del Sur,Davao City,Davao City,Private Non-Sectarian,7.14,125.38,valid,False,v2,11,11307,1130700,1130700118
11002,AMA Computer College-Davao,Region XI,11 - Davao Region,Davao Del Sur,Davao Del Sur,Davao City,Davao City,Private Non-Sectarian,7.07,125.6,valid,False,v2,11,11307,1130700,1130700138
11189,AMYA Polytechnic College,Region XI,11 - Davao Region,Davao Del Sur,Davao Del Sur,Davao City,Davao City,Private Non-Sectarian,7.05,125.59,valid,False,v2,11,11307,1130700,1130700020
11122,Aces Tagum College,Region XI,11 - Davao Region,Davao Del Norte,Davao Del Norte,Tagum City,Tagum City,Private Non-Sectarian,7.46,125.79,valid,False,v2,11,11023,1102319,1102319011
11001,Agro-Industrial Foundation College of the Philippines-Davao,Region XI,11 - Davao Region,Davao Del Sur,Davao Del Sur,Davao City,Davao City,Private Non-Sectarian,7.05,125.6,valid,False,v2,11,11307,1130700,1130700020
11004,Arriesgado College Foundation,Region XI,11 - Davao Region,Davao Del Norte,Davao Del Norte,Tagum City,Tagum City,Private Non-Sectarian,7.44253,125.8041,valid,False,v2,11,11023,1102319,1102319016
11175,Asian International School of Aeronautics and Technology,Region XI,11 - Davao Region,Davao Del Sur,Davao Del Sur,Davao City,Davao City,Private Non-Sectarian,7.08,125.62,valid,False,v2,11,11307,1130700,1130700148
11114,Assumption College of Davao,Region XI,11 - Davao Region,Davao Del Sur,Davao Del Sur,Davao City,Davao City,Private Sectarian,7.09,125.62,valid,False,v2,11,11307,1130700,1130700181
11006,Assumption College of Nabunturan,Region XI,11 - Davao Region,Davao De Oro,Davao De Oro,Nabunturan,Nabunturan,Private Sectarian,7.6,125.96,valid,False,v2,11,11082,1108209,1108209019
11007,Ateneo de Davao University,Region XI,11 - Davao Region,Davao Del Sur,Davao Del Sur,Davao City,Davao City,Private Sectarian,7.07,125.61,valid,False,v2,11,11307,1130700,1130700137
11008,Brokenshire College,Region XI,11 - Davao Region,Davao Del Sur,Davao Del Sur,Davao City,Davao City,Private Non-Sectarian,7.08,125.6,valid,False,v2,11,11307,1130700,1130700142
11181,CARD-MRI Development Institute,Region XI,11 - Davao Region,Davao Del Norte,Davao Del Norte,Tagum City,Tagum City,Private Non-Sectarian,7.466854,125.7953,valid,False,v2,11,11023,1102319,1102319011
11136,Christian Colleges of Southeast Asia,Region XI,11 - Davao Region,Davao Del Sur,Davao Del Sur,Davao City,Davao City,Private Non-Sectarian,7.1,125.58,valid,False,v2,11,11307,1130700,1130700061
11191,City College of Davao,Region XI,11 - Davao Region,Davao Del Sur,Davao Del Sur,Davao City,Davao City,LUC,7.07,125.53,valid,False,v2,11,11307,1130700,1130700031
11188,Colegio de Caraga,Region XI,11 - Davao Region,Davao Oriental,Davao Oriental,Caraga,Caraga,Private Non-Sectarian,7.333529,126.5646,valid,False,v2,11,11025,1102504,1102504010
11192,Colegio de Nabunturan,Region XI,11 - Davao Region,Davao De Oro,Davao De Oro,Nabunturan,Nabunturan,LUC,7.58,125.96,valid,False,v2,11,11082,1108209,1108209025
11012,Cor Jesu College,Region XI,11 - Davao Region,Davao Del Sur,Davao Del Sur,Digos City,Digos City,Private Sectarian,6.75,125.35,valid,False,v2,11,11024,1102403,1102403029
11019,DMMA College of Southern Philippines,Region XI,11 - Davao Region,Davao Del Sur,Davao Del Sur,Davao City,Davao City,Private Non-Sectarian,7.12,125.6,valid,False,v2,11,11307,1130700,1130700125
11014,Davao Central College,Region XI,11 - Davao Region,Davao Del Sur,Davao Del Sur,Davao City,Davao City,Private Non-Sectarian,7.01,125.5,valid,False,v2,11,11307,1130700,1130700040
11173,Davao De Oro State College,Region XI,11 - Davao Region,Davao De Oro,Davao De Oro,Compostela,Compostela,SUC Main,7.677036,126.0858,valid,False,v2,11,11082,1108201,1108201011
11176,Davao De Oro State College-Maragusan Branch,Region XI,11 - Davao Region,Davao De Oro,Davao De Oro,Maragusan,Maragusan,SUC Satellite,7.316566,126.1186,valid,False,v2,11,11082,1108205,1108205003
11177,Davao De Oro State College-Montevista Branch,Region XI,11 - Davao Region,Davao De Oro,Davao De Oro,Montevista,Montevista,SUC Satellite,7.714276,125.9877,valid,False,v2,11,11082,1108208,1108208020
11178,Davao De Oro State College-New Bataan Branch,Region XI,11 - Davao Region,Davao De Oro,Davao De Oro,New Bataan,New Bataan,SUC Satellite,7.551095,126.1351,valid,False,v2,11,11082,1108210,1108210011
11016,Davao Doctors College,Region XI,11 - Davao Region,Davao Del Sur,Davao Del Sur,Davao City,Davao City,Private Non-Sectarian,7.07,125.6,valid,False,v2,11,11307,1130700,1130700138
11018,Davao Medical School Foundation,Region XI,11 - Davao Region,Davao Del Sur,Davao Del Sur,Davao City,Davao City,Private Non-Sectarian,7.09,125.61,valid,False,v2,11,11307,1130700,1130700152
11021,Davao Oriental State University,Region XI,11 - Davao Region,Davao Oriental,Davao Oriental,Mati City,Mati City,SUC Main,6.954167,126.0117,valid,False,v2,11,11025,1102502,1102502012
11021c,Davao Oriental State University-Banaybanay Campus,Region XI,11 - Davao Region,Davao Oriental,Davao Oriental,Banaybanay,Banaybanay,SUC Satellite,6.98779774862912,126.012794909302,valid,False,v2,11,11025,1102502,1102502009
11021a,Davao Oriental State University-Cateel Extension Campus,Region XI,11 - Davao Region,Davao Oriental,Davao Oriental,Cateel,Cateel,SUC Satellite,7.80905830460818,126.418298159522,valid,False,v2,11,11025,1102505,1102505010
11021b,Davao Oriental State University-San Isidro Campus,Region XI,11 - Davao Region,Davao Oriental,Davao Oriental,San Isidro,San Isidro,SUC Satellite,6.858333,126.1006,valid,False,v2,11,11025,1102510,1102510010
11158,Davao Vision Colleges,Region XI,11 - Davao Region,Davao Del Sur,Davao Del Sur,Davao City,Davao City,Private Non-Sectarian,7.08,125.54,valid,False,v2,11,11307,1130700,1130700030
11137,Davao Winchester Colleges,Region XI,11 - Davao Region,Davao Del Norte,Davao Del Norte,Sto. Tomas,Sto. Tomas,Private Non-Sectarian,7.54,125.62,valid,False,v2,11,11023,1102318,1102318011
11015,Davao del Norte State College,Region XI,11 - Davao Region,Davao Del Norte,Davao Del Norte,Panabo City,Panabo City,SUC Main,7.31387,125.6704,valid,False,v2,11,11023,1102315,1102315026
11098,Davao del Sur State College-Main,Region XI,11 - Davao Region,Davao Del Sur,Davao Del Sur,Digos City,Digos City,SUC Main,6.758102,125.3094,valid,False,v2,11,11024,1102403,1102403014
11165,Evangelical Mission College,Region XI,11 - Davao Region,Davao Del Sur,Davao Del Sur,Davao City,Davao City,Private Sectarian,7.07,125.56,valid,False,v2,11,11307,1130700,1130700077
11026,Evelyn E. Fabie College,Region XI,11 - Davao Region,Davao Del Sur,Davao Del Sur,Davao City,Davao City,Private Non-Sectarian,7.08,125.6,valid,False,v2,11,11307,1130700,1130700142
11154,Gabriel Taborin College of Davao Foundation,Region XI,11 - Davao Region,Davao Del Sur,Davao Del Sur,Davao City,Davao City,Private Non-Sectarian,7.26,125.66,valid,False,v2,11,11307,1130700,1130700056
11030,General Baptist Bible College,Region XI,11 - Davao Region,Davao Del Sur,Davao Del Sur,Davao City,Davao City,Private Sectarian,7.06,125.53,valid,False,v2,11,11307,1130700,1130700005
11156,"Governor Generoso College of Arts, Sciences and Technology",Region XI,11 - Davao Region,Davao Oriental,Davao Oriental,Gov. Generoso,Gov. Generoso,LUC with Institutional Recognition,6.66,126.07,valid,False,v2,,,,
11126,Holy Child College of Davao,Region XI,11 - Davao Region,Davao Del Sur,Davao Del Sur,Davao City,Davao City,Private Non-Sectarian,7.08,125.51,valid,False,v2,11,11307,1130700,1130700193
11033,Holy Cross College of Calinan,Region XI,11 - Davao Region,Davao Del Sur,Davao Del Sur,Davao City,Davao City,Private Sectarian,7.19,125.46,valid,False,v2,11,11307,1130700,1130700026
11144,Holy Cross College of Sasa,Region XI,11 - Davao Region,Davao Del Sur,Davao Del Sur,Davao City,Davao City,Private Sectarian,7.12,125.65,valid,False,v2,11,11307,1130700,1130700101
11035,Holy Cross of Davao College,Region XI,11 - Davao Region,Davao Del Sur,Davao Del Sur,Davao City,Davao City,Private Sectarian,7.08,125.62,valid,False,v2,11,11307,1130700,1130700148
11174,Institute of International Culinary and Hospitality Entrepreneurship Inc.,Region XI,11 - Davao Region,Davao Del Sur,Davao Del Sur,Davao City,Davao City,Private Sectarian,7.07,125.62,valid,False,v2,11,11307,1130700,1130700158
11115,Interface Computer College,Region XI,11 - Davao Region,Davao Del Sur,Davao Del Sur,Davao City,Davao City,Private Non-Sectarian,7.07,125.61,valid,False,v2,11,11307,1130700,1130700137
11100,Joji Ilagan Career Center Foundation,Region XI,11 - Davao Region,Davao Del Sur,Davao Del Sur,Davao City,Davao City,Private Non-Sectarian,7.07,125.62,valid,False,v2,11,11307,1130700,1130700158
11179,Joji Ilagan International Management School,Region XI,11 - Davao Region,Davao Del Sur,Davao Del Sur,Davao City,Davao City,Private Non-Sectarian,7.07,125.61,valid,False,v2,11,11307,1130700,1130700137
11131,Jose Maria College,Region XI,11 - Davao Region,Davao Del Sur,Davao Del Sur,Davao City,Davao City,Private Non-Sectarian,7.13,125.65,valid,False,v2,11,11307,1130700,1130700101
11142,"Kapalong College of Agriculture, Sciences and Technology",Region XI,11 - Davao Region,Davao Del Norte,Davao Del Norte,Kapalong,Kapalong,LUC with Institutional Recognition,7.59,125.71,valid,False,v2,11,11023,1102305,1102305021
11164,Koinonia Theological Seminary Foundation,Region XI,11 - Davao Region,Davao Del Sur,Davao Del Sur,Davao City,Davao City,Private Non-Sectarian,7.07,125.61,valid,False,v2,11,11307,1130700,1130700137
11169,Kolehiyo ng Pantukan,Region XI,11 - Davao Region,Davao De Oro,Davao De Oro,Pantukan,Pantukan,LUC with Institutional Recognition,7.120795,125.901,valid,False,v2,11,11082,1108211,1108211004
11146,Laak Institute Foundation,Region XI,11 - Davao Region,Davao De Oro,Davao De Oro,Laak,Laak,Private Non-Sectarian,7.8138,125.795,valid,False,v2,11,11082,1108202,1108202014
11138,Legacy College of Compostela,Region XI,11 - Davao Region,Davao De Oro,Davao De Oro,Compostela,Compostela,Private Non-Sectarian,7.67,126.09,valid,False,v2,11,11082,1108201,1108201011
11039,Liceo De Davao,Region XI,11 - Davao Region,Davao Del Norte,Davao Del Norte,Tagum City,Tagum City,Private Non-Sectarian,7.448612,125.8134,valid,False,v2,11,11023,1102319,1102319023
11183,Lyceum of the Philippines-Davao,Region XI,11 - Davao Region,Davao Del Sur,Davao Del Sur,Davao City,Davao City,Private Non-Sectarian,7.14,125.65,valid,False,v2,11,11307,1130700,1130700101
11042,MATS College of Technology,Region XI,11 - Davao Region,Davao Del Sur,Davao Del Sur,Davao City,Davao City,Private Non-Sectarian,7.09,125.63,valid,False,v2,11,11307,1130700,1130700192
11190,Maco de Oro College,Region XI,11 - Davao Region,Davao De Oro,Davao De Oro,Maco,Maco,LUC with Institutional Recognition,7.36928,125.8552,valid,False,v2,11,11082,1108204,1108204003
11180,Malayan Colleges Mindanao,Region XI,11 - Davao Region,Davao Del Sur,Davao Del Sur,Davao City,Davao City,Private Non-Sectarian,7.06,125.6,valid,False,v2,11,11307,1130700,1130700020
11184,Maryknoll College of Panabo,Region XI,11 - Davao Region,Davao Del Norte,Davao Del Norte,Panabo City,Panabo City,Private Sectarian,7.31,125.68,valid,False,v2,11,11023,1102315,1102315029
11128,Mati Doctors College,Region XI,11 - Davao Region,Davao Oriental,Davao Oriental,Mati City,Mati City,Private Non-Sectarian,6.94,126.24,valid,False,v2,11,11025,1102509,1102509020
11041,Mati Polytechnic College,Region XI,11 - Davao Region,Davao Oriental,Davao Oriental,Mati City,Mati City,Private Non-Sectarian,6.96,126.22,valid,False,v2,11,11025,1102509,1102509022
11125,Mindanao Kokusai Daigaku,Region XI,11 - Davao Region,Davao Del Sur,Davao Del Sur,Davao City,Davao City,Private Non-Sectarian,7.1,125.63,valid,False,v2,11,11307,1130700,1130700192
11044,Mindanao Medical Foundation College,Region XI,11 - Davao Region,Davao Del Sur,Davao Del Sur,Davao City,Davao City,Private Non-Sectarian,7.09,125.63,valid,False,v2,11,11307,1130700,1130700192
11161,"Monkayo College of Arts, Sciences and Technology",Region XI,11 - Davao Region,Davao De Oro,Davao De Oro,Monkayo,Monkayo,LUC with Institutional Recognition,7.83,126.05,valid,False,v2,11,11082,1108207,1108207013
11168,Mt. Apo Science Foundation College,Region XI,11 - Davao Region,Davao Del Sur,Davao Del Sur,Davao City,Davao City,Private Non-Sectarian,7.14,125.48,valid,False,v2,11,11307,1130700,1130700058
11049,North Davao College-Tagum Foundation,Region XI,11 - Davao Region,Davao Del Norte,Davao Del Norte,Tagum City,Tagum City,Private Non-Sectarian,7.43222,125.8236,valid,False,v2,11,11023,1102319,1102319001
11050,North Davao Colleges-Panabo,Region XI,11 - Davao Region,Davao Del Norte,Davao Del Norte,Panabo City,Panabo City,Private Non-Sectarian,7.3,125.68,valid,False,v2,11,11023,1102315,1102315009
11170,Northlink Technological College,Region XI,11 - Davao Region,Davao Del Norte,Davao Del Norte,Panabo City,Panabo City,Private Non-Sectarian,7.3,125.68,valid,False,v2,11,11023,1102315,1102315009
11124,Philippine College of Technology,Region XI,11 - Davao Region,Davao Del Sur,Davao Del Sur,Davao City,Davao City,Private Non-Sectarian,7.09,125.61,valid,False,v2,11,11307,1130700,1130700152
11055,Philippine Women's College of Davao,Region XI,11 - Davao Region,Davao Del Sur,Davao Del Sur,Davao City,Davao City,Private Non-Sectarian,7.06,125.56,valid,False,v2,11,11307,1130700,1130700116
11056,Polytechnic College of Davao del Sur,Region XI,11 - Davao Region,Davao Del Sur,Davao Del Sur,Digos City,Digos City,Private Non-Sectarian,6.76,125.36,valid,False,v2,11,11024,1102403,1102403028
11058,Queen of Apostles College Seminary,Region XI,11 - Davao Region,Davao Del Norte,Davao Del Norte,Tagum City,Tagum City,Private Sectarian,7.75359,125.8073,valid,False,v2,11,11082,1108202,1108202006
11130,STI College-Davao,Region XI,11 - Davao Region,Davao Del Sur,Davao Del Sur,Davao City,Davao City,Private Non-Sectarian,7.451947,125.8189,valid,False,v2,11,11023,1102319,1102319023
11186,STI College-Tagum,Region XI,11 - Davao Region,Davao Del Norte,Davao Del Norte,Tagum City,Tagum City,Private Non-Sectarian,7.07,125.61,valid,False,v2,11,11307,1130700,1130700137
11063,Saint Francis Xavier College Seminary,Region XI,11 - Davao Region,Davao Del Sur,Davao Del Sur,Davao City,Davao City,Private Sectarian,7.08,125.6,valid,False,v2,11,11307,1130700,1130700142
11066,Saint Peter's College of Toril,Region XI,11 - Davao Region,Davao Del Sur,Davao Del Sur,Davao City,Davao City,Private Sectarian,7.07,125.55,valid,False,v2,11,11307,1130700,1130700030
11185,Samal Island City College,Region XI,11 - Davao Region,Davao Del Norte,Davao Del Norte,Island Garden City of Samal,Island Garden City of Samal,LUC with Institutional Recognition,7.04,125.71,valid,False,v2,,,,
11167,Samson Polytechnic College of Davao,Region XI,11 - Davao Region,Davao Del Sur,Davao Del Sur,Davao City,Davao City,Private Non-Sectarian,7.07,125.62,valid,False,v2,11,11307,1130700,1130700158
11070,San Pedro College,Region XI,11 - Davao Region,Davao Del Sur,Davao Del Sur,Davao City,Davao City,Private Sectarian,7.08,125.62,valid,False,v2,11,11307,1130700,1130700148
11075,Serapion C. Basalo Memorial Colleges,Region XI,11 - Davao Region,Davao Del Sur,Davao Del Sur,Kiblawan,Kiblawan,Private Non-Sectarian,6.62,125.26,valid,False,v2,11,11024,1102406,1102406023
11078,South Philippine Adventist College,Region XI,11 - Davao Region,Davao Del Sur,Davao Del Sur,Matanao,Matanao,Private Sectarian,6.75,125.26,valid,False,v2,11,11024,1102410,1102410007
11076,Southeastern College of Padada,Region XI,11 - Davao Region,Davao Del Sur,Davao Del Sur,Padada,Padada,Private Non-Sectarian,6.64,125.35,valid,False,v2,11,11024,1102411,1102411001
11077,"Southern Philippines Agriculture, Business, Marine and Aquatic School of Technology",Region XI,11 - Davao Region,Davao Occidental,Davao Occidental,Malita,Malita,SUC Main,6.419818,125.6087,valid,False,v2,,,,
11129,Southern Philippines Baptist Theological Seminary,Region XI,11 - Davao Region,Davao Del Sur,Davao Del Sur,Davao City,Davao City,Private Sectarian,7.05,125.54,valid,False,v2,11,11307,1130700,1130700176
11101,St. Francis Xavier Regional Major Seminary of Mindanao,Region XI,11 - Davao Region,Davao Del Sur,Davao Del Sur,Davao City,Davao City,Private Sectarian,7.07,125.53,valid,False,v2,11,11307,1130700,1130700031
11123,St. John Paul II College of Davao,Region XI,11 - Davao Region,Davao Del Sur,Davao Del Sur,Davao City,Davao City,Private Non-Sectarian,7.05,125.6,valid,False,v2,11,11307,1130700,1130700020
11034,St. Mary'S College of Bansalan,Region XI,11 - Davao Region,Davao Del Sur,Davao Del Sur,Bansalan,Bansalan,Private Sectarian,6.78,125.21,valid,False,v2,11,11024,1102401,1102401025
11140,St. Mary's College Baganga,Region XI,11 - Davao Region,Davao Oriental,Davao Oriental,Baganga,Baganga,Private Sectarian,7.573663,126.5615,valid,False,v2,11,11025,1102501,1102501008
11064,St. Mary's College of Tagum,Region XI,11 - Davao Region,Davao Del Norte,Davao Del Norte,Tagum City,Tagum City,Private Sectarian,7.453942,125.8174,valid,False,v2,11,11023,1102319,1102319023
11160,St. Thomas More School of Law and Business,Region XI,11 - Davao Region,Davao Del Norte,Davao Del Norte,Tagum City,Tagum City,Private Non-Sectarian,7.05,125.54,valid,False,v2,11,11307,1130700,1130700176
11182,"Sto. Tomas College of Agriculture, Sciences and Technology",Region XI,11 - Davao Region,Davao Del Norte,Davao Del Norte,Sto. Tomas,Sto. Tomas,LUC with Institutional Recognition,7.54,125.62,valid,False,v2,11,11023,1102318,1102318011
11172,Tagum City College of Science and Technology Foundation,Region XI,11 - Davao Region,Davao Del Norte,Davao Del Norte,Tagum City,Tagum City,Private Non-Sectarian,7.463824,125.8027,valid,False,v2,11,11023,1102319,1102319026
11153,Tagum Doctors College,Region XI,11 - Davao Region,Davao Del Norte,Davao Del Norte,Tagum City,Tagum City,Private Non-Sectarian,7.438333,125.8039,valid,False,v2,11,11023,1102319,1102319022
11085,Tecarro College Foundation,Region XI,11 - Davao Region,Davao Del Sur,Davao Del Sur,Davao City,Davao City,Private Non-Sectarian,7.06236,125.601,valid,False,v2,11,11307,1130700,1130700020
11062,The Rizal Memorial Colleges,Region XI,11 - Davao Region,Davao Del Sur,Davao Del Sur,Davao City,Davao City,Private Non-Sectarian,7.06,125.6,valid,False,v2,11,11307,1130700,1130700020
11088,UM Bansalan College,Region XI,11 - Davao Region,Davao Del Sur,Davao Del Sur,Bansalan,Bansalan,Private Non-Sectarian,6.79,125.21,valid,False,v2,11,11024,1102401,1102401025
11089,UM Digos College,Region XI,11 - Davao Region,Davao Del Sur,Davao Del Sur,Digos City,Digos City,Private Non-Sectarian,6.75,125.35,valid,False,v2,11,11024,1102403,1102403029
11091,UM Panabo College,Region XI,11 - Davao Region,Davao Del Norte,Davao Del Norte,Panabo City,Panabo City,Private Non-Sectarian,7.3,125.68,valid,False,v2,11,11023,1102315,1102315009
11120,UM Peñaplata College,Region XI,11 - Davao Region,Davao Del Norte,Davao Del Norte,Island Garden City of Samal,Island Garden City of Samal,Private Non-Sectarian,7.1,125.72,valid,False,v2,11,11023,1102317,1102317043
11092,UM Tagum College,Region XI,11 - Davao Region,Davao Del Norte,Davao Del Norte,Tagum City,Tagum City,Private Non-Sectarian,7.446699,125.8009,valid,False,v2,11,11023,1102319,1102319025
11093,University of Mindanao,Region XI,11 - Davao Region,Davao Del Sur,Davao Del Sur,Davao City,Davao City,Private Non-Sectarian,7.07,125.61,valid,False,v2,11,11307,1130700,1130700137
11096,University of Southeastern Philippines-College of Agriculture-Tagum Mabini,Region XI,11 - Davao Region,Davao Del Norte,Davao Del Norte,Tagum City,Tagum City,SUC Satellite,7.42072706467534,125.830803637958,valid,False,v2,11,11023,1102319,1102319001
11094,University of Southeastern Philippines-Main,Region XI,11 - Davao Region,Davao Del Sur,Davao Del Sur,Davao City,Davao City,SUC Main,7.085492,125.6144,valid,False,v2,11,11307,1130700,1130700151
11099,University of Southeastern Philippines-Mintal,Region XI,11 - Davao Region,Davao Del Sur,Davao Del Sur,Davao City,Davao City,SUC Satellite,7.09605107967504,125.497528745154,valid,False,v2,11,11307,1130700,1130700127
11095,University of the Immaculate Conception,Region XI,11 - Davao Region,Davao Del Sur,Davao Del Sur,Davao City,Davao City,Private Sectarian,7.07,125.6,valid,False,v2,11,11307,1130700,1130700138
11107,University of the Philippines-Mindanao,Region XI,11 - Davao Region,Davao Del Sur,Davao Del Sur,Davao City,Davao City,SUC Satellite,7.085912,125.4846,valid,False,v2,11,11307,1130700,1130700079
12120,ACLC College of Marbel,Region XII,12 - Soccsksargen,South Cotabato,South Cotabato,Koronadal City,Koronadal City,Private Non-Sectarian,6.381405802,124.8119902,valid,False,v2,12,12063,1206302,1206302021
11119,AMA Computer College-General Santos City,Region XII,12 - Soccsksargen,South Cotabato,South Cotabato,General Santos City,General Santos City,Private Non-Sectarian,6.109648113,125.1716512,valid,False,v2,12,12308,1230800,1230800037
12104,Adventist College of Technology,Region XII,12 - Soccsksargen,South Cotabato,South Cotabato,Tupi,Tupi,Private Sectarian,6.347140118,124.9964992,valid,False,v2,12,12063,1206317,1206317001
12117,Asian Colleges and Technological Institute,Region XII,12 - Soccsksargen,NORTH COTABATO,Cotabato,Kabacan,Kabacan,Private Non-Sectarian,7.113877363,124.8183696,valid,False,v2,12,12047,1204703,1204703019
12130,B.E.S.T. College of Polomolok,Region XII,12 - Soccsksargen,South Cotabato,South Cotabato,Polomolok,Polomolok,Private Non-Sectarian,6.230303648,125.0781659,valid,False,v2,12,12063,1206312,1206312014
12112,Brokenshire College SOCSKSARGEN,Region XII,12 - Soccsksargen,South Cotabato,South Cotabato,General Santos City,General Santos City,Private Non-Sectarian,6.121204568,125.1831889,valid,False,v2,12,12308,1230800,1230800011
12002,Central Mindanao Colleges,Region XII,12 - Soccsksargen,NORTH COTABATO,Cotabato,Kidapawan City,Kidapawan City,Private Non-Sectarian,7.009795477,125.0924462,valid,False,v2,12,12047,1204704,1204704032
12093,Central Mindanao Computer School,Region XII,12 - Soccsksargen,NORTH COTABATO,Cotabato,Mlang,Mlang,Private Non-Sectarian,6.946126245,124.8861479,valid,False,v2,12,12047,1204710,1204710031
12045,Colegio de Kidapawan,Region XII,12 - Soccsksargen,NORTH COTABATO,Cotabato,Kidapawan City,Kidapawan City,Private Non-Sectarian,7.001368684,125.0863181,valid,False,v2,12,12047,1204704,1204704032
12008,Cotabato Foundation College of Science and Technology,Region XII,12 - Soccsksargen,NORTH COTABATO,Cotabato,Arakan,Arakan,SUC Main,7.34843179336952,125.091364439287,valid,False,v2,12,12047,1204718,1204718008
12008a,Cotabato Foundation College of Science and Technology-Antipas Campus,Region XII,12 - Soccsksargen,NORTH COTABATO,Cotabato,Antipas,Antipas,SUC Satellite,7.348460941,125.091423,valid,False,v2,12,12047,1204718,1204718008
12008c,Cotabato Foundation College of Science and Technology-Katipunan Campus,Region XII,12 - Soccsksargen,NORTH COTABATO,Cotabato,Sto. Nino,Sto. Nino,SUC Satellite,7.422043248,125.2351227,valid,False,v2,12,12047,1204718,1204718013
12008d,Cotabato Foundation College of Science and Technology-Pikit Campus,Region XII,12 - Soccsksargen,NORTH COTABATO,Cotabato,Pikit,Pikit,SUC Satellite,7.07308429861571,124.670277433576,valid,False,v2,19,19999,1999906,1999906002
12010,Cotabato Medical Foundation College,Region XII,12 - Soccsksargen,NORTH COTABATO,Cotabato,Midsayap,Midsayap,Private Non-Sectarian,7.198932768,124.5403297,valid,False,v2,12,12047,1204709,1204709042
12140,Cronasia Foundation College,Region XII,12 - Soccsksargen,South Cotabato,South Cotabato,General Santos City,General Santos City,Private Non-Sectarian,6.108258442,125.1726491,valid,False,v2,12,12308,1230800,1230800036
12012,Dr. Domingo B. Tamondong Memorial Hospital and College Foundation,Region XII,12 - Soccsksargen,Sultan Kudarat,Sultan Kudarat,Esperanza,Esperanza,Private Non-Sectarian,6.684834674,124.5692032,valid,False,v2,12,12065,1206503,1206503001
11024,Edenton Mission College,Region XII,12 - Soccsksargen,Sarangani,Sarangani,Maitum,Maitum,Private Sectarian,6.055995353,124.5068196,valid,False,v2,12,12080,1208005,1208005014
12166,Envirogreen School of Technology,Region XII,12 - Soccsksargen,South Cotabato,South Cotabato,General Santos City,General Santos City,Private Non-Sectarian,6.183212172,125.2293779,valid,False,v2,12,12308,1230800,1230800009
12150,Filipino Canadian Community College Foundation,Region XII,12 - Soccsksargen,South Cotabato,South Cotabato,General Santos City,General Santos City,Private Non-Sectarian,6.117139613,125.1744126,valid,False,v2,12,12308,1230800,1230800007
12132,General Santos Academy,Region XII,12 - Soccsksargen,South Cotabato,South Cotabato,Polomolok,Polomolok,Private Non-Sectarian,6.221459172,125.0574496,valid,False,v2,12,12063,1206312,1206312009
12108,General Santos Doctors' Medical School Foundation,Region XII,12 - Soccsksargen,South Cotabato,South Cotabato,General Santos City,General Santos City,Private Non-Sectarian,6.112543208,125.16295,valid,False,v2,12,12308,1230800,1230800037
12144,Gensan College of Technology,Region XII,12 - Soccsksargen,South Cotabato,South Cotabato,General Santos City (Dadiangas),General Santos City (Dadiangas),Private Non-Sectarian,6.114592189,125.1754944,valid,False,v2,12,12308,1230800,1230800007
11029,Gensantos Foundation College,Region XII,12 - Soccsksargen,South Cotabato,South Cotabato,General Santos City,General Santos City,Private Non-Sectarian,6.112077687,125.1634491,valid,False,v2,12,12308,1230800,1230800037
12153,Glan Institute of Technology,Region XII,12 - Soccsksargen,Sarangani,Sarangani,Glan,Glan,LUC with Institutional Recognition,5.815097599,125.2179557,valid,False,v2,12,12080,1208002,1208002007
12105,Goldenstate College,Region XII,12 - Soccsksargen,South Cotabato,South Cotabato,General Santos City,General Santos City,Private Non-Sectarian,6.107670682,125.1734077,valid,False,v2,12,12308,1230800,1230800036
12157,Goldenstate College of Kiamba,Region XII,12 - Soccsksargen,Sarangani,Sarangani,Kiamba,Kiamba,Private Non-Sectarian,5.98901834,124.6234118,valid,False,v2,12,12080,1208003,1208003014
12126,Goldenstate College of Koronadal City,Region XII,12 - Soccsksargen,South Cotabato,South Cotabato,Koronadal City,Koronadal City,Private Non-Sectarian,6.497980733,124.8418968,valid,False,v2,12,12063,1206306,1206306018
12158,Goldenstate College of Maasim,Region XII,12 - Soccsksargen,Sarangani,Sarangani,Sarangani,Sarangani,Private Non-Sectarian,5.863119994,124.9866264,valid,False,v2,12,12080,1208004,1208004014
12159,Goldenstate College of Malungon,Region XII,12 - Soccsksargen,Sarangani,Sarangani,Malungon,Malungon,Private Non-Sectarian,6.31483196,125.2523147,valid,False,v2,12,12080,1208007,1208007019
12162,Goodwill Colleges of North Eastern Philippines,Region XII,12 - Soccsksargen,Sultan Kudarat,Sultan Kudarat,Tacurong City,Tacurong City,Private Non-Sectarian,6.69422960809775,124.68437083577,valid,False,v2,12,12065,1206511,1206511019
11113,Green Valley College Foundation,Region XII,12 - Soccsksargen,South Cotabato,South Cotabato,Koronadal City,Koronadal City,Private Non-Sectarian,6.493564248,124.8551293,valid,False,v2,12,12063,1206306,1206306017
12114,Holy Child College of Information Technology,Region XII,12 - Soccsksargen,South Cotabato,South Cotabato,Surallah,Surallah,Private Non-Sectarian,6.380152335,124.7472825,valid,False,v2,12,12063,1206313,1206313019
11036,Holy Trinity College of General Santos City,Region XII,12 - Soccsksargen,South Cotabato,South Cotabato,General Santos City,General Santos City,Private Non-Sectarian,6.113176071,125.1688194,valid,False,v2,12,12308,1230800,1230800035
12136,Joji Ilagan International School of Hotel & Tourism Management,Region XII,12 - Soccsksargen,South Cotabato,South Cotabato,General Santos City,General Santos City,Private Non-Sectarian,6.120724047,125.1819868,valid,False,v2,12,12308,1230800,1230800011
12142,Kidapawan Doctors College,Region XII,12 - Soccsksargen,NORTH COTABATO,Cotabato,Kidapawan City,Kidapawan City,Private Non-Sectarian,7.022242602,125.086695,valid,False,v2,12,12047,1204704,1204704015
12163,King Solomon Institute,Region XII,12 - Soccsksargen,South Cotabato,South Cotabato,General Santos City,General Santos City,Private Non-Sectarian,6.090304778,125.1520838,valid,False,v2,12,12308,1230800,1230800012
12025,King's College of Isulan,Region XII,12 - Soccsksargen,Sultan Kudarat,Sultan Kudarat,Isulan,Isulan,Private Non-Sectarian,6.620833382,124.6093192,valid,False,v2,12,12065,1206504,1206504011
11038,King's College of Marbel,Region XII,12 - Soccsksargen,South Cotabato,South Cotabato,Koronadal City,Koronadal City,Private Non-Sectarian,6.513871525,124.8270356,valid,False,v2,12,12063,1206306,1206306012
12121,Korbel Foundation College,Region XII,12 - Soccsksargen,South Cotabato,South Cotabato,Koronadal City,Koronadal City,Private Non-Sectarian,6.516783648,124.8240209,valid,False,v2,12,12063,1206306,1206306012
12143,Kulaman Academy,Region XII,12 - Soccsksargen,Sultan Kudarat,Sultan Kudarat,Sen. Ninoy Aquino,Sen. Ninoy Aquino,Private Non-Sectarian,6.345763459,124.3650139,valid,False,v2,12,12065,1206512,1206512005
12031,Lebak Family Doctors' School of Midwifery,Region XII,12 - Soccsksargen,Sultan Kudarat,Sultan Kudarat,Lebak,Lebak,Private Non-Sectarian,6.635424676,124.0678458,valid,False,v2,12,12065,1206506,1206506015
12169,MALAPATAN COLLEGE OF SCIENCE AND TECHNOLOGY,Region XII,12 - Soccsksargen,Sarangani,Sarangani,Malapatan,Malapatan,LUC,6.034593129,125.2989018,valid,False,v2,12,12080,1208006,1208006006
12138,MMG College of General Santos City,Region XII,12 - Soccsksargen,South Cotabato,South Cotabato,General Santos City,General Santos City,Private Non-Sectarian,6.112017972,125.1769808,valid,False,v2,12,12308,1230800,1230800036
12147,Makilala Institute of Science and Technology,Region XII,12 - Soccsksargen,NORTH COTABATO,Cotabato,Makilala,Makilala,LUC with Institutional Recognition,6.960557236,125.058746,valid,False,v2,12,12047,1204707,1204707008
12133,Marbel Institute of Technical College,Region XII,12 - Soccsksargen,South Cotabato,South Cotabato,Koronadal City,Koronadal City,Private Non-Sectarian,6.492767994,124.8354381,valid,False,v2,12,12063,1206306,1206306019
11116,Marbel School of Science and Technology,Region XII,12 - Soccsksargen,South Cotabato,South Cotabato,Koronadal City,Koronadal City,Private Non-Sectarian,6.496511473,124.8625538,valid,False,v2,12,12063,1206306,1206306025
12127,Marvelous College of Technology,Region XII,12 - Soccsksargen,South Cotabato,South Cotabato,Koronadal City,Koronadal City,Private Non-Sectarian,6.493180874,124.8368495,valid,False,v2,12,12063,1206306,1206306019
11045,Mindanao Polytechnic College,Region XII,12 - Soccsksargen,South Cotabato,South Cotabato,General Santos City,General Santos City,Private Non-Sectarian,6.11742801,125.145985,valid,False,v2,12,12308,1230800,1230800012
11048,Mindanao State University-General Santos,Region XII,12 - Soccsksargen,South Cotabato,South Cotabato,General Santos City,General Santos City,SUC Satellite,6.06604345502834,125.126763746771,valid,False,v2,12,12308,1230800,1230800038
12160,New Brighton School of the Philippines,Region XII,12 - Soccsksargen,South Cotabato,South Cotabato,General Santos City,General Santos City,Private Non-Sectarian,6.109451163,125.1694176,valid,False,v2,12,12308,1230800,1230800037
12151,New Era University-General Santos City,Region XII,12 - Soccsksargen,South Cotabato,South Cotabato,General Santos City,General Santos City,Private Non-Sectarian,6.136818041,125.1709324,valid,False,v2,12,12308,1230800,1230800023
12167,New Hope School of Agriculture and Fishery,Region XII,12 - Soccsksargen,South Cotabato,South Cotabato,Polomolok,Polomolok,Private Non-Sectarian,6.232127768,125.0814843,valid,False,v2,12,12063,1206312,1206312014
12086,North Valley College Foundation,Region XII,12 - Soccsksargen,NORTH COTABATO,Cotabato,Kidapawan City,Kidapawan City,Private Non-Sectarian,7.027542817,125.074228,valid,False,v2,12,12047,1204704,1204704015
11051,Notre Dame of Dadiangas University,Region XII,12 - Soccsksargen,South Cotabato,South Cotabato,General Santos City,General Santos City,Private Sectarian,6.118704377,125.1717484,valid,False,v2,12,12308,1230800,1230800035
12049,Notre Dame of Kidapawan College,Region XII,12 - Soccsksargen,NORTH COTABATO,Cotabato,Kidapawan City,Kidapawan City,Private Sectarian,7.011571814,125.0961153,valid,False,v2,12,12047,1204704,1204704032
11052,Notre Dame of Marbel University,Region XII,12 - Soccsksargen,South Cotabato,South Cotabato,Koronadal City,Koronadal City,Private Sectarian,6.495404819,124.8426394,valid,False,v2,12,12063,1206306,1206306018
12050,Notre Dame of Midsayap College,Region XII,12 - Soccsksargen,NORTH COTABATO,Cotabato,Midsayap,Midsayap,Private Sectarian,7.194069559,124.534889,valid,False,v2,12,12047,1204709,1204709039
12051,Notre Dame of Salaman College,Region XII,12 - Soccsksargen,Sultan Kudarat,Sultan Kudarat,Lebak,Lebak,Private Sectarian,6.627815879,124.0676845,valid,False,v2,12,12065,1206506,1206506016
12052,Notre Dame of Tacurong College,Region XII,12 - Soccsksargen,Sultan Kudarat,Sultan Kudarat,Tacurong City,Tacurong City,Private Sectarian,6.687460884,124.6731867,valid,False,v2,12,12065,1206511,1206511013
12110,Notre Dame-Siena College of Polomolok,Region XII,12 - Soccsksargen,South Cotabato,South Cotabato,Polomolok,Polomolok,Private Sectarian,6.224216946,125.0609535,valid,False,v2,12,12063,1206312,1206312014
12161,Pacific Southbay College,Region XII,12 - Soccsksargen,South Cotabato,South Cotabato,General Santos City,General Santos City,Private Non-Sectarian,6.077451776,125.1377357,valid,False,v2,12,12308,1230800,1230800033
12145,Primasia Foundation College,Region XII,12 - Soccsksargen,Sarangani,Sarangani,Poblacion Alabel,Poblacion Alabel,Private Non-Sectarian,6.101866295,125.2910359,valid,False,v2,12,12080,1208001,1208001010
12131,Ramon Magsaysay Memorial College - Marbel,Region XII,12 - Soccsksargen,South Cotabato,South Cotabato,Koronadal City,Koronadal City,Private Non-Sectarian,6.500071666,124.8429955,valid,False,v2,12,12063,1206306,1206306019
11059,Ramon Magsaysay Memorial Colleges,Region XII,12 - Soccsksargen,South Cotabato,South Cotabato,General Santos City,General Santos City,Private Non-Sectarian,6.118161153,125.1786271,valid,False,v2,12,12308,1230800,1230800007
12005,Regency Polytechnic College,Region XII,12 - Soccsksargen,South Cotabato,South Cotabato,Koronadal City,Koronadal City,Private Non-Sectarian,6.517661226,124.822883,valid,False,v2,12,12063,1206306,1206306012
12129,STI College - Koronadal City - Tacurong City Branch,Region XII,12 - Soccsksargen,Sultan Kudarat,Sultan Kudarat,Tacurong City,Tacurong City,Private Non-Sectarian,6.500697022,124.8462003,valid,False,v2,12,12063,1206306,1206306017
12122,STI College of Koronadal City,Region XII,12 - Soccsksargen,South Cotabato,South Cotabato,Koronadal City,Koronadal City,Private Non-Sectarian,6.495480793,124.8472531,valid,False,v2,12,12063,1206306,1206306018
11112,STI College-Gen. Santos,Region XII,12 - Soccsksargen,South Cotabato,South Cotabato,General Santos City,General Santos City,Private Non-Sectarian,6.114838421,125.1831597,valid,False,v2,12,12308,1230800,1230800011
11081,Santa Cruz Mission School,Region XII,12 - Soccsksargen,South Cotabato,South Cotabato,Lake Sebu,Lake Sebu,Private Sectarian,6.214519131,124.7244613,valid,False,v2,12,12063,1206319,1206319014
12164,Santo Niño College Foundation,Region XII,12 - Soccsksargen,South Cotabato,South Cotabato,Banga,Banga,Private Non-Sectarian,6.440766471,124.7911752,valid,False,v2,12,12063,1206302,1206302022
11057,Schola de San Jose,Region XII,12 - Soccsksargen,South Cotabato,South Cotabato,Polomolok,Polomolok,Private Non-Sectarian,6.217870811,125.0673346,valid,False,v2,12,12063,1206312,1206312014
12064,Senator Ninoy Aquino College Foundation,Region XII,12 - Soccsksargen,Sultan Kudarat,Sultan Kudarat,Sen. Ninoy Aquino,Sen. Ninoy Aquino,Private Non-Sectarian,6.46242404,124.3331294,valid,False,v2,12,12065,1206512,1206512011
12149,South Central Mindanao College of Science and Technology,Region XII,12 - Soccsksargen,Sultan Kudarat,Sultan Kudarat,Tacurong City,Tacurong City,Private Non-Sectarian,6.6741358351005,124.676599129779,valid,False,v2,12,12065,1206511,1206511003
11106,South Cotabato State College,Region XII,12 - Soccsksargen,South Cotabato,South Cotabato,Surallah,Surallah,SUC Main,6.37766295875318,124.725734310838,valid,False,v2,12,12063,1206313,1206313005
12115,South East Asian Institute of Technology,Region XII,12 - Soccsksargen,South Cotabato,South Cotabato,Tupi,Tupi,Private Non-Sectarian,6.347179431,124.9363195,valid,False,v2,12,12063,1206317,1206317005
12066,Southern Baptist College,Region XII,12 - Soccsksargen,NORTH COTABATO,Cotabato,Mlang,Mlang,Private Non-Sectarian,6.949435793,124.8885548,valid,False,v2,12,12047,1204710,1204710002
12067,Southern Christian College,Region XII,12 - Soccsksargen,NORTH COTABATO,Cotabato,Midsayap,Midsayap,Private Sectarian,7.198805424,124.5386958,valid,False,v2,12,12047,1204709,1204709042
12068,Southern Mindanao Institute of Technology,Region XII,12 - Soccsksargen,Sultan Kudarat,Sultan Kudarat,Tacurong City,Tacurong City,Private Non-Sectarian,6.685938776,124.6681749,valid,False,v2,12,12065,1206511,1206511002
12155,Southern Philippine Technical College of Koronadal,Region XII,12 - Soccsksargen,South Cotabato,South Cotabato,Koronadal City,Koronadal City,Private Non-Sectarian,6.493096274,124.8516123,valid,False,v2,12,12063,1206306,1206306018
12069,Southern Philippines Methodist College,Region XII,12 - Soccsksargen,NORTH COTABATO,Cotabato,Kidapawan City,Kidapawan City,Private Sectarian,6.997339672,125.0869747,valid,False,v2,12,12047,1204704,1204704032
12146,Southpoint College of Arts and Technology,Region XII,12 - Soccsksargen,South Cotabato,South Cotabato,General Santos City,General Santos City,Private Non-Sectarian,6.107487221,125.169535,valid,False,v2,12,12308,1230800,1230800037
11022,St. Alexius College,Region XII,12 - Soccsksargen,South Cotabato,South Cotabato,Koronadal City,Koronadal City,Private Non-Sectarian,6.50474365,124.8377271,valid,False,v2,12,12063,1206306,1206306019
12119,Stratford International School,Region XII,12 - Soccsksargen,South Cotabato,South Cotabato,General Santos City,General Santos City,Private Non-Sectarian,6.1142256,125.1846887,valid,False,v2,12,12308,1230800,1230800011
12072,Sultan Kudarat Educational Institution,Region XII,12 - Soccsksargen,Sultan Kudarat,Sultan Kudarat,Tacurong City,Tacurong City,Private Non-Sectarian,6.686339955,124.674885,valid,False,v2,12,12065,1206511,1206511013
12074,Sultan Kudarat State University,Region XII,12 - Soccsksargen,Sultan Kudarat,Sultan Kudarat,Tacurong City,Tacurong City,SUC Main,6.66939777043461,124.629921620641,valid,False,v2,12,12065,1206511,1206511008
12074d,Sultan Kudarat State University-Bagumbayan,Region XII,12 - Soccsksargen,Sultan Kudarat,Sultan Kudarat,Bagumbayan,Bagumbayan,SUC Satellite,6.53119232643402,124.551134649388,valid,False,v2,12,12065,1206501,1206501009
12074a,Sultan Kudarat State University-Isulan,Region XII,12 - Soccsksargen,Sultan Kudarat,Sultan Kudarat,Isulan,Isulan,SUC Satellite,6.6342049252061,124.608838747975,valid,False,v2,12,12065,1206504,1206504012
12074c,Sultan Kudarat State University-Kalamansig,Region XII,12 - Soccsksargen,Sultan Kudarat,Sultan Kudarat,Kalamansig,Kalamansig,SUC Satellite,6.55768402689604,124.048606613972,valid,False,v2,12,12065,1206505,1206505015
12074b,Sultan Kudarat State University-Lutayan,Region XII,12 - Soccsksargen,Sultan Kudarat,Sultan Kudarat,Lutayan,Lutayan,SUC Satellite,6.57121419920941,124.876510839639,valid,False,v2,12,12065,1206507,1206507003
12074f,Sultan Kudarat State University-Palimbang,Region XII,12 - Soccsksargen,Sultan Kudarat,Sultan Kudarat,Palimbang,Palimbang,SUC Satellite,6.22145125673845,124.192456785732,valid,False,v2,12,12065,1206509,1206509031
12074g,Sultan Kudarat State University-Tacurong,Region XII,12 - Soccsksargen,Sultan Kudarat,Sultan Kudarat,Tacurong City,Tacurong City,SUC Satellite,6.69182111446746,124.678448436011,valid,False,v2,12,12065,1206511,1206511013
12172,UPM-School of Health And Sciences - Koronadal Campus,Region XII,12 - Soccsksargen,South Cotabato,South Cotabato,Koronadal City,Koronadal City,SUC Satellite,6.44722509331699,124.881954450844,valid,False,v2,12,12063,1206306,1206306005
12168,UST GENERAL SANTOS,Region XII,12 - Soccsksargen,South Cotabato,South Cotabato,General Santos City,General Santos City,Private Sectarian,6.160821998,125.2260411,valid,False,v2,12,12308,1230800,1230800015
12044,University of Southern Mindanao-Kidapawan City Campus,Region XII,12 - Soccsksargen,NORTH COTABATO,Cotabato,Kidapawan City,Kidapawan City,SUC Satellite,7.03117189960458,125.113821052451,valid,False,v2,12,12047,1204704,1204704039
12078,University of Southern Mindanao-Main,Region XII,12 - Soccsksargen,NORTH COTABATO,Cotabato,Kabacan,Kabacan,SUC Main,7.11569372846158,124.836683292505,valid,False,v2,12,12047,1204703,1204703019
12116,VMC Asian College Foundation,Region XII,12 - Soccsksargen,Sultan Kudarat,Sultan Kudarat,Tacurong City,Tacurong City,Private Non-Sectarian,6.693236385,124.6741554,valid,False,v2,12,12065,1206511,1206511013
12165,VMC Asian College of President Quirino,Region XII,12 - Soccsksargen,Sultan Kudarat,Sultan Kudarat,PRESIDENT QUIRINO,PRESIDENT QUIRINO,Private Non-Sectarian,6.686001096,124.6746382,valid,False,v2,12,12065,1206511,1206511013
12139,Villamor College of Business and Arts,Region XII,12 - Soccsksargen,South Cotabato,South Cotabato,General Santos City,General Santos City,Private Non-Sectarian,6.113379076,125.1702254,valid,False,v2,12,12308,1230800,1230800035
12148,West Celebes College of Technology,Region XII,12 - Soccsksargen,Sultan Kudarat,Sultan Kudarat,Lebak,Lebak,Private Non-Sectarian,6.633552291,124.064394,valid,False,v2,12,12065,1206506,1206506027
12124,i-Link College of Science and Technology,Region XII,12 - Soccsksargen,NORTH COTABATO,Cotabato,Midsayap,Midsayap,Private Non-Sectarian,7.208514713,124.5395695,valid,False,v2,12,12047,1204709,1204709042
,,,,,,,,,,,valid,False,v2,,,,
